stop_id,name,degree,in_degree,out_degree,pagerank,betweenness
1,Millwood Rd at McRae Dr South Side,3,1,2,9.105328771675324e-05,0.0021143662271373882
2,Bathurst St at Horsham Ave,2,1,1,0.0001139711945084793,0.008906316461080392
3,Royal York Rd at King Georges Rd,3,1,2,0.00015281515565130485,0.005347700003544591
4,Finch Ave West at Driftwood Ave,2,1,1,6.657136859804622e-05,0.004365110591237771
5,Lawrence Ave East at Wanless Cres (West),2,1,1,0.00011393582691955552,0.008366333907694475
7,Kennedy Rd at Huntingwood Dr,2,1,1,0.00010345961402003626,0.0013063589961718417
8,Shorncliffe Ave at Newbridge Rd South Side,2,1,1,8.886363310428374e-05,0.0017745930165113495
9,Warden Ave at Tower Dr,2,1,1,0.0001093932993472657,0.00020097830710336028
10,Thirtieth St at Alhena Ave,0,0,0,1.6598932385570904e-05,0.0
11,Birchmount Rd at Harvest Moon Dr,2,1,1,3.675930382005701e-05,0.0026127179923436834
12,Brown's Line at Woodbury Rd,2,1,1,0.00018394891014003137,0.00698066933775143
13,Pharmacy Ave at Huntingwood Dr,2,1,1,0.00011062853171393727,0.00020097830710336028
14,Pharmacy Ave at Rosscowan Gate South Side,2,1,1,0.00011062853171393727,0.0003014674606550404
16,Underhill Dr at Broadlands Blvd,2,1,1,5.3290559772812806e-05,0.031932089320009356
17,St Clair Ave East at Santamonica Blvd,6,4,2,0.00033515102615276995,0.023765213752054464
18,Driftwood Ave at Finch Ave West,2,1,1,9.78004947731511e-05,0.0006981071884304552
19,Rexdale Blvd at Martin Grove Rd,2,1,1,9.486557921939062e-05,0.0013357347937048064
20,Willowdale Ave at Northwood Dr,2,1,1,0.00010266782116141745,0.0008283709059974479
21,Dovercourt Rd at Geary Ave North Side,2,1,1,0.00010158907500214237,0.0012659506592939175
22,Drewry Ave at Marthon Cres (East),2,1,1,0.00011062853171393727,0.0008039132284134411
23,Post Rd at Bayview Ave East Side,2,1,1,3.347715945696602e-05,0.00609889915132365
24,Queens Quay West at Rees St West Side,3,1,2,0.00011536187927680246,0.005439331310499145
25,Albion Rd at Finch Ave West,2,1,1,9.903330287779627e-05,0.007929604423649511
26,Middlefield Rd at Passmore Ave,2,1,1,9.575898524541692e-05,0.0017896639727775416
28,Eglinton Ave East at Laird Dr East Side,3,2,1,0.00024130992757557084,0.017968733774653085
29,Lesmill Rd at Valleybrook Dr West Side,2,1,1,5.5882322871947356e-05,0.0023309230114844748
30,Huntingwood Dr at Garrybrook Dr,2,1,1,0.00011062853171393727,0.0007288565149581739
31,Davenport Rd at Osler St,2,1,1,0.00016721739481733583,0.01732604428771645
32,Yonge Blvd at Dunster Ave North Side,2,1,1,6.83742548186398e-05,0.00010048915355168014
33,185 Graydon Hall Dr,2,1,1,9.552870399822319e-05,0.006265950659293917
34,Eglinton Ave East at Beachell St,2,1,1,0.00014528581404898853,0.0
35,Keele St at Greenbrook Dr South Side,3,2,1,0.00016745755735394653,0.006932038948747174
36,College St at Elizabeth St,2,1,1,0.00011062853171393727,0.00407471994062113
37,Le Page Crt at Keele St East Side,2,1,1,5.004076265446009e-05,0.0006170778392173543
40,Jones Ave at Baird Ave,2,1,1,9.499638182768248e-05,0.0005965546575925139
42,Dufferin St at Gordon St,2,1,1,9.030797671560382e-05,0.0
44,Evans Ave at Gair Dr,2,1,1,0.00021360640168648106,0.009465652913653764
45,Longbourne Dr at Redgrave Dr,2,1,1,0.00010817466164523372,0.0006954487452148022
46,Huntingwood Rd at Ridgecrest Dr,2,1,1,8.685431867460301e-05,0.0018365589111016588
48,Elmhurst Dr at Muncey Ave,2,1,1,0.00012075149501510106,0.0
50,Islington Ave at Norseman St,2,1,1,0.00014123569107736512,0.013907031318856072
51,McNicoll Ave at Midland Ave,2,1,1,0.00011707298878290816,0.00557475542322416
52,Wilson Heights Blvd at Clifton Ave,2,1,1,8.926233227650931e-05,0.0013173472281298737
53,Progress Ave at Estate Dr (West),2,1,1,9.78299646791085e-05,0.00020097830710336028
54,Steeles Ave East at Midland Ave,4,2,2,0.00011030851487056815,0.006392698188077814
56,Bayview Ave at Hillcrest Ave,2,1,1,0.00011062853171393727,0.007024138664398129
57,Willowridge Rd at Richgrove Dr,2,1,1,0.00010885233952283147,0.000494470438111442
58,Victoria Park Ave at Furnival Rd,2,1,1,0.00010873895867337963,0.009573054019566143
60,299 Norfinch Dr,2,1,1,0.00010231508502637885,0.005638150432440098
61,Kipling Ave at Hayhurst Rd,2,1,1,0.00014704428303294282,0.00020097830710336028
62,Moore Ave at Orchard Green,2,1,1,9.172541035083249e-05,0.0027049469830467275
63,Islington Ave at Finch Ave West South Side,3,2,1,0.00011273164950208124,0.004764586264437392
64,105 Ironside Cres,2,1,1,4.8391168755441714e-05,0.00040195661420672056
65,Martin Grove Rd at Finch Ave West,2,1,1,9.327064514770997e-05,0.003024723521905572
66,Sheppard Ave West at Yatescastle Dr,2,1,1,0.00010418100244745073,0.00010048915355168014
68,King St West at Jameson Ave,2,1,1,7.796079468976131e-05,0.0023318302579787057
69,Bayview Ave at Wilket Rd,2,1,1,8.86032746400685e-05,0.005163194233456887
71,Trethewey Dr at Brookhaven Dr,2,1,1,9.303914899505843e-05,0.00020097830710336028
72,Hullmar Dr at Hisey Cres (South) North Side,2,1,1,9.220400488005372e-05,0.00025661066212959025
73,Davisville Ave at Forman Ave,2,1,1,0.00012643804681222284,0.012924497314372705
74,Warden Ave at Murray Glen Dr,2,1,1,0.00010110019629425222,0.0003014674606550404
76,Calvington Dr at Keele St West Side,2,1,1,4.0815225862528084e-05,0.0030562172125336738
77,Main St Markham North at Bullock Dr,2,1,1,0.00011062853171393727,0.005735857082092726
79,Moore Ave at Brendan Rd,2,1,1,9.311939343078669e-05,0.0003310293492131008
80,Pharmacy Ave at Princeway Dr,2,1,1,0.00011062853171393727,0.0057262866865163764
81,Oakwood Ave at Highview Cres,2,1,1,0.00015776449662877767,0.011380168532350295
83,Weston Rd at Coral Gable Dr,3,1,2,0.00011912906168224163,0.0005322140021470094
84,Bathurst St at Fort York Blvd,4,2,2,0.00014171377739822963,0.001034909157197545
85,McNicoll Ave at Warden Ave,2,1,1,0.0001261571725362405,0.006378668651637601
86,Queen St East at Ontario St,2,1,1,0.00010536388460563305,0.001247474513970732
87,South Dr at Glen Rd,2,1,1,0.00011062853171393727,6.412325344288435e-06
88,Albion Rd at Martin Grove Rd East Side,2,1,1,0.00011062853171393727,0.005546127062364139
89,Glencairn Ave at Danesbury Ave,2,1,1,9.519301843753414e-05,0.0035344751843050443
90,84 Davisville Ave - Salvation Army,2,1,1,0.00013160959534548418,0.00808874389823986
91,Sheppard Ave East at Greenbriar Rd,2,1,1,0.00010716686408336918,0.014302734651921167
92,Bellamy Rd North at Banmoor Blvd North Side,2,1,1,7.474674835835233e-05,0.0013063589961718417
93,McLevin Ave at Greenspire Rd,2,1,1,0.00012120446182312396,0.007432196064958719
94,York Mills Rd at Harrison Rd,2,1,1,0.0001386227824240103,0.00010048915355168014
95,Warden Ave at Denison St North Side,2,1,1,6.76850712888147e-05,0.0034995746490854955
96,Lawrence Ave West at Scarlett Rd,2,1,1,0.00012055055306897921,0.00048809017439387494
98,Sheppard Ave East at Conlins Rd East Side,2,1,1,0.00012086324210599649,0.006068960017014036
99,Royal York Rd at Trehorne Dr,2,1,1,8.396032405934696e-05,0.000983623989791578
100,Avenue Rd at Lonsdale Rd South Side,2,1,1,9.4179503539129e-05,0.0034676733304976606
101,601 Milner Ave,2,1,1,9.763510789767923e-05,0.0015073373032752021
103,Wynford Dr at Don Mills Rd East Side,3,2,1,0.0001965408899887307,0.0088883150027344
104,Weston Rd at Fern Ave South Side,2,1,1,0.00014407323905826305,0.01803306698264163
105,St Clair Ave East at Victoria Park Ave West Side,2,1,1,9.15520267973317e-05,0.01038144156770866
106,Runnymede Rd at Maher Ave South Side,2,1,1,0.0001487524052723535,0.0033118885580604
107,Rathburn Rd at Pheasant Lane,2,1,1,9.146658402904109e-05,0.005078739792824893
108,McNicoll Ave at Markham Rd,0,0,0,1.6598932385570904e-05,0.0
110,Bay St at Dundas St West,2,1,1,0.00010595515294911878,0.008512805220103687
111,Dundas St West at Sterling Rd,3,1,2,0.00019307585324789486,0.015136037988327942
112,Church St at Weston Rd,2,1,1,9.612971973368021e-05,0.0035695581667375587
114,Royal York Rd at Darlingbrook Cres South Side,2,1,1,0.00014093860761627946,0.0038595278604849
115,Heathrow Dr at Chesham Dr,2,1,1,6.360503913128908e-05,0.0006125053168864313
116,Horner Ave at Alderbrae Ave,2,1,1,0.00010349149397395139,0.00017003402807316037
117,St Clair Ave East at Glen Eden Cres,3,2,1,0.0001764749603064223,0.008400148872820076
119,Kingston Rd at Eastwood Ave,2,1,1,0.00019305118730470112,0.0013345536853618522
120,Markham Rd at Edward Jeffreys Ave,2,1,1,0.00011062853171393727,0.0029062101233517652
121,Leslie St at Commissioners St North Side,2,1,1,8.542892648902422e-05,0.005564919183326245
122,Brimley Rd at Larkhall Ave North Side,2,1,1,8.774908870604688e-05,0.0008039132284134411
123,Brimley Rd at Progress Ave,2,1,1,4.396400788452799e-05,0.002110272224585283
125,St Regis Cres at St Regis Cres North West Side,2,1,1,4.6362795383122525e-05,0.000805103198233781
126,Canarctic Dr at Keele St,2,1,1,7.02498256299086e-05,0.000375903870693322
127,McCowan Rd at McNicoll Ave,2,1,1,0.00013234331302313884,0.010187686091025097
128,Kennedy Rd at Village Green Sq,2,1,1,0.00011062853171393727,0.0048346448319863886
129,Prince Edward Dr South at Meadowvale Dr,2,1,1,0.0001356304472477114,0.027641429179072734
130,Elmhurst Dr at Henley Cres West Side,2,1,1,9.982441348904507e-05,0.0
131,McNicoll Ave at Brahms Ave,2,1,1,0.00011031896257685723,0.0064803097972493985
132,Foxwell St at Bruton Rd East Side,2,1,1,0.0001287174287906491,0.009052737605746965
133,Burnhamthorpe Rd at Old Burnhamthorpe Rd (East),2,1,1,0.00011233877730984119,0.006531263292216078
134,Claireport Cres (West) at Albion Rd,2,1,1,0.00011062853171393727,0.006623245427477669
135,Danforth Rd at Mack Ave,2,1,1,0.00011637580853494006,0.010861148397834289
136,1216 Lansdowne Ave,2,1,1,0.00011332736517510064,0.004522011909825607
137,Marlee Ave at Ridelle Ave,2,1,1,9.962893804641839e-05,0.0002714650300783861
138,St Clair Ave West at Runnymede Rd West Side,3,2,1,0.00010982077702050705,0.006835463041731651
139,Bay St at Harbour St South Side - Ferry Docks Terminal,2,1,1,0.00016747535179947683,0.011363253474528975
140,Royal York Rd at York View Dr,2,1,1,0.00020349166695955012,0.0029237558485750745
141,Glencairn Ave at Glenmount Ave,2,1,1,6.867450962821437e-05,0.004137410105615125
142,Opposite 3400 Keele St,2,1,1,0.00011568528878661149,0.00020097830710336028
143,Denton Ave at Madelaine Ave,3,2,1,0.00010920716713455386,0.005408336877924288
144,Davenport Rd at New St,2,1,1,8.689352422875982e-05,0.004778755879397604
145,Cosburn Ave at Donlands Ave West Side,2,1,1,0.0001226221436210021,0.005850272565234284
146,Leslie St at Bannatyne Dr North Side,2,1,1,8.03348463290845e-05,0.006157287540900896
147,Woodsworth Rd at Hopperton Dr (East),2,1,1,9.269023982283947e-05,0.005734793704806465
148,Tapscott Rd at Newgale Gate,3,2,1,8.997380738369189e-05,0.0007757337303275203
149,Kipling Ave at Goswell Rd,2,1,1,0.00015525109181198057,0.006030462792059858
150,McLevin Ave at Tapscott Rd,2,1,1,9.689694806304402e-05,0.006882727208280164
151,Arleta Ave at Medal Lane,2,1,1,8.10156289672358e-05,0.0012005529561888559
152,Elmhurst Dr at Genthorn Ave,2,1,1,9.235135650499922e-05,0.00040195661420672056
153,Donlands Ave at Memorial Park Ave,2,1,1,0.00010600053452480501,0.0020562172125336733
154,Birchmount Rd at Eglinton Ave East,2,1,1,0.00011062853171393727,0.0005180774138664399
155,Davenport Rd at Symington Ave,3,1,2,0.00013308367094379628,0.011403521669738174
156,Yonge St at Blythwood Rd,2,1,1,0.00010453401335312946,0.007134534949666808
157,McCowan Rd at St Andrews Rd,2,1,1,0.00010483518824471122,0.0012021480221182477
159,Davisville Ave at Acacia Rd,2,1,1,0.00014223342292853122,0.013225964775027747
160,Yonge St at Bloor St West - Bloor Station,2,1,1,0.00010360069903684308,0.004982826456826883
161,Overlea Blvd at William Morgan Dr West Side,4,2,2,0.00020747640023079843,0.0006029349213100808
164,St Clair Ave East at Inglewood Dr,2,1,1,0.00017550466031592717,0.003067478884365315
165,Martin Grove Rd at Walkway to 308 Silverstone Dr,2,1,1,0.00016749401926329893,0.004980881362540763
166,Martin Grove Rd at Redgrave Dr (North),2,1,1,8.934180961180256e-05,0.002304338579327946
167,Emmett Ave at Jane St,2,1,1,8.726045177846986e-05,0.0008669825783354601
169,Albion Rd at Elmhurst Dr,3,2,1,0.0001664487983827883,0.024128557998254405
170,Arrow Rd at Finch Ave West,3,1,2,6.0994106601059156e-05,0.00400676812376621
171,Leslie St at Castlebury Cres,2,1,1,8.058121110308242e-05,0.0023884605841485895
173,Bathurst St at Saranac Blvd,2,1,1,0.00010294102790054302,0.0058071033602722245
175,Lawrence Ave East at Birchmount Rd,4,2,2,0.00011269904325913443,0.00854278471776345
176,Don Mills Rd at Chipping Rd,2,1,1,0.00010522849073589275,0.00010048915355168014
177,225 Rexdale Blvd,2,1,1,0.0001010761562998937,0.0010399990167767805
178,Kingston Rd at Cromwell Rd West Side,4,2,2,0.000226613518724184,0.0047710675295213785
179,Spadina Ave at Queen St West North Side,2,1,1,0.00011454575515173817,0.0019045087196937474
180,Sheppard Ave East at Willowdale Ave,2,1,1,0.0001091011664114695,0.00951690579996354
181,Albion Rd at Westmore Dr East Side,2,1,1,0.00011062853171393727,0.005819332199064228
182,Bathurst St at Walkway to Crown Heights Cres,2,1,1,6.634450844817431e-05,0.002713207145895364
183,Coxwell Ave at Mortimer Ave - Michael Garron Hospital,2,1,1,0.00010622198474408455,0.012667483073427351
184,Warden Ave at Huntingwood Dr,2,1,1,0.00011551097899919005,0.00010048915355168014
185,Finch Ave West at Edithvale Dr,2,1,1,0.0001181646073567057,0.0023254288955054585
186,Victoria Park Ave at Sparks Ave,2,1,1,0.00010308373601363975,0.00010048915355168014
187,Bellamy Rd North at Benleigh Dr South Side,2,1,1,0.00010398273188125777,0.005743300723096555
188,Horner Ave at Kipling Ave,2,1,1,8.438206414506532e-05,0.0009739472564866016
189,Wilmington Ave at Codsell Ave,2,1,1,0.00011062853171393727,0.01018236920459379
190,Kennedy Rd at Summer Dr North Side,2,1,1,9.023004851329216e-05,0.0009283283709059975
191,The Queensway at St Lawrence Ave,2,1,1,0.00010074536317934037,0.004729567425424961
192,Brimley Rd at Shediac Rd,2,1,1,9.557193271990532e-05,0.0007008950373476108
193,Birchmount Rd at Risebrough Circt (South),2,1,1,0.00011062853171393727,0.00010048915355168014
195,Bathurst St at Baycrest Ave,2,1,1,9.81038380756115e-05,0.0013696299447043812
196,Dovercourt Rd at Shanly St,2,1,1,8.177736546747852e-05,0.0038703957492635093
197,Lawrence Ave East at Morning Dew Rd,2,1,1,9.774931944597063e-05,0.00946730114844747
198,Weston Rd at Denison Rd West,2,1,1,9.620891597921825e-05,0.0003014674606550404
199,Bathurst St at Woburn Ave,2,1,1,0.00011889927177087688,0.001108570820927265
200,Atkinson Ave at Rosedale Heights Dr (South),2,1,1,0.00011062853171393727,0.0012058698426201616
201,Opposite 700 Arrow Rd,3,1,2,0.0001630494448103361,0.00758052746735754
202,Parliament St at Bloor St East,3,1,2,0.00018691851432291764,0.006752291625856066
203,Greenwood Ave at Athletic Ave,2,1,1,7.5351406978313e-05,0.001963348929533532
204,Hullmar Dr at Monaco Crt,2,1,1,9.176285645982679e-05,0.00503615482773288
206,Lake Shore Blvd West at Third St,2,1,1,0.00011030916835496547,0.004802683041645186
207,Sheppard Ave East at Victoria Park Ave,3,2,1,9.761692523176709e-05,0.0
208,Yonge St at Wellesley St West - Wellesley Station,2,1,1,0.00010631606629058716,0.004681358996171842
209,Victoria Park Ave at Sheppard Ave East,4,2,2,0.0001306685816682412,0.0022879367902762203
210,Wilson Ave at Murray Rd,2,1,1,0.0001838169800588532,0.00010045976372718548
211,Dupont St at Dufferin St,2,1,1,0.00011062853171393727,0.009941452604195563
212,Major Mackenzie Dr East at Ridgecrest Rd,2,1,1,0.00011062853171393727,0.006917269247128882
213,O'Connor Dr at Sandra Rd,3,2,1,0.00026911725095152175,0.018162354676647077
214,King St East at Sackville St,3,2,1,0.00016899265224606933,0.008032595889624815
215,Burnhamthorpe Rd at Shaver Ave North West Side,2,1,1,0.0001109883570005061,0.007134198213526159
217,Pharmacy Ave at Dawes Rd North Side,2,1,1,0.00011022389329539708,0.0047049128030625265
218,The East Mall at Capri Rd North Side,2,1,1,9.970840877705875e-05,0.003146683353510235
219,2666 Danforth Ave,4,1,3,0.00022331749217092172,0.023218262316768497
220,High Park Ave at Humberside Ave,2,1,1,7.89155609721135e-05,0.005965014887282008
221,Danforth Ave at Hillingdon Ave,2,1,1,0.00010503781023720853,0.011687341173063701
222,Martin Grove Rd at Richgrove Dr North Side,2,1,1,0.00018651097552560832,0.009527675549719825
223,Kennedy Rd at Forbes Rd South Side,2,1,1,0.00014024204562936452,0.015301624118915964
224,44 Coe Hill Dr,2,1,1,0.00011062853171393727,0.009563483623989791
225,Kingston Rd at Old Kingston Rd,2,1,1,8.173737321697164e-05,0.0023805472848433293
226,Chisholm Ave at Crewe Ave,2,1,1,0.00011062853171393727,0.011101593429964335
227,Wellesworth Dr at Faversham Cres,2,1,1,0.00011188070241716612,0.0016078264568268822
228,Coxwell Ave at Glebeholme Blvd,3,2,1,0.00010149645670726073,0.012968950534082393
229,Queen St West at Strachan Ave,2,1,1,0.0001128941964670164,0.00494795349757661
230,Chaplin Cres at Roselawn Ave,2,1,1,9.951124472819115e-05,0.0013254238318040957
231,10 Disco Rd,2,1,1,0.0001091685655341247,0.0001955284985112718
233,Willowdale Ave at Wedgewood Dr,2,1,1,9.07120543084163e-05,0.0017551042109740537
235,Martin Grove Rd at Waterbury Dr,2,1,1,9.042337019219977e-05,0.008028313576091581
236,Opposite 1792 Birchmount Rd,2,1,1,0.00011062853171393727,0.014613462356444068
237,Ceramic Rd at Le Page Crt,2,1,1,7.189611033689568e-05,0.0018964954122865651
238,Crosby Ave at Warren Cres,2,1,1,0.00010130908329057444,0.0004983089273105923
239,Rexdale Blvd at Frost St East Side,2,1,1,0.00010678246859427651,0.00547174074861761
242,Birchmount Rd at Opposite Walkway to Ambercroft Blvd,3,1,2,0.00011062853171393727,0.012804657592513825
244,Roywood Dr at Fortrose Cres (West),2,1,1,9.116276145818637e-05,0.006336665248830285
245,3370 Pharmacy Ave,2,1,1,0.00011062853171393727,0.0011053806890684815
246,Ameer Ave at Sultana Ave,2,1,1,0.00011848682519366194,0.0005024457677584007
247,Neilson Rd at Malvern Town Centre (East Entrance),2,1,1,9.126065644637579e-05,0.003977784276194527
248,Underhill Dr at Roanoke Rd,2,1,1,0.00011595096055016916,0.028430301626090372
249,Concorde Pl at Concorde Gate South Side,2,1,1,0.00018423950376432962,0.006832199064227988
250,Finch Ave West at Torresdale Ave West Side,4,2,2,0.00012645945863929168,0.009106040236171033
251,Queen St East at Saulter St East Side,2,1,1,0.0001170042479330665,0.0033987595708637576
252,Scarborough Golf Club Rd at Lawrence Ave East,2,1,1,9.856605691861228e-05,0.0037540963573502923
253,Warden Ave at Metropolitan Rd South Side,2,1,1,9.741246324162706e-05,0.00010048915355168014
255,Finch Ave East at Gaspe Rd East Side,2,1,1,0.00010063165802609735,0.0005024457677584007
256,Birchmount Rd at Denison St,2,1,1,6.527458355238901e-05,0.002311250531688643
258,Birchmount Rd at Opposite Walkway to River Grove Dr,3,1,2,0.0001047084754727446,0.016977137388345383
259,Neilson Rd at Neilson Park Dr,3,1,2,0.00010656551136796165,0.0014068102491007644
260,Bathurst St at Danby Ave,2,1,1,0.00011062853171393727,0.0022740323266695023
261,Drewry Ave at Yonge St West Side,2,1,1,0.00010310648821679945,0.0024117396852403232
262,Eglinton Ave West at Oriole Pkwy East Side,2,1,1,0.0002546332090624156,0.01579273398488521
263,St Clair Ave East at Herron Ave,2,1,1,7.674686989602706e-05,0.006044457305692496
264,Heathrow Dr at Jane St,2,1,1,9.449671923797634e-05,0.0021518148305685525
265,Lawrence Ave West at Benton Rd,3,2,1,0.00012277566123290354,0.019733714689618934
266,Islington Ave at Milady Rd,2,1,1,0.00010523089041770121,0.004231125325829707
267,Eglinton Ave East at Birchmount Rd,2,1,1,0.00010257383030945236,0.005520456204180166
268,Ellesmere Rd at Military Trail (East),3,1,2,0.000153134761364749,0.0064007201774797535
269,Humberline Dr at Huddersfield Rd,2,1,1,9.937356471014476e-05,0.0055327520204168455
270,Birchmount Rd at Danforth Ave,4,2,2,0.00017741373891096498,0.005407065457292885
271,Lansdowne Ave at Lappin Ave,2,1,1,0.00010709540569291484,0.004120055295618885
273,Cummer Ave at Yonge St,2,1,1,0.00011062853171393727,0.0047719941868708355
274,Broadview Ave at Dundas St East,3,1,2,0.0001067518989012858,0.018227291186889618
275,Ossington Ave at Leeds St South Side,3,1,2,0.00010482587297405927,0.006303902940466618
276,Neilson Rd at Sheppard Ave East,2,1,1,0.00010163785675494874,0.008214279384659011
277,McNicoll Ave at Don Mills Rd,2,1,1,0.00011018375979680772,0.006681288104352758
278,Lawrence Ave West at Roxaline St,2,1,1,0.00012041543455179282,0.0006890684814972352
279,St Clair Ave East at Mt Pleasant Rd West Side,3,2,1,0.0001810780094393621,0.0031679680379169952
280,Brown's Line at Horner Ave,2,1,1,0.000104064919492901,0.00711210277033331
281,375 Norfinch Dr,2,1,1,0.00010753284034313668,0.005537661278888419
283,Beechgrove Dr at Dunstall Cres,2,1,1,3.9212109962825795e-05,0.00665993194385368
284,Brimley Rd at Dallyn Cres,2,1,1,0.00010319711484781344,0.00029893842314089017
285,Weston Rd at Toryork Dr,2,1,1,0.00011727149228800716,7.693534666099531e-05
287,Gerrard St East at De Grassi St,2,1,1,0.00011153806575063107,0.01157954596659991
288,Coronation Dr at Manse Rd,2,1,1,9.16688816564875e-05,0.01533390046788601
289,Albion Rd at Carrier Dr,2,1,1,0.00011062853171393727,0.00722618034878775
290,Dufferin St at Supertest Rd,2,1,1,0.00010599052348259493,0.002330441959854976
292,Lawrence Ave East at Morningside Ave,3,2,1,7.726935479093416e-05,0.005358619982088238
293,The Bridle Path at Park Lane Cir,2,1,1,9.541904828765135e-05,0.00509400761580685
294,Humber College Blvd at Humberline Dr,4,2,2,0.0001471978510261882,0.005223667220958499
295,Airport Rd at Northwest Dr,2,1,1,9.226309082382929e-05,0.0028051892811569545
296,Avenue Rd at Dunblaine Ave,2,1,1,0.00011062853171393727,0.002110272224585283
297,Runnymede Rd at Deforest Rd,2,1,1,0.00010793489496536285,0.010467886005954913
298,715 Finch Ave West,4,2,2,0.0001977864623983625,0.010875142854089668
300,Queen St West at Brock Ave,2,1,1,0.00011062853171393727,0.0043450185762665275
301,William R Allen Rd at Sheppard Ave West South Side,3,1,2,3.103275821992249e-05,0.006341155064038943
302,Kingston Rd at Sandown Ave,2,1,1,0.00014663453256698355,0.0065455609156428
303,Commissioners St at Logan Ave,3,2,1,0.00019903249393198088,0.01218007626521349
304,Victoria Park Ave at Meadowacres Dr,4,2,2,0.00010892300789059952,0.0270537760620849
305,Don Mills Rd at Deerford Rd,3,1,2,0.00013359998802759418,0.002101198071742521
306,Lawrence Ave East at Markham Rd,3,2,1,0.00011453888510374523,0.01455978693904045
307,Rogers Rd at Gilbert Ave,2,1,1,9.829151099797039e-05,0.00020097830710336028
308,285 Cummer Ave - St John's Rehab Hospital,2,1,1,7.773939532969222e-05,0.0026425457252233094
309,Thirtieth St at Elder Ave,0,0,0,1.6598932385570904e-05,0.0
310,Martin Grove Rd at Rexdale Blvd South Side,2,1,1,8.182243462864707e-05,0.003784559761803488
311,Gerrard St East at University Ave,2,1,1,6.378947990624679e-05,0.00010048915355168014
312,Glencairn Ave at Englemount Ave,2,1,1,0.00011062853171393727,0.0063641221430460046
313,Bathurst St at Bainbridge Ave,2,1,1,0.00011062853171393727,0.0023745214802211824
314,Gerrard St East at Marjory Ave,2,1,1,0.00011613427827223571,0.004440969901359098
315,Fleet St at Strachan Ave,4,2,2,0.00020205508659333824,0.009670543956486111
316,Carrier Dr at Dansk Crt South Side,2,1,1,0.00011719715754933562,0.0010461638664398128
317,Finch Ave West at Wilmington Ave,2,1,1,0.00011072677566653603,0.0
318,Kennedy Rd at Brigstock Rd,2,1,1,0.00010594104865209057,0.0034155678434708635
320,Morningside Ave at Morningview Trail,3,1,2,0.0001956162652427951,0.005396043715960773
321,123 Wynford Dr,2,1,1,0.00010343540906059993,0.0
322,Opposite 1685 Finch Ave West - St Wilfreds School,2,1,1,6.170088478554792e-05,0.006280593617710802
323,Finch Ave East at Kenneth Ave,2,1,1,9.920514661560331e-05,0.0005295618885580605
324,Royal York Rd at The Queensway,2,1,1,9.0816561197262e-05,0.00026424925563589964
325,Rathburn Rd at Islington Ave West Side,2,1,1,8.110584424083901e-05,0.0005148518360981142
326,Bayview Ave at Opposite Garnier Park,2,1,1,0.00010832681082112403,0.00843098681412165
327,Dundas St West at Nottingham Dr,2,1,1,8.57495920044323e-05,0.002714553718647722
328,6807 Steeles Ave West,2,1,1,9.730978169427201e-05,0.0009231887140224019
329,Opposite 400 Rockcliffe Blvd - Rockcliffe Middle School,2,1,1,7.583445934394437e-05,0.0007032183460902984
330,Old Weston Rd at Turnberry Ave,2,1,1,0.00014210493310732976,0.0022808808744486935
331,Laurentide Dr at Barnwood Crt East Side,2,1,1,5.619541218470153e-05,0.005151406582925086
332,Bay St at Wellesley St West,2,1,1,0.00010603086886193074,0.0027190966200961947
333,Kennedy Rd at Cowdray Crt,2,1,1,8.823765236108517e-05,0.002009783071033603
334,Finch Ave West at Yonge St West Side,3,2,1,0.00010932100982338129,0.0018500992485467177
335,Denton Ave at St Dunstan Dr,2,1,1,0.00011062853171393727,0.0014680944055944058
336,Sheppard Ave West at Maxwell St,2,1,1,0.00013128067848942497,0.00010048915355168014
337,McCowan Rd at Alton Towers Cir (North),2,1,1,0.000152250496794877,0.010589642705231817
338,Donlands Ave at Torrens Ave,2,1,1,8.085561327521857e-05,0.004183807295780925
339,Sheppard Ave East at Doris Ave,4,1,3,0.00019983636508243984,0.014503613583885279
340,800 Royal York Rd,2,1,1,0.00010899137366631974,0.0012005529561888559
341,Lawrence Ave East at Warden Ave,4,2,2,0.00011615446142672348,0.008844252178418492
342,Humberline Dr at Viewcrest Cir,3,1,2,0.00016297171367957134,0.006405386005954913
343,Avenue Rd at Balmoral Ave North Side,2,1,1,0.00013153883387021162,0.0006539770310506168
344,St Clair Ave East at Westview Blvd,2,1,1,0.0001036915086735172,0.009878995799950259
345,2002-2012 Sheppard Ave West,3,2,1,0.00013457790143767953,0.01291072083813205
346,Finch Ave West at Highway 27,3,1,2,0.00011571191263697709,0.0025696768976918045
347,Kipling Ave at Tyre Ave,2,1,1,0.00017322664152232052,0.006231441099163219
348,Markham Rd at Lawrence Ave East,4,2,2,0.00011031385213001074,0.02583922317934441
350,Leslie St at Southwell Dr North Side,2,1,1,8.474530618967296e-05,0.0003918545299872395
352,Opposite 111 Disco Rd,4,2,2,0.0001604538502527456,0.005963242591804906
353,Midland Ave at Wilkie Ave,2,1,1,8.997618003861815e-05,0.0016776548986246987
355,Leslie St at Ballyronan Rd,2,1,1,8.69017450920494e-05,0.00029136537643555935
356,Opposite 25 Kodiak Cres,2,1,1,0.00011062853171393727,0.00020097830710336028
358,Culford Rd at George Anderson Dr,2,1,1,9.760276336004631e-05,0.0028982347937048067
360,Warden Ave at Glenbourne Park Dr,2,1,1,0.00011062853171393727,0.007032645682688218
361,Finch Ave East at Bridletowne Circle (East),2,1,1,9.774347230097165e-05,0.0
362,Varna Dr at Rondale Blvd North Side,2,1,1,5.51763232220598e-05,0.0031151637601020844
363,Brimley Rd at Arnprior Rd South Side,2,1,1,9.43589116715307e-05,0.000801384190899291
364,Ellesmere Rd at Zaph Ave,2,1,1,0.0001292243770005073,0.006612332257445726
365,185 Yorkland Blvd,2,1,1,7.304989738572158e-05,0.003857564435103405
367,Brimley Rd at Danjohn Cres (North) South Side,2,1,1,8.050924881210502e-05,0.0
368,Eglinton Ave West at Islington Ave,2,1,1,0.00012205716896161446,0.001792691810965821
369,Victoria Park Ave at Dawes Rd,2,1,1,0.00012264700904603633,0.013434883078473441
370,Brimley Rd at Grittani Lane South Side,2,1,1,0.00011062853171393727,0.0
371,Kingston Rd at Lee Ave,2,1,1,9.95253635016374e-05,0.006977881752445768
372,Leslie St at Kirkwood Rd,3,2,1,0.00018926036999289986,0.013690899124624137
373,Jane St at Ardagh St,3,1,2,0.00020518495239439232,0.0443595016448698
374,Stephen Dr at Whitworth Ave,2,1,1,8.636216338016783e-05,0.007195260609233387
375,Woodbine Ave at Sammon Ave,2,1,1,0.00011452525238043405,0.0037587157897398223
376,Main St Markham North at Ramona Blvd - Markham GO Station,2,1,1,0.00010137581536671066,0.003308166737558486
377,Broadview Ave at Withrow Ave,2,1,1,0.00017066086012558612,0.02145604136411916
378,McNicoll Ave at Placer Crt,2,1,1,0.00011062853171393727,0.005572681837515951
379,125 The Queensway,4,2,2,0.00016771986369936576,0.00733403134509047
380,Rexleigh Dr at St Clair Ave East,2,1,1,0.00011062853171393727,0.0005892882461363959
382,Dixon Rd at Wincott Dr,2,1,1,0.00010181433546037295,0.0
383,Brimley Rd at Gully Dr South Side,2,1,1,9.967814223837439e-05,0.0003994275766925703
384,Broadview Ave at Jack Layton Way,2,1,1,0.00015245478390520537,0.021255063057015803
385,St Clair Ave East at Selwyn Ave,2,1,1,0.0001014745542085107,0.01007997410705362
386,St Clair Ave East at Andrew Ave,2,1,1,0.00011515635723597373,0.0
387,Kipling Ave at Genthorn Ave,2,1,1,0.00010885900145605972,0.004228444223505474
388,The Queensway at South Kingsway,3,2,1,0.0001229643966712303,0.0035881834833557504
390,60 Park Lane Cir,2,1,1,7.057379079187975e-05,0.005696942537116931
391,Opposite 225 Carrier Dr,2,1,1,0.00011501716293779376,0.0015486096341982135
394,Leslie St at Marowyne Dr,2,1,1,0.00010514020442883512,0.001484058202183468
395,Lawrence Ave East at Tremont Cres (West) West Side,3,1,2,0.00014478241077727942,0.003915634822429803
396,Progress Ave at Sheppard Ave East South Side,2,1,1,7.288682814660882e-05,0.006968328999629823
397,Lansdowne Ave at Davenport Rd,2,1,1,0.00011062853171393727,0.0012058698426201616
398,Chesswood Dr at Vanley Cres (South)  South Side,2,1,1,0.0001026681824747357,0.000703424074861761
399,Milner Ave at Neilson Rd,2,1,1,0.00010453144246101029,0.000517333049766057
400,Peckham Ave at Donnalyn Dr South Side,2,1,1,0.00011062853171393727,0.0020034028073160357
401,Ellesmere Rd at Morrish Rd,2,1,1,0.00012393815464836026,0.006411353950342365
402,Tapscott Rd at McLevin Ave,3,2,1,0.00017894495855084279,0.00392333049766057
403,Eglinton Ave West at Scarlett Rd,2,1,1,0.00011559024733851566,0.0012902460432074204
404,Weston Rd at Bartonville Ave West,2,1,1,0.00010589074387770464,0.0
406,Evans Ave at Sherway Gate West Side,3,2,1,0.00023903660412968238,0.00956401531263292
407,Mimico Ave at Royal York Rd,2,1,1,0.00011215881693447613,0.0021823402033950734
408,Finch Ave West at Halesia Dr,2,1,1,0.00011781349355849277,0.0026701660512434846
409,Midland Ave at Dorcot Ave,2,1,1,9.649074935738882e-05,0.0026993832411739685
411,Trethewey Dr at Brookhaven Dr,2,1,1,6.434815706844705e-05,0.0013659213611330353
412,McCowan Rd at Big Red Ave North Side,2,1,1,9.466333225705727e-05,0.007543066780093578
414,Brenyon Way at Sheppard Ave East,2,1,1,8.668050565594735e-05,0.0013212462781794982
416,Triton Rd at Brimley Rd,12,6,6,0.0005375872028725897,0.1859969030784624
417,Belfield Rd at Shaft Rd West Side - Etobicoke North GO Stati,2,1,1,3.936709467390667e-05,0.0017279912274676297
418,Islington Ave at Kingsview Blvd,2,1,1,0.00011524132527392228,0.00020097830710336028
419,Kipling Ave at Redwater Dr,2,1,1,0.00010962591066955595,0.004490373298266101
421,Sutherland Dr at Bayview Ave,2,1,1,9.83424820313608e-05,0.007906094924145757
422,North Queen St at Medulla Ave,2,1,1,0.00014842217071186494,0.0052360697575499805
424,Brimley Rd at Eglinton Ave East,2,1,1,0.00011062853171393727,9.796011603752992e-05
425,Victoria Park Ave at Meadow Ave,3,1,2,0.00012934110898098151,0.006274863713459931
426,Avenue Rd at Bloor St West North Side,2,1,1,0.00014537069465421097,0.0012569119523606976
427,Middlefield Rd at Nashdene Rd North Side,2,1,1,8.690552102220294e-05,0.008174801502906564
428,Belfield Rd at Shaft Rd - Etobicoke North GO Station,2,1,1,9.211649623089838e-05,0.0009442430351495841
429,Prince Edward Dr South at Fairmar Ave,2,1,1,0.00011529002418716994,0.01180065902125664
430,75 Norfinch Dr,2,1,1,9.14942166237363e-05,0.0014016553239756132
431,Royal York Rd at Yorkleigh Ave,2,1,1,8.968743103080227e-05,0.0036324290456293106
432,275 Grandravine Dr,2,1,1,0.00010345871802094312,0.0051323904721395155
433,Clonmore Dr at Cornell Ave,2,1,1,6.709990105594466e-05,0.007228625727030661
434,Leslie St at Lesmill Rd,2,1,1,8.468730884844786e-05,0.0060567983873492165
436,Progress Ave at William Kitchen Rd West Side,2,1,1,8.115599609334373e-05,0.0016925216093455675
437,Midland Ave at Wolfe Ave,2,1,1,0.00011062853171393727,0.0003688418449252892
438,Colonel Samuel Park at Opposite Humber College Cottages C-M,2,1,1,0.00011956598126818782,0.0
439,Jones Ave at Gerrard St East North Side,2,1,1,7.83197503998025e-05,0.0009985112717992345
440,Arrow Rd at Pemican Crt North Side,2,1,1,4.499445178034303e-05,0.007279060006702499
442,Ellesmere Rd at Dolly Varden Blvd West Side,2,1,1,0.00017045779254909956,0.0
443,Lumsden Ave at Westlake Ave,2,1,1,0.00011062853171393727,0.011202082583516015
444,836 Davenport Rd East Side,2,1,1,9.894138802460609e-05,0.0071542432471824215
445,Gerrard St East at Malvern Ave,2,1,1,6.497562658428987e-05,0.01219428828119279
446,Brimorton Dr at Dalehurst Ave,2,1,1,8.042268716487567e-05,0.0005146746065504041
447,Bloor St West at Colborne Lodge Dr,2,1,1,8.348302117408346e-05,0.013885092285396933
448,Thirtieth St at Elder Ave,2,1,1,3.323347044745632e-05,0.0050572510834952355
449,Royal York Rd at Glenroy Ave,2,1,1,0.00015573462552829283,0.002421310080816674
450,Progress Ave at Milner Ave,2,1,1,8.383197477340325e-05,0.0067673506925264625
452,Horner Ave at Connorvale Ave,2,1,1,9.451821760365491e-05,0.000672479795831561
453,Eglinton Ave East at Jonesville Cres,2,1,1,9.831704061358804e-05,0.019714815844866885
454,Islington Ave at The Westway South Side,4,2,2,0.000138286111548511,0.008025565634918037
455,Milner Ave at McCowan Rd East Side,2,1,1,5.19747259167558e-05,0.0025122288387920033
456,75 Tandridge Cres,2,1,1,9.071943530900931e-05,0.005689595854485794
457,Spadina Rd at Strathearn Blvd South Side,2,1,1,8.716586515951133e-05,0.007830980411204547
458,Runnymede Rd at Morningside Ave,2,1,1,0.00011062853171393727,0.010065929391748192
459,Victoria Park Ave at Combermere Dr South Side,2,1,1,0.00014229469409490398,0.00020097830710336028
460,Martin Grove Rd at Albion Rd,2,1,1,0.00016441260563842134,0.004589508884080575
461,Pape Ave at Harcourt Ave,2,1,1,9.679917303838397e-05,0.01973135759981783
462,Bayview Ave at Cummer Ave,2,1,1,0.00011062853171393727,0.0034548786230783252
463,Dundas St West at Bloor St West,5,2,3,0.00019559657572079965,0.005188906443053615
464,Queen St West at Palmerston Ave,2,1,1,0.00011375012523585427,0.00514893180467997
465,480 Gordon Baker Rd,2,1,1,4.642105365625141e-05,0.002127817949808592
466,Warden Ave at Kingston Rd,2,1,1,7.432444603860425e-05,0.003197040560254325
467,Scarlett Rd at Foxwell St South Side,2,1,1,5.282961149608455e-05,0.0006010740110591238
468,Evans Ave at Eastwick Rd West Side,2,1,1,8.476607876938526e-05,0.0009020004317632398
469,McCowan Rd at Bridlegrove Dr,2,1,1,6.0976449367280684e-05,0.0009313412732170707
470,Woodbine Ave at Bracebridge Ave North Side,2,1,1,0.00010659083843525649,0.0029548025613263815
471,Steeles Ave East at Lillian St East Side,2,1,1,0.00012507940635109158,0.0003014674606550404
472,O'Connor Dr at Woodmount Ave,2,1,1,0.0001548591483750245,0.01193320724716939
473,Steeles Ave West at Murray Ross Pkwy,3,1,2,0.00023668379613643134,0.023229179739439963
474,Brimley Rd at Heather Rd South Side,2,1,1,0.00011062853171393727,0.0
475,Finch Ave West at Humber College Blvd East Side,2,1,1,0.0001189925870027469,0.0027706552047951647
477,Carlton St at Ontario St,2,1,1,0.00011062853171393727,0.003471785019311049
478,Midland Ave at Lockie Ave North Side,2,1,1,0.00011062853171393727,0.006232454274776691
480,Dundas St West at Royalavon Cres,2,1,1,9.578481585656535e-05,0.010381885758876074
481,Finch Ave West at Tangiers Rd,3,1,2,0.00011360940435505202,0.005947145085171456
482,Birchmount Rd at Ellesmere Rd,2,1,1,0.00011062853171393727,0.0019249255635899617
483,Annette St at Clendenan Ave,2,1,1,8.96764125976894e-05,0.011147322446815726
484,Bathurst St at Marquette Ave,2,1,1,9.329010594278178e-05,0.0015706082518077414
485,Victoria Park Ave at Swanwick Ave,2,1,1,0.0001365091070577541,0.006475842020563291
486,Steeles Ave East at Putnam Gate,2,1,1,0.00016271395513110963,0.0
487,Middlefield Rd at Steeles Ave East,2,1,1,0.00011820478917202941,0.005959698000850702
489,Yorkdale Rd at Yorkdale Mall (North Entrance),3,2,1,0.00011083497711914843,0.0002195874096129307
490,Lawrence Ave West at Shermount Ave,4,2,2,0.00016276026462514097,0.00010664155070790545
491,Harbord St at St George St,2,1,1,9.179712561804452e-05,0.003128493953940572
492,Rathburn Rd at Cedarland Dr,2,1,1,0.00010553237979112978,0.0005151234693245042
493,Craigton Dr at Pharmacy Ave,2,1,1,8.187293950446422e-05,0.00514360910250957
494,McCowan Rd at Raymerville Dr (North),2,1,1,0.00010302427088764972,0.008424606550404083
495,Parliament St at Richmond St East,2,1,1,9.344392082517329e-05,0.005543193673616898
497,Sheppard Ave East at Murison Blvd West Side,2,1,1,0.00011770199057773459,0.0
498,Gerrard St East at Leslie St,2,1,1,0.0001160385123016165,0.0037301502906564583
499,Steeles Ave West at Emerald Lane,2,1,1,9.7911460668646e-05,0.0
500,Eglinton Ave West at Martin Grove Rd East Side,2,1,1,0.00013138179344983274,0.0021946484251725413
501,Opposite 685 Finch Ave West - St Bernard's Residence,2,1,1,0.00011066655834814754,0.00010048915355168014
502,Driftwood Ave at Wilmont Dr,2,1,1,0.00010277458555753139,0.005634836239897916
503,Eglinton Ave East at Torrance Rd West Side,4,2,2,0.00022498513496513849,0.005527966822628669
504,Bayview Ave at Millwood Rd,2,1,1,8.376370677611023e-05,0.001906901318587835
505,Albion Rd at Sanagan Rd,2,1,1,0.00011062853171393727,0.009854849000425351
506,2040 Don Mills Rd,2,1,1,0.00011385373024487045,0.0
507,Rogers Rd at Northcliffe Blvd,2,1,1,8.112373506433416e-05,0.0009044023819651212
509,Rathburn Rd at The East Mall East Side,2,1,1,0.00011062853171393727,0.007995895980125633
510,Sheppard Ave East at Walkway to Howell Sq,2,1,1,0.00010915860857472294,0.0
511,Roncesvalles Ave at Galley Ave,2,1,1,0.0001125171341896446,0.004775294408495705
512,Queen St East at Ontario St,2,1,1,8.790292234328392e-05,0.006555779954403492
513,Sheppard Ave East at Walkway to Hutcherson Sq,2,1,1,0.00010913116702856076,0.00010048915355168014
514,Lawrence Ave West at Brucewood Cres,2,1,1,0.00011686959909784601,0.0007095764720179862
515,Sheppard Ave East at Murison Blvd East Side,2,1,1,0.00012305690474011366,0.00010048915355168014
516,North Queen St at The Queensway,2,1,1,9.357196537165718e-05,8.826031475967674e-05
518,Yonge St at Wellesley St East - Wellesley Station,2,1,1,0.00011293493247357153,0.0068236920459379
519,Kingston Rd at Beech Ave,2,1,1,0.00010376553297988472,0.006676414291790727
520,Bathurst St at Walkway to Mullen Dr,2,1,1,0.00011062853171393727,0.0003014674606550404
521,St Clair Ave East at St Columba Pl,2,1,1,7.161774211951637e-05,0.00801183893378704
522,Albion Rd at Carrier Dr,2,1,1,0.00011062853171393727,0.0061207996597192685
523,Ellesmere Rd at Packard Blvd,2,1,1,0.00010648660849800926,0.00020097830710336028
524,Princess Margaret Blvd at Lloyd Manor Rd,2,1,1,9.529280290745853e-05,0.0008576137813696299
525,Kipling Ave at Kidron Valley Dr,2,1,1,0.0001061255837866155,0.00010048915355168014
526,Sherbourne St at Wellesley St East,2,1,1,0.00010982175569135164,0.0025122288387920033
527,Bay St at Elm St,2,1,1,0.00010513639507728868,0.0038943569709302653
529,Morningview Trail at Gennela Sq,3,1,2,7.46593601984258e-05,0.0034121830375001805
530,Warden Ave at Apartments (South of Finch),2,1,1,0.0001188322497291031,0.0003014674606550404
531,Wellesworth Dr at Gentian Dr,2,1,1,0.0001062663456036282,0.0003764355593364526
532,Bathurst St at Shelborne Ave,2,1,1,0.0001244432777571549,0.0015105274351339855
533,Jane St at Stanley Rd,2,1,1,0.00016298341623902841,0.00010048915355168014
534,Finch Ave West at Goldfinch Crt East Side,4,2,2,0.0001627246129509445,0.015078354253494177
536,Dufferin St at Auburn Ave,2,1,1,9.971662569457679e-05,0.0
538,McCowan Rd at Benleigh Dr,2,1,1,0.00010514279460333028,0.0011016588685665673
539,East Ave at Maberley Cres (North),2,1,1,9.094320742014628e-05,0.000703424074861761
540,College St at Bay St,2,1,1,0.00010360858910719617,0.003997355763849305
541,Sloane Ave at Sweeney Dr South Side,2,1,1,6.242933225504152e-05,0.004208014320147455
542,Lake Shore Blvd West at Colonel Samuel Smith Park Dr,2,1,1,0.00011031024956584343,0.005305128809403585
543,Finch Ave West at Virgilwood Dr - North York General Finch B,2,1,1,0.00014029719477944992,0.0
545,East Ave at East Willow Gate,2,1,1,9.412177324819181e-05,0.0006029349213100808
546,Caledonia Rd at Corby Ave,2,1,1,0.00010947513298425983,0.005225435984687367
547,Ossington Ave at Dundas St West,2,1,1,0.00011943471419944673,0.006498962966329754
548,Brimley Rd at Strode Dr South Side,2,1,1,0.00010208607824306433,0.00019844926958921004
549,Rockcliffe Blvd at Lambton Ave South Side,3,2,1,0.00013527779938953712,0.0028429729328283138
550,Kipling Ave at Rathburn Rd,4,2,2,0.00010612072860560903,0.00379067418119949
551,Upper Canada Dr at Lord Seaton Rd (East),2,1,1,0.00011062853171393727,0.0009044023819651212
552,Bathurst St at Wilson Ave,2,1,1,0.00011349807745470507,0.0005056358996171842
554,Martin Grove Rd at Vulcan St,2,1,1,0.00010415088328681485,0.007324889501229819
555,The East Mall at Bloor St West,2,1,1,8.052241496440051e-05,0.0038501074283719965
556,McNicoll Ave at Michael Dr,2,1,1,0.00011062853171393727,0.006279331490146038
557,Ellesmere Rd at Military Trail (East),6,2,4,0.00020882421622699543,0.0119311994895789
558,Lawrence Ave East at Meadowvale Rd,2,1,1,0.00010552807159091264,0.0036396568835956335
559,Wellesley St West at Queen's Park Cres East East Side,2,1,1,9.907250312463637e-05,0.002827026493285532
560,Davenport Rd at Belmont St,2,1,1,0.00010753284034313668,0.0022166508523377942
561,Wilson Ave at Murray Rd,2,1,1,0.00017303079701703341,0.0001515312632922161
562,Sheppard Ave East at Maris Shepway East Side,2,1,1,0.0001066169520457441,0.013699799730611088
563,Victoria Park Ave at Ivordale Cres (South) South Side,2,1,1,0.0001353620220799556,0.0
564,Bay St at Albert St,2,1,1,9.680741729965647e-05,0.003422520694957956
565,Laird Dr at Canvarco Rd,2,1,1,8.853358620494815e-05,0.003113745290757732
566,Coxwell Ave at Cosburn Ave,2,1,1,0.00010220977184714769,0.006113786433331309
567,McLevin Ave at Malvern St,2,1,1,9.154561935165964e-05,0.007184194668935204
569,Davisville Ave at Bayview Ave West Side,3,2,1,0.00018204618905769812,0.00879216797310162
570,Westlake Ave at Hamstead Ave,2,1,1,0.00011062853171393727,0.00010048915355168014
571,Sherbourne St at Gerrard St East,2,1,1,0.00011062853171393727,0.0011053806890684815
572,Bathurst St at Clark Ave West South Side,2,1,1,0.00011062853171393727,0.0005024457677584007
573,Spadina Rd at Bernard Ave South Side,2,1,1,0.00011062853171393727,0.006551308325872341
575,Keele St at Grandravine Dr,2,1,1,0.00011412955776181463,0.0
576,35 Thorncliffe Park Dr,2,1,1,9.577066449646064e-05,0.007031273775859101
578,Milvan Dr at Penn Dr (South),2,1,1,0.00010159943188243551,0.0006366971501488728
580,Midland Ave at Stubbswood Sq,2,1,1,0.00011062853171393727,0.00593098681412165
581,Drewry Ave at Grantbrook St,2,1,1,0.00011062853171393727,0.0006029349213100808
583,Mortimer Ave at Woodbine Ave,2,1,1,0.00011062853171393727,0.011403060890619376
584,295 Danforth Rd,2,1,1,7.938184440390368e-05,0.0022341995638465234
585,High Park Ave at Humberside Ave,2,1,1,9.426066375925791e-05,0.005563058273075287
586,Finch Ave East at Tollerton Ave,2,1,1,0.0001006686751486577,0.00010048915355168014
587,Sheppard Ave East at Midland Ave,5,2,3,0.00014175851531846883,0.05017199015590562
588,Jane St at Troutbrooke Dr North Side,2,1,1,0.00013966369228089802,0.00010048915355168014
589,Yonge Blvd at Yonge St West Side,2,1,1,2.918685314843543e-05,0.0005024457677584007
590,Kingston Rd at Parkcrest Dr,4,2,2,0.00011304695122028719,0.03172710904814265
591,Eglinton Ave East at Kingston Rd,2,1,1,0.000128740904173962,0.0013696299447043812
592,Consumers Rd at Victoria Park Ave West Side,3,2,1,5.453095481961343e-05,0.0031959320985267387
593,130 Bellamy Rd North,2,1,1,0.00011062853171393727,0.004838898341131433
595,Townsend Rd at Freshmeadow Dr,3,1,2,0.0001447063061943177,0.04817352554469731
596,Bradstock Rd at Weston Rd East Side,4,2,2,0.00010843930885693181,0.0075585640476307555
597,Islington Ave at The Queensway North Side,2,1,1,0.00018262808494270006,0.014308987933062794
598,Evans Ave at Arnold St West Side,2,1,1,9.195107080650088e-05,0.005434921310080816
599,Evans Ave at Islington Ave West Side,2,1,1,8.019669756481683e-05,0.0009974478945129733
600,Kennedy Rd at Linwood Ave,2,1,1,0.0001021921078642429,0.001406848149723522
601,Murison Blvd at Milner Ave North Side,2,1,1,0.00011062853171393727,0.0008039132284134411
602,Kingston Rd at Old Kingston Rd,2,1,1,0.00011973126189051571,0.0012195165177938463
603,The Queensway at Park Lawn Rd East Side,2,1,1,8.149222921188337e-05,0.0004402381965121225
604,Dundas St West at Humber Hill Ave,2,1,1,5.3491825536965434e-05,0.008490048560896074
605,Kingston Rd at McCowan Rd,4,2,2,0.0001343939517807944,0.01428314572319783
606,Kipling Ave at Ronson Dr,3,2,1,0.0001853226277318018,0.0009344218025924019
607,Opposite 3471 McNicoll Ave,2,1,1,0.00011014049104107981,0.0046746951651779394
609,Grantbrook St at Finch Ave West,2,1,1,0.00011062853171393727,0.0057374521480221185
610,Gerrard St East  at Glenmount Park Rd,2,1,1,0.00011980419318661516,0.004936020133276621
611,Lansdowne Ave at College St,2,1,1,0.00011062853171393727,0.0034166312207571247
612,Neilson Rd at Keeler Blvd,2,1,1,9.820578866312312e-05,0.002512190938169245
613,Markham Rd at Golden Ave,2,1,1,0.00011062853171393727,0.0049319438536792855
614,Pharmacy Ave at Opposite Walkway to Crayford Dr,2,1,1,0.00011062853171393727,0.0016078264568268822
615,Royal York Rd at Cavell Ave South Side,2,1,1,8.064589360301939e-05,0.0010018983484364453
616,Wilson Ave at Clyde Ave West Side,2,1,1,0.00013917827708418546,0.00010048915355168014
617,Opposite 1686 Albion Rd,2,1,1,0.00011062853171393727,0.0056183538919608676
618,Lawrence Ave West at Pine St,4,2,2,0.00015939604151350202,0.01773675776781818
619,Bayview Ave at Parkhurst Blvd North Side,2,1,1,9.121796813106302e-05,0.0017059230114844746
620,Spadina Ave at Front St West North Side,2,1,1,0.00011556121058998206,0.0022059761803487877
621,Steeles Ave West at Carpenter Rd West Side,2,1,1,0.00013098718429511118,0.02418688914278703
623,Faywood Blvd at Reiner Rd,2,1,1,0.00011062853171393727,0.01048383666524883
624,O'Connor Dr at Cranborne Ave,2,1,1,0.00012582917060450678,0.006487084241789687
625,Steeles Ave West at Martin Grove Rd,3,1,2,0.00010392866178384285,0.0009541019778817524
627,Lesmill Rd at Duncan Mill Rd,2,1,1,7.10964918054453e-05,0.006868885580603999
628,Drewry Ave at Marathon Cres (East),2,1,1,0.0001075047260622381,0.0016078264568268822
632,4979 Bathurst St,2,1,1,0.00011062853171393727,0.008504359846873671
634,Queen St East at Jarvis St,2,1,1,0.00010756389560316054,0.0014484528210740922
635,Yonge St at Charles St West,2,1,1,0.0001046562419458406,0.004882337303275202
636,Warden Ave at Glen Springs Dr,2,1,1,0.0001151775400726023,0.0
637,Midland Ave at Silver Star Blvd,2,1,1,8.00684443724384e-05,0.0029435784017782414
638,Warden Ave at Bridge to Markham Theatre,2,1,1,0.00011062853171393727,0.005625797532964696
640,The Queensway at Zorra St,2,1,1,0.00010114269936912487,0.004830056578976641
641,Cummer Ave at Leslie St,2,1,1,0.00010124069979562886,0.006477084219481072
642,Midland Ave at Progress Ave,2,1,1,0.00011062853171393727,0.002096448319863888
643,North Queen St at Index Rd West Side,2,1,1,7.592635200136277e-05,0.00038972777541471717
645,533 Lansdowne Ave,2,1,1,0.00011062853171393727,0.002009783071033603
646,Anglesey Blvd at Pinehurst Cres East Side,2,1,1,7.567832285972874e-05,0.002493063678576492
647,Kipling Ave at Eglinton Ave West,4,2,2,0.00011076143631229087,0.007926680136112293
648,Caledonia Rd at Castlefield Ave,2,1,1,0.00011433361503441838,0.0034402913653764355
649,Opposite 2278 Brimley Rd,2,1,1,9.2027434787743e-05,0.0013063589961718417
650,Sentinel Rd at The Pond Rd South Side,3,2,1,0.00018172096080995624,0.003097666638739587
651,Lawrence Ave East at Bennett Rd,2,1,1,0.00010619771188535523,0.0034386785764922733
652,The Bridle Path at Lawrence Ave East,2,1,1,9.73538782250622e-05,0.00499351846225517
653,555 Trethewey Dr,2,1,1,7.072940039219681e-05,0.0012654322075813552
654,Vaughan Rd at Humewood Dr,2,1,1,0.00010021893463436535,0.006344664830941664
655,Dupont St at Manning Ave,2,1,1,0.00011067877659111933,0.004063205509930308
656,Bathurst St at Harbord St,2,1,1,0.00014894457045553427,0.002140289846266027
657,Birchmount Rd at Kingston Rd North Side,2,1,1,0.00010343679911788069,0.003464635330407455
658,Royal York Rd at Renault Cres North Side,2,1,1,7.371040942761477e-05,0.0011846022968949384
659,Bloor St West at Grace St,2,1,1,0.00011062853171393727,0.01731767416544798
660,Islington Ave at Jutland Rd,2,1,1,0.00010638000958796591,0.005450411172550688
661,Danforth Ave at Woodington Ave,2,1,1,8.879205721959815e-05,0.009119909751131368
662,Gateway Blvd South Side at Grenoble Dr South Side,4,1,3,0.00010127068731700413,0.003801573798383667
663,Drewry Ave at Hilda Ave,2,1,1,0.0001048311561849254,0.002110272224585283
664,The East Mall at Rathburn Rd,2,1,1,0.00010113126180111477,0.003046194199958555
665,Finch Ave West at Milvan Dr,3,1,2,0.00014943549718976777,0.010203855686352499
666,Birchmount Rd at Flora Dr,2,1,1,0.00010101540027679154,0.015517864738409187
670,East Ave at Wheeling Dr,2,1,1,8.735710921713524e-05,0.0008039132284134411
672,Finch Ave West at Romfield Lane,3,1,2,8.753931227037986e-05,0.00396315397703105
674,University Ave at College St - Queen's Park Station,2,1,1,7.082092835833295e-05,0.0
675,Steeles Ave West at Yonge St - Centerpoint Mall,4,1,3,0.0001523177768251283,0.006145257337303275
676,80 Coe Hill Dr,2,1,1,0.00011062853171393727,0.009663972777541472
677,Cummer Ave at Conacher Dr,2,1,1,0.00011062853171393727,0.005374929108180917
679,Rathburn Rd at Kipling Ave,4,2,2,0.0001967192377909356,0.007949107379530142
680,Eglinton Ave West at Royal York Rd,2,1,1,9.696393431048107e-05,0.002561576190982561
681,193 Morningview Trail,2,1,1,5.805573066570008e-05,0.001964775627392599
682,24 Fenmar Dr,2,1,1,0.00011062853171393727,0.0048303913228413455
683,College St at Lansdowne Ave,2,1,1,0.00011062853171393727,0.002289040153470742
684,Eglinton Ave East at Danforth Rd,4,2,2,0.0001794644970715811,0.015865845498133063
685,Bathurst St at Dewlane Dr,2,1,1,0.00011062853171393727,0.008102403232666951
686,Lawrence Ave East at Weybourne Cres East Side,2,1,1,0.00012344310875963283,0.008725927163719593
687,Thistle Down Blvd at Dashwood Cres (South),2,1,1,7.40806531518878e-05,0.005632709485325393
689,Dufferin St at Bridgeland Ave South Side,2,1,1,0.00013194513773042284,0.0
690,Opposite 100 Carrier Dr,3,1,2,0.0001162997584393181,0.0008451855593364526
691,19 Park Lane Cir,2,1,1,0.00010003705384124988,0.006851289218367058
695,Opposite 1450 Don Mills Rd,2,1,1,9.647415752847078e-05,0.0
696,Hambly Ave at Queen St East North Side,2,1,1,0.00011321026203893215,0.0007129944704381114
697,Eglinton Ave East at Sinnott Rd,2,1,1,0.00010402056811677579,0.005620945357731846
698,Pharmacy Ave at Denton Ave,2,1,1,0.00010479434413050538,0.0015685835591460861
699,Sheppard Ave East at Settlers Rd,2,1,1,9.84997293263193e-05,0.0
700,Bayview Ave at Blythwood Rd,3,1,2,9.740407634222686e-05,0.0013039663972777542
701,Yonge St at Woodlawn Ave East,2,1,1,0.00011062853171393727,0.005919289663972779
702,Evans Ave at Islington Ave,2,1,1,0.00010007131981912542,0.0028616300755815853
703,Judson St at Horner Ave,2,1,1,6.604721651068141e-05,0.001275414717141642
705,1138 Bathurst St,2,1,1,0.00011129209133439269,0.0012474696547431553
706,Victoria Park Ave at Woodale Ave,2,1,1,0.0001326036884750592,0.006375352867011611
708,Senlac Rd at Lurgan Dr,2,1,1,0.00011062853171393727,0.005536473840918758
709,Toba Dr at Fifeshire Rd West Side,2,1,1,0.00011062853171393727,0.0012058698426201616
710,Dixon Rd at Tamarack Cir,2,1,1,0.00010433589207323212,0.0005439174819225861
711,Military Trail at Bobmar Rd,2,1,1,6.960685679976796e-05,0.0012058698426201616
712,Leslie St at Steeles Ave East South Side,2,1,1,5.554706203097495e-05,0.00279041719835531
713,Bellamy Rd North at Brimorton Dr,2,1,1,9.647441532066936e-05,0.000703424074861761
714,McCowan Rd at 14Th Ave,2,1,1,0.00011062853171393727,0.009847405359421524
715,Flint Rd at Supertest Rd,2,1,1,0.00010223444549695872,0.0004968630370055296
716,William R Allen Rd at Sheppard Ave West,3,2,1,0.00011580559206190248,0.00486476791551228
717,Sheppard Ave East at Kennedy Rd,2,1,1,0.00014060742309506208,0.03068728622807501
718,Islington Ave at Rathburn Rd South Side,4,2,2,0.00011316767111597736,0.007121163252952916
719,Lake Shore Blvd West at Norris Cres,2,1,1,0.00010107034050802377,0.00029847427357468435
720,McRae Dr at Rumsey Rd,2,1,1,8.871775317819848e-05,0.0022148553806890683
721,St Regis Cres North at Bakersfield St,2,1,1,7.924415809919434e-05,0.0002151212250106338
722,Willowdale Ave at Byng Ave,2,1,1,8.88853561485913e-05,0.001531794980859209
723,Kingston Rd at Lawrence Ave East,5,2,3,0.00012151955744389462,0.012301227320421281
724,Bayview Ave at Ruddington Dr,2,1,1,0.00011062853171393727,0.003655856930181686
725,Kennedy Rd at Perthshire St,2,1,1,9.970336671412906e-05,0.001603041259038707
727,Victoria Park Ave at Eglinton Ave East,3,2,1,0.0001986880583170071,0.005784933103547523
728,Finchdene Sq (East) at Torham Pl South Side,2,1,1,9.954971098703752e-05,0.00037377711612079966
730,Martin Grove Rd at Belfield Rd,2,1,1,9.427418249023507e-05,0.0033826031475967674
731,Port Union Rd at Clappison Blvd,2,1,1,0.00014473233035355832,0.00400146683513899
732,Willowdale Ave at Bishop Ave North Side,2,1,1,9.494179940835215e-05,0.0013308166737558487
734,Elm Ave at Sherbourne St,2,1,1,0.00011062853171393727,0.0017083156103785623
735,Sloane Ave at Kenewen Crt,2,1,1,0.00011062853171393727,0.0010524245002126755
736,Steeles Ave East at Tarbert Rd,2,1,1,0.0001144547176380197,0.0003014674606550404
738,McCowan Rd at Anson Ave,2,1,1,8.436426633439095e-05,0.0005293846590103502
739,Sheppard Ave West at Yeomans Rd East Side,2,1,1,0.00013190785679038827,0.00010048915355168014
740,Belfield Rd at C.N. West Spur,2,1,1,5.9379465914286103e-05,0.0015471779564596648
742,Cordova Ave at Central Park Roadway,4,2,2,0.00017569175380744245,0.006315680898571158
743,Warden Ave at Glencove Dr,2,1,1,9.892784023484734e-05,0.0074346022968949385
744,Foxwell St at Jane St,3,1,2,0.00012497891315140102,0.008851759298643604
745,Spadina Rd at Old Forest Hill Rd,2,1,1,6.556004276706234e-05,0.008232937025411268
746,Kingston Rd at Fenwood Heights West Side,2,1,1,0.00012489549178973188,0.0
747,Sheppard Ave West at Wilson Heights Blvd East Side,2,1,1,0.00015564290857379923,0.0
748,Eglinton Ave East at Mt Pleasant Rd,2,1,1,0.00011156178105731812,0.020786855631323625
749,McCowan Rd at Commander Blvd North Side,2,1,1,0.00011024390059227417,0.017225205586275345
750,Oriole Pkwy at College View Ave South Side,2,1,1,7.384344966483139e-05,0.0039701190982560615
751,King St East at Parliament St,2,1,1,0.00012517786128334304,0.0036145801129969404
752,1111 Finch Ave West,2,1,1,0.00015632225160924976,0.008275680561463208
755,Weston Rd at Coronado Crt,2,1,1,8.380049086791487e-05,0.0003014674606550404
756,Dixon Rd at Kipling Ave,4,2,2,0.00011090798342506159,0.007902574609065688
757,Annette St at Keele St West Side,2,1,1,0.00011062853171393727,0.002455379053103426
758,130 Commissioners St,2,1,1,8.891754111780005e-05,0.016225163462150964
759,Thistle Down Blvd at Bridgenorth Cres,2,1,1,8.8179732762893e-05,0.005331242024670353
761,McCowan Rd at 14Th Ave North Side,2,1,1,8.261891741255257e-05,0.009228519778817525
762,Dupont St at Dufferin St,2,1,1,0.00011062853171393727,0.003460270588620227
763,Lawrence Ave East at Ben Stanton Blvd East Side,2,1,1,0.00011528673232375885,0.0003009357720119098
764,Broadview Ave at Mountstephen St,2,1,1,0.00010763717887501392,0.0183277803404413
766,Davenport Rd at Bathurst St,2,1,1,0.0001006976784752968,0.007053754093630742
767,Dixon Rd at Kipling Ave,4,2,2,0.00011427169382139185,0.013040583775818227
768,Jane St at Sheppard Ave West South Side,2,1,1,0.00011047355969093028,0.0001730114844746916
769,Martin Grove Rd at Ronson Dr,2,1,1,0.00010474345054807828,0.002980646533390047
770,Don Mills Rd at Seneca Hill Dr,2,1,1,8.976574955073407e-05,0.0
771,Huntingwood Dr at Victoria Park Ave East Side,3,2,1,6.213870079237601e-05,0.002238515525308379
772,Gary Dr at Langside Ave,2,1,1,7.765998383611498e-05,0.0007652122028451251
774,Islington Ave at Rathburn Rd,4,2,2,0.00011434317338230747,0.006228023536083936
777,Albion Rd at Martin Grove Rd,2,1,1,0.00010088476126421706,0.00782911527009783
778,O'Connor Dr at Gardens Cres,2,1,1,8.51234058062255e-05,0.0063931849112889095
779,Islington Ave at Van Dusen Blvd,3,1,2,0.0001344330289840684,0.013605563858201032
780,Pape Ave at Mortimer Ave,2,1,1,9.071543452708345e-05,0.017397421686022277
781,Tuscan Gate at St Regis Cres (South) South Side,3,2,1,0.00014758006879505458,0.0010269157150803259
782,Markham Rd at Markanna Dr,2,1,1,0.00010305364085963189,0.0
783,Roncesvalles Ave at Grenadier Rd,2,1,1,0.00010174024420016222,0.0015279170295652642
784,Welland Ave at Heath St East,2,1,1,9.264092127256291e-05,0.00043151850276478096
786,McNicoll Ave at Hines Dr,2,1,1,0.00011062853171393727,0.0056731709910676316
787,Lloyd Manor Rd at Firwood Cres,2,1,1,9.5726132275118e-05,0.0007571246278179498
788,Sherbourne St at Dundas St East North Side,2,1,1,0.0001076626242311855,0.002914185452998724
789,Humberwood Blvd at Arborwood Dr,2,1,1,0.00012251059065363626,0.001360330931872962
790,Coxwell Ave at Hanson St,2,1,1,9.708234889985192e-05,0.013016865808231186
792,80 Progress Ave,2,1,1,7.578281708311868e-05,0.0017930107628972476
794,Dufferin St at Alma Ave,2,1,1,9.504349014375523e-05,0.0
795,McNicoll Ave at Birchmount Rd,2,1,1,0.00012584845275768865,0.0060772011909825605
796,Eglinton Ave West at Lascelles Blvd East Side,2,1,1,0.00023302383916869925,0.01569224483133353
797,Lawrence Ave East at Opposite Cedarbrae Mall,2,1,1,0.0001701175101487853,0.00040195661420672056
798,Morningside Ave at Ellesmere Rd,5,2,3,0.00015962557748669528,0.008749795299774037
799,Queen St West at Dovercourt Rd,2,1,1,0.00011672845880727971,0.001276977259054035
800,Sheppard Ave East at Brimley Rd East Side,4,2,2,0.00010240520922868838,0.0032285526928763847
802,Bayview Ave at Fifeshire Rd (South) South Side,2,1,1,0.00011062853171393727,0.006421203743088048
803,Parkview Hill Cres at Aspen Ave (North) East Side,2,1,1,9.051472790641278e-05,0.0010543385793279456
804,MacPherson Ave at Spadina Rd,2,1,1,0.00010475582308403612,0.006752286632975701
805,Queen St West at Augusta Ave,2,1,1,0.00010021289284274027,0.0022523660494875334
806,Steeles Ave East at Victoria Park Ave West Side,3,1,2,0.00013994909409981252,0.01963865735439002
807,451 The West Mall,2,1,1,9.074893100087137e-05,0.0015823054019566143
808,Main St Markham North at Highway 7,2,1,1,9.258915632527788e-05,0.0037101233517652064
809,Sheppard Ave East at Leslie St East Side - North York Genera,2,1,1,0.00010628872037230549,0.013800288884162768
810,College St at Euclid Ave,2,1,1,0.00011062853171393727,0.003092953381884184
811,Lawrence Ave East at Manse Rd East Side,2,1,1,8.993004249241643e-05,0.00976876860910251
812,Dundas St East at Ontario St,2,1,1,8.029502753326221e-05,0.0050863261209278575
813,McNicoll Ave at Myers Lane,2,1,1,0.00011062853171393727,0.006178842336594358
814,Queen's Park Cres East at Wellesley St West,3,2,1,0.00016719480797066895,0.001558379413015738
815,Alliance Ave at Jane St,2,1,1,8.895045257743231e-05,0.004973123139089747
816,College St at Rusholme Park Cres,2,1,1,9.522136751421721e-05,0.005381078936792972
817,Runnymede Rd at Maher Ave,2,1,1,0.00012017774228837357,0.0022065078689919183
818,Dupont St at Symington Ave,2,1,1,0.00010351343461169395,0.010343409218402284
819,Birchmount Rd at St Clair Ave East South Side,2,1,1,5.17471901916573e-05,0.0010222600311924005
820,Steeles Ave East at McCowan Rd,3,2,1,0.00010196999469510855,0.0032576181965618713
821,Islington Ave at Fordwich Cres,2,1,1,0.0001091747996117436,0.004161651343127311
822,Old Kingston Rd at Military Trail,2,1,1,0.00010531844612055231,0.0003025308379413016
823,Progress Ave at Markham Rd West Side,4,2,2,0.00011113389070558616,0.04440265586533133
824,Lawrence Ave West at Royal York Rd,3,1,2,6.628063626523544e-05,0.0028386856656741812
825,345 Morningside Ave,4,2,2,0.0001785966562754959,0.016329213370950932
826,Millwood Rd at Randolph Rd,3,1,2,5.83210316008097e-05,0.009536322562840536
827,Lawrence Ave East at Underhill Dr,5,2,3,0.00011235192082526086,0.0071418214611502304
828,Annette St at Indian Road Cres,2,1,1,0.00011062853171393727,0.002656357360206786
829,Major Mackenzie Dr East at McCowan Rd,2,1,1,0.00011062853171393727,0.006716290940025522
830,Sheffield St at Hafis Rd,2,1,1,6.225895379191913e-05,0.006457790437527625
831,Danforth Rd at Carslake Cres South,2,1,1,0.00010511071919643323,0.005936835389196087
832,Danforth Ave at Greenwood Ave,2,1,1,9.79634388847104e-05,0.008717953136924647
833,McNicoll Ave at Midland Ave,2,1,1,0.00011062853171393727,0.0036698036296611376
834,Ellesmere Rd at Calthorpe Ave,2,1,1,0.00016964200055639877,0.006601698484583114
835,Harbord St at Brunswick Ave,2,1,1,8.363231272398705e-05,0.003329472261043932
836,Sheppard Ave East at Palmdale Dr,3,1,2,0.00012045999843911497,0.011330110977920423
840,1300 Leslie St,2,1,1,0.00018386990239849805,0.00221714164185453
841,Victoria Park Ave at Curlew Dr South Side,2,1,1,0.00012558945890094842,0.00010045976372718548
842,Faywood Blvd at Goodwill Ave,2,1,1,0.00010169093195327083,0.006749787324542748
843,Steeles Ave East at Mountcastle Gate,4,2,2,0.00015459136167730354,0.008187606337728626
844,Secord Ave at Palmer Ave East Side,2,1,1,0.00011059167467337383,0.0006029349213100808
845,Steeles Ave West at Founders Rd - York University,5,1,4,0.00010961053402316879,0.012865850828099948
848,Underhill Dr at Cassandra Blvd (North) South Side,2,1,1,0.00012186627402836249,0.02893274739384877
849,Bathurst St at Covington Rd,2,1,1,0.00010409571220739697,0.005706614206720545
850,Mt Pleasant Rd at Sherwood Ave,2,1,1,7.860123731694312e-05,0.0024117396852403232
851,Drewry Ave at Fairchild Ave,2,1,1,0.00010391786932361475,0.002210761378136963
852,Warden Ave at Sheppard Ave East,5,2,3,0.0001228812234626377,0.020516139972674426
853,Kennedy Rd at Norcap Ave,2,1,1,0.00010453680175672337,0.0012058698426201616
854,Bloor St West at Indian Rd,2,1,1,9.053450093591154e-05,0.013684113978293572
855,Opposite 4345 Bloor St West,2,1,1,8.55191896858526e-05,0.005835814547001275
856,Bayview Ave at Lawrence Ave East - York University Glendon C,3,1,2,0.0001443255313039476,0.006715375676004132
858,Main St at Kingston Rd,2,1,1,0.00011749355182793234,0.0013159293917481922
859,St Clair Ave West at Britannia Ave,2,1,1,7.984491487406407e-05,0.004134425389582768
860,North Queen St at Nova Rd,2,1,1,8.574121098099758e-05,0.00018874946831135686
862,3292 Bayview Ave,2,1,1,0.0001095929352142986,0.00792854104636325
863,King St East at Sherbourne St,2,1,1,0.0001275423834250977,0.0038155584201003006
864,Shaw St at Adelaide St West,2,1,1,0.0001093345303267131,0.006744748764633921
865,Martin Grove Rd at Rampart Rd,2,1,1,9.025406291071682e-05,0.0031252126754572522
866,Kennedy Rd at Antrim Cres South Side,2,1,1,0.00011062853171393727,0.004734155678434709
868,Pharmacy Ave at Janet Blvd,2,1,1,0.00011062853171393727,0.005324330072309656
869,Runnymede Rd at Webb Ave,2,1,1,0.00013711224490638255,0.0024074861760952785
870,Spadina Ave at Richmond St West,2,1,1,0.00011420843631645131,0.0020049978732454275
872,Wilson Heights Blvd at Waterloo Ave,2,1,1,6.132531301951744e-05,0.007340843482864516
873,Lawrence Ave East at Centennial Rd,2,1,1,0.00010246037753860391,0.003941124344250674
874,Midland Ave at Salome Dr,2,1,1,0.00011062853171393727,0.0017949808592088474
875,Queen's Park at Charles St West - Museum Station,2,1,1,0.00011062853171393727,0.002462781794980859
876,Eglinton Ave West at Walkway to Emmett Ave,3,2,1,0.00012842211999959056,0.005442333023702889
877,College St at Ossington Ave,2,1,1,0.00011062853171393727,0.002791485921229143
878,Finch Ave East at Maxome Ave,2,1,1,9.837367344989444e-05,0.00020097830710336028
879,East Ave at Clark Secor Pl North Side,2,1,1,9.663471359766824e-05,0.0005024457677584007
880,Old Dundas St at Humber Hill Ave,2,1,1,0.00010494533499505961,0.005033248263150433
881,Pharmacy Ave at Ellesmere Rd,2,1,1,0.00011062853171393727,0.006128243300723097
882,209 Carrier Dr,2,1,1,0.00011267143603788595,0.0012471421735431732
883,Parkside Dr at Howard Park Ave,2,1,1,0.00010979847334903711,0.003174181199489579
884,Wilson Ave at King High Ave,2,1,1,0.00014273969450653653,0.02970970379341816
885,Sheppard Ave West at Jane St,3,2,1,0.00020941784056058413,0.014470156655363308
886,Rockcliffe Blvd at Caesar Ave South Side,2,1,1,0.00012867053435422588,0.002641994625724953
887,Davisville Ave at Acacia Rd,2,1,1,0.00013535283929399115,0.008189233051791539
888,Rockcliffe Blvd at Alliance Ave,2,1,1,8.12120753995466e-05,0.005337622288387921
889,Gervais Dr at Wynford Dr South Side,2,1,1,9.712981295616956e-05,0.00040195661420672056
890,St Clair Ave East at Pharmacy Ave East Side,2,1,1,8.028345406481727e-05,0.00866989224443499
891,Kipling Ave at Hinton Rd,2,1,1,0.00010990665338129896,0.00408841668405938
892,Birchmount Rd at Bibury Gate,2,1,1,5.726581564298289e-05,0.0024117396852403232
893,Kipling Ave at Westhumber Blvd,2,1,1,0.00011005546386725799,0.004429422530608834
894,McNicoll Ave at Bedle Ave,2,1,1,0.00011062853171393727,0.005974638451722671
895,Progress Ave at Roadway to Centennial College,4,1,3,9.36048008894767e-05,0.016985676005124864
897,St Clair Ave East at Midland Ave,4,2,2,0.00015176323542281803,0.018211881722063564
898,150 Staines Rd West Side,2,1,1,0.0001385418361439316,0.0010368066169852647
899,McNicoll Ave at Picola Crt,2,1,1,0.00011001246522488725,0.006882266411456118
901,Islington Ave at Summitcrest Dr,2,1,1,0.000127746317819899,0.0
902,Glencairn Ave at Ennerdale St,2,1,1,0.00010079060736826263,0.007971948599872887
904,Ancaster Rd at Powell Rd South Side,2,1,1,8.135570572998527e-05,0.0014539912094144337
905,Leslie St at Marowyne Dr,2,1,1,0.00011295768734142424,0.0018114632071458954
906,Ferris Rd at Dawes Rd West Side,2,1,1,0.00010615489150563468,0.0011922231674464769
907,Warden Ave at Eglinton Ave East North Side,2,1,1,0.0001097790500691158,0.0
908,Finch Ave East at Yonge St - Finch Station,3,1,2,0.00010056393153071603,0.00042907273500638026
909,Royal York Rd at Yorkleigh Ave,2,1,1,9.136883884863295e-05,0.0007826456826882178
910,Yonge St at Lytton Blvd,2,1,1,0.00012883831999673982,0.01001665957748476
911,McCowan Rd at Alton Towers Cir (South),2,1,1,9.905643589850304e-05,0.007241599319438537
913,Duncan Mill Rd at Valleybrook Dr,2,1,1,0.00010614382269376834,0.0053317737133134835
914,Jane St at Firgrove Cres (North) South Side,2,1,1,0.00021268184146337044,0.00020097830710336028
916,Islington Ave at Albion Rd,2,1,1,0.00011039478149858176,0.004463118803782351
917,St Clair Ave East at O'Connor Dr East Side,2,1,1,6.485091679731965e-05,0.003390873266089415
918,Sherbourne St at Carlton St,2,1,1,0.00011062853171393727,0.0012058698426201616
919,Cummer Ave at Craigmont Dr,2,1,1,9.8811833570563e-05,0.0019391216503615483
920,Bayview Ave at Blythwood Rd South Side,2,1,1,9.961333513272116e-05,0.005035919365619494
921,Don Mills Rd at Green Belt Dr North Side,6,4,2,0.000258273452781951,0.07253908894182633
922,Avoca Ave at Pleasant Blvd South Side,3,1,2,0.0001609021184139873,0.002966989730813635
923,McNicoll Ave at Victoria Park Ave  East Side,2,1,1,0.00014558382626761338,0.002142173543173118
924,Brimley Rd at Lawrence Ave East,2,1,1,9.085768433802959e-05,0.0009018733444509711
925,Jane St at Exbury Rd North Side,4,2,2,0.00021466475493317036,0.027097328389603142
927,Steeles Ave East at Townsend Rd West Side,2,1,1,0.00012423894036936412,0.0
928,Wilson Ave at Julian Rd West Side - Humber River Hospital,4,2,2,0.000137939499717982,0.11963165355575607
929,College St at Lansdowne Ave,2,1,1,8.756176354991708e-05,0.005682546397448013
930,Keele St at Lawrence Ave West,4,2,2,0.00012101015996103583,0.009979034342412135
931,Craigton Dr at Rannock St East Side,2,1,1,7.67975300383503e-05,0.00524409825606125
932,Royal York Rd at Dalesford Rd,4,2,2,0.0002713842001427187,0.00429694773537819
933,College St at Grace St,2,1,1,0.00011062853171393727,0.0029924642283325033
934,Annette St at Jane St East Side,2,1,1,5.754831222200176e-05,0.011750257368125806
935,Queen St West at Claremont St,2,1,1,0.00011328224764834013,0.0050484426511282895
936,Leslie St at Finch Ave East,2,1,1,9.2595576945012e-05,0.002086993123493549
937,Don Mills Rd at The Donway East (South) North Side,2,1,1,0.00019454935833805505,0.00010048915355168014
938,Neilson Rd at Crow Trail,4,2,2,0.0001612494454004773,0.004700374460715804
939,Mortimer Ave at Donlands Ave,2,1,1,8.57028019848648e-05,0.0028295815201387305
940,Chaplin Cres at Lascelles Blvd,2,1,1,7.550622493842621e-05,0.003679343643029309
942,Cosburn Ave at Binswood Ave,2,1,1,9.830041937807407e-05,0.0032156529136537645
943,Eglinton Ave East at Banff Rd,2,1,1,0.00011216312414914239,0.020883367971627237
946,Oakwood Ave at Rosemount Ave,2,1,1,0.00016310028878689195,0.011480657685901976
947,Sheppard Ave East at Boydwood Lane,2,1,1,9.751854224552845e-05,0.0008987268663313902
948,Clayson Rd at Wilson Ave,0,0,0,1.6598932385570904e-05,0.0
950,Arleta Ave at John Lindsay Crt,2,1,1,0.00011062853171393727,0.004931412165036155
951,Kipling Ave at Birmingham St,3,2,1,0.0001218943932082876,0.0
952,Dundas St West at Windermere Ave,2,1,1,0.00011720710597374861,0.0033532003938214067
953,Nugget Ave at Markham Rd,2,1,1,8.92644278799139e-05,0.007284683822486884
954,Keele St at Rustic Rd,2,1,1,0.00010602798881446688,0.00020097830710336028
955,Yonge St at Lord Seaton Rd South Side,2,1,1,9.972031962906326e-05,0.020318337125332583
956,Rogers Rd at Prospect Cemetery,2,1,1,9.646180371340794e-05,0.00040195661420672056
957,Yonge St at King St West - King Station,2,1,1,0.00011062853171393727,0.0036764674606550403
958,Kodiak Cres at Sheppard Ave West,2,1,1,0.00011062853171393727,0.00010048915355168014
959,Steeles Ave East Loop,5,3,2,0.00012903760986308888,0.003029509985619088
960,Lake Shore Blvd West at Thirty Seventh St,2,1,1,0.0001264253563277505,0.005910073727491847
962,Finch Ave West at Elana Dr,3,1,2,0.00018522623693038146,0.00662747473797293
963,Steeles Ave East at Walkway to Norn Cres,2,1,1,0.00010607305113099095,0.0070961222629395745
964,Warden Ave at Walbon Rd,2,1,1,0.0001055790618782855,0.0003014674606550404
966,Yonge St at Yonge Blvd South Side,3,2,1,0.00016117378941693237,0.01061959449879484
967,145 Carrier Dr,2,1,1,0.00011700039346018517,0.0009456747128881327
968,The East Mall at Talgarth Rd,2,1,1,0.00011343517404093986,0.00527328796256912
969,O'Connor Dr at Derwyn Rd,2,1,1,7.669034269759434e-05,0.0094747965503129
970,Woodbine Ave at Queen St East,2,1,1,0.00011062853171393727,0.0050292428753721825
971,Howard Park Ave at Indian Rd,2,1,1,8.339392768270032e-05,0.0006027585823631128
972,St Regis Cres North at Bakersfield St West Side,2,1,1,4.805050917587923e-05,0.0021979628729416056
975,Oak St at Weston Rd East Side,2,1,1,3.593657499360056e-05,0.0012676579706035254
976,Danforth Rd at Magnolia Ave,2,1,1,0.00011391972583134889,0.0033258899109654214
977,Avenue Rd at St Clements Ave,2,1,1,7.547306748446235e-05,0.0034166312207571247
978,Runnymede Rd at St John's Rd,2,1,1,0.00011859705771362266,0.002106018715440238
979,Steeles Ave West at Dufferin St,3,1,2,0.00012189274161762529,0.023784932528580306
980,Lawrence Ave West at Benton Rd,3,1,2,0.0001250830958244333,0.011576197945149988
981,Grand Ave at Manitoba St South Side,2,1,1,6.815327882182358e-05,0.0004588472990216929
982,Eglinton Ave East at Kennedy Rd,5,3,2,0.00016391205255607757,0.02524065591292303
983,Dupont St at Perth Ave,2,1,1,0.0001019544958430913,0.010443898371953964
984,Giltspur Dr at Magellan Dr,2,1,1,7.926238677311313e-05,0.0010604884523905545
985,Bellamy Rd North at Brimorton Dr,2,1,1,0.00010162787140120187,0.005944279030199915
986,McLevin Ave at Pennyhill Dr,2,1,1,9.827009209065972e-05,0.0064898801928257475
988,Eglinton Ave West at Jimmy Wisdom Way,2,1,1,9.387602976406508e-05,0.018058993335903422
989,St Clair Ave East at Kennedy Rd,3,2,1,0.00020713681247747442,0.002275750726931686
990,Sentinel Rd at Murray Ross Pkwy,2,1,1,8.929505525264017e-05,0.001649242470276073
992,Aukland Rd at Bloor St West South Side,3,1,2,0.00013300968315741647,0.025190641447623174
993,Tournament Dr at Upper Highland Cres West Side,2,1,1,6.193189853154946e-05,0.0031151637601020844
996,Martin Grove Rd at Porterfield Rd,2,1,1,6.338610132566579e-05,0.004086027222458528
997,Sheppard Ave East at Barberry Pl,2,1,1,0.00010584950089078058,0.014503712959024528
998,Atkinson Ave at Rodeo Dr,2,1,1,0.00011062853171393727,0.0009044023819651212
999,Sheppard Ave East at Kennedy Rd,2,1,1,0.00014493658159700322,0.050473457616560656
1000,Martin Grove Rd at The Westway,2,1,1,8.109111215611812e-05,0.00822929188319494
1001,685 Finch Ave West,2,1,1,0.00016018476619713727,0.007256469948942918
1002,McCowan Rd at Coleraine Ave,2,1,1,5.6950409825511426e-05,0.004891535516801361
1003,Lawrence Ave East at Carnforth Rd,2,1,1,0.00010324163733746247,8.379413015737983e-05
1004,Hullmar Dr at Gosford Blvd,2,1,1,5.5094055420230055e-05,0.0009600347369913512
1005,Opposite 1915 Martin Grove Rd,2,1,1,0.00015512961728207907,0.004880392208989084
1006,International Blvd at Galaxy Blvd,2,1,1,9.127975779252436e-05,0.0006029349213100808
1007,Royalcrest Rd at Martin Grove Rd,2,1,1,5.332869058469033e-05,0.003908797674748334
1009,Broadview Ave at Millbrook Cres,2,1,1,0.00018318901835277654,0.021556530517670845
1010,Gerrard St East  at Main St,2,1,1,0.00010631145206188084,0.003918611127990116
1011,Southport St at Windermere Pl,2,1,1,0.00010132894215829634,0.0017939174819225862
1012,Driftwood Ave at Stong Crt,2,1,1,0.0001023250876511804,0.005735325393449596
1013,Finch Ave East at Kennedy Rd,4,2,2,0.0001613066239646458,0.012081277470579898
1014,Victoria Park Ave at Danforth Ave,3,1,2,0.00014962390573563725,0.014979846712669782
1015,Finch Ave West at Oakdale Rd  - Humber Reactivation Care,3,2,1,0.00019767904316073793,0.00672796389152461
1016,Mt Pleasant Rd at Erskine Ave,2,1,1,7.28006403772781e-05,0.0025122288387920033
1017,Steeles Ave East at Laureleaf Rd,2,1,1,0.00011108011411674261,0.00020097830710336028
1018,Bathurst St at Ulster St,2,1,1,0.00013535954977172957,0.003684717256601561
1019,Yonge St at Queen St East - Queen Station,2,1,1,0.0001176875287630227,0.007527116120799661
1020,Midland Ave at Aylesworth Ave South Side,2,1,1,9.332466776657529e-05,0.0015771657450730186
1021,Overlea Blvd at Thorncliffe Park Dr (East) West Side,5,3,2,0.00018794362064705362,0.0547395228550742
1022,Birmingham St at Eighth St,2,1,1,7.501950555545975e-05,0.0
1023,Avenue Rd at Roselawn Ave,2,1,1,6.876747486173507e-05,0.0035171203743088048
1024,Drewry Ave at Lister Dr,2,1,1,0.00010695296601211481,0.0017083156103785623
1025,Kingston Rd at Manderley Dr,3,2,1,0.00017651698345165078,0.004268016870177765
1026,Woodbine Ave at Kingston Rd,2,1,1,0.00011991560582633913,0.005230221182475543
1029,Avenue Rd at Fairlawn Ave,2,1,1,0.00011062853171393727,0.0011053806890684815
1030,Glencairn Ave at Englemount Ave,2,1,1,8.054247157438909e-05,0.003936431798511765
1032,Bayview Ave at The Bridle Path,2,1,1,7.426598366062383e-05,0.005464661694111928
1033,Passmore Ave at Middlefield Rd,2,1,1,1.9779991700156956e-05,0.0046724797958315615
1034,Kennedy Rd at Bellbrook Rd,2,1,1,0.00010545258091501064,0.0011053806890684815
1035,Finch Ave W at Virgilwood Dr West Side - North York General,2,1,1,0.00011311116149026896,0.0
1036,Dufferin St at Glencairn Ave,4,2,2,0.00013897651645908507,0.008058679632605623
1037,Victoria Park Ave at Valdane Dr,2,1,1,0.00011432776394028254,0.00010048915355168014
1038,Victoria Park Ave at Cassandra Blvd,2,1,1,0.00013793114811371692,0.00010048915355168014
1039,Finch Ave East at Baylawn Dr,2,1,1,0.00011023744572821452,0.00010048915355168014
1040,Chaplin Cres at Eglinton Ave West,3,1,2,0.00011649516436577144,0.018657328002055305
1041,Jane St at Patika Ave,2,1,1,0.00010434726095322888,0.00010048915355168014
1042,Kingston Rd at Military Trail,2,1,1,0.0001247465847301907,0.0015209839784488866
1044,The East Mall at Gordon Park Dr,2,1,1,7.450139606897998e-05,0.003950596581923677
1045,Danforth Ave at Coxwell Ave,2,1,1,0.00010405685032227583,0.011787830326615381
1046,Sherbourne St at Bloor St East South Side - Sherbourne Stati,2,1,1,0.00011062853171393727,0.0016078264568268822
1047,Christie St at Barton Ave South Side,2,1,1,9.895177405711919e-05,0.0011096341982135263
1048,Opposite 636 Finch Ave East (Plaza),2,1,1,0.00010514493240753507,0.00020097830710336028
1049,Markham Rd at Finch Ave East,3,2,1,0.00011682474711274354,0.0222161879611909
1050,Yonge St at Empress Ave - North York Centre Station,2,1,1,0.00012883177463015433,0.004819562597476251
1051,Islington Ave at Ridgevalley Cres North Side,2,1,1,0.00012855431735652711,0.003167825304834822
1053,Finch Ave East at Baylawn Dr,2,1,1,9.321920435069166e-05,0.0
1054,Wilson Ave at Faywood Blvd East Side,5,4,1,0.00017653685761859773,0.013823946727099645
1058,Cummer Ave at Pineway Blvd,2,1,1,0.00011062853171393727,0.005977864029490998
1059,Steeles Ave West at Founders Rd East Side - York University,3,2,1,0.00012292371763437596,0.011769944850902365
1060,Royal York Rd at Lynngrove Ave,2,1,1,0.0001616235627105502,0.005448189157096271
1061,Finch Ave West at Norfinch Dr  - Humber Reactivation Care,2,1,1,8.905567872226694e-05,0.005778147849952401
1062,Dufferin St at Martin Ross Ave,2,1,1,0.00010519655601559853,0.002430931113406656
1063,Ridgecrest Rd at Wiltshire Dr,2,1,1,0.00011062853171393727,0.007419715014887282
1065,Mortimer Ave at Logan Ave,2,1,1,0.00011062853171393727,0.0038281135336377782
1066,3325 Warden Ave,2,1,1,0.00011262930123676846,0.00010048915355168014
1067,King St West at Shaw St,2,1,1,0.00010444809222320307,0.005761753694814095
1068,Finch Ave West at Martin Grove Rd,2,1,1,0.00011752435268667119,0.006269188306001803
1069,Lawrence Ave East at Burnview Cres West Side,2,1,1,0.00013732544438811703,0.0
1070,Kingston Rd at Fenwood Heights,2,1,1,0.00010484488109084301,0.0004003615482773288
1071,Ossington Ave at Churchill Ave,2,1,1,0.00012098826260506455,0.006599452119881434
1072,400 Evans Ave,2,1,1,8.329782519629825e-05,0.0034645649968916663
1073,Opposite 150 Culford Rd,2,1,1,0.0001018157354320969,0.0027977456401531266
1074,Birchmount Rd at L'Amoreaux Dr,2,1,1,0.00013266447127053302,0.0033317737133134835
1075,Sheppard Ave West at Arrow Rd,2,1,1,0.00011739997741076381,0.0001696570124898496
1076,195 Rexleigh Dr,2,1,1,0.00011062853171393727,0.000689777399688076
1077,Bathurst St at Shelborne Ave,2,1,1,0.00010662032602422572,0.005405146746065504
1078,Progress Ave at Rosebank Dr North Side,2,1,1,0.0001008577926199752,0.006450394293546144
1079,Weston Rd at Kenhar Dr,2,1,1,0.0001095421056476662,0.0017658822993255148
1080,Pharmacy Ave at Corinthian Blvd (North),2,1,1,0.00011062853171393727,0.0005024457677584007
1081,Jane St at Colbeck St,4,1,3,0.00019781029864938493,0.01585400176279251
1082,Keele St at Diana Dr,3,2,1,0.0001619721351859065,0.01362888091287132
1083,Grandravine Dr at Derrydown Rd,2,1,1,4.304901592797396e-05,0.001314240257828093
1084,Lawrence Ave West at Culford Rd East Side,4,2,2,0.00013662724255147525,0.020135671303825656
1085,Lawson Rd at Wichey Rd,2,1,1,8.977700469895201e-05,0.0012069332199064228
1086,The East Mall at Eglinton Ave West,2,1,1,0.00011062853171393727,0.002443259278648475
1087,Bay St at St Joseph St,2,1,1,9.824062877700237e-05,0.004376799265190885
1088,Birchmount Rd at Highgate Dr,2,1,1,4.784385013061057e-05,0.0025122288387920033
1089,Van Horne Ave at Hobart Dr,2,1,1,9.697566054947434e-05,0.010776157815316684
1090,Kennedy Rd at St Clair Ave East,2,1,1,9.070390968219115e-05,0.010962191081698712
1091,Drewry Ave at Lister Dr,2,1,1,0.00011062853171393727,0.000703424074861761
1092,Midland Ave at Ellesmere Rd,2,1,1,0.00010132969174431636,0.002297426626967248
1093,426 Ellesmere Rd,2,1,1,0.00010277528588157752,0.0
1094,Martin Grove Rd at Westhumber Blvd,2,1,1,0.00011062853171393727,0.006621465426368058
1095,Dovercourt Rd at Dupont St,2,1,1,9.998907566898546e-05,0.0013664398128455976
1096,Weston Rd at Habitant Dr,2,1,1,9.121798481703602e-05,0.00010048915355168014
1097,Eglinton Ave East at Cedar Dr,2,1,1,0.0001585227251543302,0.0
1098,Kingston Rd at Woodbine Ave,2,1,1,8.915512653739075e-05,0.002553708568362869
1099,Steeles Ave West at Northwest Gate,9,7,2,0.0003330730461259111,0.025230455792183477
1100,2350 Bayview Ave - The Granite Club,4,2,2,0.00019839475547812568,0.012066623118834944
1102,Steeles Ave East at Silver Star Blvd,3,1,2,0.0001765259869438803,0.006154446117643831
1103,Northover St at Giltspur Dr,2,1,1,5.996661969576244e-05,0.0013619559130455948
1104,McCowan Rd at Heritage Rd,2,1,1,9.602005892226219e-05,0.008826563164610805
1106,Finch Ave East at Wilfred Ave,2,1,1,0.00010438633561375812,0.00020097830710336028
1107,Rossdean Dr at Garyray Dr,2,1,1,8.570262219482366e-05,0.005634304551254786
1108,1315 and 1319 Neilson Rd,2,1,1,0.00010631493745114377,0.0017082777097558051
1109,5600 Finch Ave East,3,2,1,0.0002024220834475063,0.006361433078122784
1110,Victory Cres at McNaughton Ave,2,1,1,7.687215764800707e-05,0.0005997447894512973
1111,Steeles Ave East at Victoria Park Ave,3,2,1,0.00012388769020699685,0.009657837389492817
1112,Avenue Rd at St Clair Ave West,2,1,1,9.86744713451369e-05,0.0032666950233943004
1114,Mortimer Ave at Donlands Ave,2,1,1,0.00010669333081885174,0.004330559301396179
1115,Royal York Rd at Coney Rd,2,1,1,0.00010967920473903947,0.0009995746490854955
1116,Lawrence Ave East at Tremont Cres (West),3,2,1,0.0001495676246265904,0.006156232910007899
1117,St Clair Ave West at Mould Ave,2,1,1,0.00011083775329950209,0.0067349738881799705
1118,McCowan Rd at Denison St,2,1,1,6.500514631770007e-05,0.004791046363249681
1119,Runnymede Rd at St Clair Ave West South Side,4,2,2,0.00022060250103375192,0.014199570465527476
1120,Danforth Ave at Coxwell Ave,2,1,1,9.165657747025e-05,0.009019420597579687
1122,Strachan Ave at Canniff St,2,1,1,0.00012891590690718914,0.004217215179724414
1123,Bayview Ave at Hillcrest Ave,2,1,1,0.00010467391243433103,0.0042587918514917665
1124,Midland Ave at Lord Roberts Dr (South) South Side,2,1,1,0.00011062853171393727,0.004768333825002403
1125,Bloor St East at Jarvis St,2,1,1,0.0001036646348417841,0.010384088114948183
1126,Keele St at Grandravine Dr,2,1,1,9.270153994160544e-05,0.00020097830710336028
1128,Gerrard St East at Beaton Ave,2,1,1,9.897908345163584e-05,0.004622035202851877
1129,Lawrence Ave East at Prudential Dr East Side,2,1,1,0.00013141949938852047,0.0
1130,Martin Grove Rd at Eglinton Ave West,4,2,2,0.00019226288827432937,0.002296363249680987
1131,Kennedy Rd at Mewburn Ave,2,1,1,9.67164350395762e-05,0.0015747116875454508
1132,Lawrence Ave West at Brookview Dr,2,1,1,0.00011584589639074595,0.0006090873184663061
1133,Bloor St West at Brunswick Ave,2,1,1,0.00011062853171393727,0.021654658427464137
1134,Islington Ave at Titan Rd,2,1,1,0.00014849411486926795,0.014007520472407753
1135,Yonge St at Church Ave,2,1,1,0.00012407599723742777,0.004618584290372891
1137,Ellesmere Rd at McCowan Rd,5,2,3,0.00014134812217898353,0.01585083892127672
1138,Albion Rd at Golfdown Dr West Side,3,1,2,0.00012327994408711123,0.011704589474222078
1141,Wellesley St West at Bay St,2,1,1,0.00010079364630376537,0.002726537339733852
1142,Islington Ave at Golfdown Dr,2,1,1,7.584431735994529e-05,0.0034948968967106193
1143,Giltspur Dr at Peterdale Rd,2,1,1,7.515371113968226e-05,0.0011609776059422346
1144,The Bridle Path at Saintfield Ave,2,1,1,9.249991195106329e-05,0.00519449676935853
1147,Warden Ave at Sherry Rd North Side,2,1,1,0.00011010811116246512,0.00010048915355168014
1149,Spanbridge Rd at Vicora Linkway,2,1,1,3.205926915842093e-05,0.0016508932369204594
1150,2793 Victoria Park Ave,3,2,1,0.00020069358646680223,0.007096492627250816
1151,Wilson Ave at King High Ave,2,1,1,0.00016685432152996742,0.013723457573547964
1152,Northover St at Sheppard Ave West South Side,2,1,1,3.992127484389248e-05,0.0015629342201489553
1153,Sheppard Ave East at Dean Park Rd,2,1,1,0.00011634925949845456,0.005767492556358995
1154,55 Bridgeland Ave,2,1,1,0.00010928326708440841,0.00010048915355168014
1155,Washburn Way at Sheppard Ave East,2,1,1,0.00011552041195047753,0.005025822345101374
1156,Mortimer Ave at Linsmore Cres,2,1,1,9.480088535401872e-05,0.0025413525106802214
1158,Martin Ross Ave at Brisbane Rd (West),2,1,1,9.856837011484738e-05,0.0006978413441088899
1159,Milvan Dr at Millwick Dr (North),2,1,1,8.582050350320846e-05,0.0012396320714589536
1161,Bloor St East at Parliament St,2,1,1,0.00011062853171393727,0.02075025604549902
1162,Yonge St at Queen St West - Queen Station,2,1,1,0.00011062853171393727,0.003877445767758401
1163,Howard Park Ave at Parkside Dr East Side,2,1,1,9.390375600428592e-05,0.00503668651637601
1164,Lawrence Ave East at Bayview Ave,3,1,2,0.00011197655884373462,0.012761443965080718
1166,Steeles Ave East at Ashcott St,2,1,1,8.163813324007867e-05,0.0
1167,Bathurst St at Reiner Rd,2,1,1,0.00011062853171393727,0.002475010633772863
1168,Laurentide Dr at Larabee Cres,2,1,1,5.3116330976804806e-05,0.005367062448230317
1170,Royal York Rd at Dundas St West,2,1,1,0.00013500489299558266,0.005161608978448887
1171,Jane St at Steeles Ave West South Side,4,2,2,0.00019918274168660092,0.01987504803465256
1172,Dundas St West at Old Dundas St West Side,2,1,1,6.91526420926633e-05,0.008289070253792713
1173,Bayview Ave at Soudan Ave,2,1,1,0.00010342433770268056,0.004633962751412772
1174,Parliament St at Shuter St,2,1,1,0.00010011691205355359,0.0008712098195296833
1175,Queen St West at Shaw St,2,1,1,0.00011277991876614831,0.004847464344024929
1176,Erindale Ave at Broadview Ave East Side,1,1,0,1.9880123919167902e-05,0.0
1177,Finch Ave East at Walkway East of Birchmount Rd,2,1,1,9.039294971895033e-05,0.00010048915355168014
1178,Ray Ave at Bartonville Ave East,2,1,1,8.012693898257214e-05,0.0011911952360697576
1180,Lawrence Ave East at Wanless Cres (East) West Side,2,1,1,0.0001554613785100418,0.007522770199104737
1181,Dundas St West at Willard Ave East Side,3,2,1,0.00012018958675641536,0.0034536895473730868
1183,Culford Rd at Valencia Cres,2,1,1,0.00013622405929149454,0.005532752020416844
1184,Burnhamthorpe Rd at Old Burnhamthorpe Rd (West),2,1,1,0.00011062853171393727,0.006330284985112718
1185,Marlee Ave at Glengrove Ave North Side,2,1,1,0.00010165222329619572,0.0008238515525308379
1186,Martin Grove Rd at Belfield Rd,2,1,1,0.0001030130411098651,0.0074253786547815
1187,Sheppard Ave East at Malvern St,4,2,2,0.00013923851523626885,0.002873790749162931
1188,Gerrard St East at Carlaw Ave,2,1,1,0.00011188837452912569,0.01178052427370327
1189,630 The East Mall,2,1,1,0.00010970916048898364,0.0050723096554657595
1190,Danforth Rd at Birchmount Rd,2,1,1,9.254063089625229e-05,0.0019327321031914826
1192,Lansdowne Ave at Whytock Ave,2,1,1,0.00011062853171393727,0.0035171203743088048
1193,Meadowvale Rd at Ellesmere Rd,2,1,1,0.00012533746023531757,0.0014332553523323406
1194,The Donway West at Duncairn Rd North Side,2,1,1,0.0001090405490828634,0.0009852190557209698
1196,Yonge Blvd at Harley Ave,2,1,1,4.9775531258813576e-05,0.005509583284998002
1197,Leslie St at Lawrence Ave East North Side,2,1,1,6.433950682240355e-05,0.00079381114419396
1199,4242 Dundas St West - Kingsway Mills Plaza,2,1,1,8.011289009507078e-05,0.008088091946689354
1200,Woodbine Ave at Plains Rd,2,1,1,0.00012093328869734645,0.004160672403946543
1201,Hilda Ave at Steeles Ave West,2,1,1,7.59661417649997e-05,0.004833353588138786
1202,Grangeway Ave at Progress Ave South Side,3,2,1,0.00019769785329218795,0.0
1203,1148 Bellamy Rd North,2,1,1,9.277779987002213e-05,0.006446724797958316
1205,McNicoll Ave at Brahms Ave,2,1,1,0.00011062853171393727,0.006075127605274352
1206,Eglinton Ave West at The East Mall,2,1,1,0.00010296321018613965,0.0018581521161207997
1207,Sheppard Ave East at Idagrove Gate,4,1,3,0.00011158115991078069,0.005667003402807316
1208,Albion Rd at Highway 27,2,1,1,0.0001059288753374392,0.00742715865589111
1209,Dynamic Dr at Turbina Ave North Side,0,0,0,1.6598932385570904e-05,0.0
1211,Queen St East at Sumach St,2,1,1,7.346319011752473e-05,0.006857247415058532
1212,Kipling Ave at Mattice Rd,2,1,1,0.00014859913973895846,0.011904161966230837
1214,Coxwell Ave at O'Connor Dr,2,1,1,0.00010642623726765839,0.0059128081262279485
1215,Yonge St at William Carson Cres,2,1,1,0.00015164739010939732,0.005322008365234652
1216,Bloor St West at Bedford Rd,2,1,1,0.00011062853171393727,0.02145368012036078
1217,Wilson Ave at Dufferin St West Side,5,2,3,0.0002696042532346078,0.1466176078321105
1218,Huntingwood Dr at Belgreen Ave East Side,2,1,1,0.00010290900696019307,0.001133134836239898
1219,Wright Ave at Jane St West Side,2,1,1,6.0807958058739156e-05,0.008945756694485444
1220,Evans Ave at Cremorne Ave,2,1,1,0.00011062853171393727,0.002459673461374865
1221,Markham Rd at Tuxedo Crt,2,1,1,0.00010719428269355126,0.0
1222,Coxwell Ave at Queen St East,4,1,3,0.00011080545317079395,0.003881592939174819
1223,Weston Rd at Black Creek Dr North Side,2,1,1,9.710438077510994e-05,0.0014678583947918648
1224,The Pond Rd at Ian MacDonald Blvd West Side,3,1,2,0.0001232059252296369,0.002774754402811612
1225,Cummer Ave at Yonge St East Side,2,1,1,4.924443776887354e-05,0.0030445023394300302
1226,Queen St East at Elmer Ave,2,1,1,7.518699131775336e-05,0.0
1227,Kipling Ave at North Heights Rd North Side,2,1,1,9.848383177232125e-05,0.005037749893662271
1228,Lawson Rd at Meadowvale Rd West Side,2,1,1,0.00010258069142038203,0.0007044874521480221
1229,Warden Ave at Major Mackenzie Dr East South Side,2,1,1,0.00011062853171393727,0.006329221607826457
1230,Victoria Park Ave at Amsterdam Ave South Side,2,1,1,0.00010739540756163931,0.005060927777979647
1231,Island Rd at East Ave,2,1,1,9.044338358289619e-05,0.000703424074861761
1232,Centenary Hospital Loop at Neilson Rd,6,3,3,0.00015045878770589098,0.008451440345030682
1233,Progress Ave at Opposite Roadway to Centennial College,5,3,2,0.00010597353496949845,0.021061551140267643
1235,Albion Rd at Highway 27 East Side,2,1,1,0.00011062853171393727,0.005919821352615908
1236,Spadina Rd at Kilbarry Rd,2,1,1,7.176705078202476e-05,0.0060302835116758085
1237,Dundas St West at Prince Edward Dr North,2,1,1,9.537800681265194e-05,0.002413086257992681
1238,Ansford Ave at Faywood Blvd,2,1,1,0.00011062853171393727,0.006448319863887707
1240,5010 Steeles Ave West,2,1,1,0.00010113965332802949,0.0011550802849851127
1241,Kennedy Rd at Kenmark Blvd,2,1,1,9.988170968580967e-05,0.0006268609102509571
1242,Howard Park Ave at Roncesvalles Ave,2,1,1,9.854707671720395e-05,0.00483570820927265
1243,Lake Shore Blvd West at Burlington St,2,1,1,0.00011062853171393727,0.004099258966783425
1244,Lawrence Ave West at Apex Rd,2,1,1,0.0001804466538247708,0.00020097830710336028
1245,441 Ellesmere Rd,2,1,1,0.00011423157599651051,0.00010048915355168014
1246,Islington Ave at Monogram Pl,4,2,2,0.00011491274894886015,0.007076622979583156
1248,Sheppard Ave East at Bayview Ave - Bayview Station,2,1,1,0.00010834976327434975,0.009717884107066902
1249,Caledonia Rd at Bowie Ave,2,1,1,0.00012083665806345302,0.0033398022118247554
1250,Warden Ave at Ellesmere Rd,4,2,2,0.00011565236891303412,0.00862464554090458
1252,Greenwood Ave at Torbrick Rd South Side,2,1,1,0.00010357441531162113,0.0008579682404650504
1253,Lundy Ave at Warren Cres,2,1,1,7.83534288643778e-05,0.00129919892244435
1254,Steeles Ave West at Jane St West Side,2,1,1,0.00010168258685218799,0.005452352320128391
1256,145 Dynamic Dr,0,0,0,1.6598932385570904e-05,0.0
1258,Lawrence Ave West at Brookview Dr,2,1,1,0.00010681371709014454,0.000308379413015738
1259,Newgale Gate at Finchdene Sq,2,1,1,9.293672036295091e-05,0.0006752445767758401
1260,Jane St at Eddystone Ave,2,1,1,0.00018755533661667285,0.0
1261,Caledonia Rd at Norman Ave,2,1,1,0.000109627143649326,0.0048234793704806465
1262,Sheppard Ave East at Morningside Ave,3,2,1,0.0001264530949015298,0.006370427477669076
1263,Markham Rd at Sheppard Ave East,4,2,2,0.00011986819177982791,0.018070577428512154
1264,Finch Ave East at Tiffield Rd,2,1,1,0.0001606326389272218,0.0015715830143201476
1265,Symington Ave at Bloor St West,2,1,1,9.8847830508249e-05,0.007279903688400073
1266,430 Tapscott Rd,2,1,1,9.15615268887908e-05,0.0036375478519778816
1267,Ranee Ave at Ameer Ave,2,1,1,0.00014122491696008806,0.0018088047639302424
1268,Shorncliffe Ave at Lockport Ave,2,1,1,0.00012569796124488957,0.00483411314334326
1269,Birchmount Rd at Sanwood Blvd,2,1,1,0.00010366337620813231,0.01240122347167569
1271,Ellesmere Rd at Highland Creek Park,2,1,1,0.00018056041772687733,0.006702187638134794
1272,Old Kingston Rd at Morrish Rd,2,1,1,8.037698305926868e-05,0.0010048915355168014
1273,Islington Ave at Judson St,3,1,2,0.0001076050641912898,0.004947965404792287
1274,Dixon Rd at Celestine Dr,2,1,1,0.00010486806035084714,0.0
1275,Brimley Rd at Britwell Ave,2,1,1,8.79433207762129e-05,0.0010023624980026512
1277,Martin Grove Rd at Tollington Rd,4,2,2,0.0002046581310423036,0.0036106975754997875
1278,Lawrence Ave East at Barrymore Rd,2,1,1,0.00013128793035737323,0.00020097830710336028
1279,Bayview Ave at McKee Ave,2,1,1,0.00011062853171393727,0.004057813544388406
1281,595 Commissioners St,2,1,1,8.083627132812453e-05,0.005665408336877924
1282,Finch Ave East at Trudy Rd East Side,2,1,1,0.00010190445065462724,0.00020097830710336028
1283,Ellis Ave at Lake Shore Blvd West,2,1,1,9.745775142288167e-05,0.00417907273500638
1284,Westlake Ave at Lumsden Ave,2,1,1,0.00010920126962219261,0.0016078264568268822
1285,Victoria Park Ave at McNicoll Ave,4,2,2,0.00013899786659901653,0.010627676971759276
1286,Millwood Rd at Randolph Rd,3,2,1,9.590064449122436e-05,0.005381610928640189
1287,Dufferin St at Ramsden Rd South Side,4,2,2,0.00013497987989742353,0.0157886648124313
1288,Christie St at Barton Ave,2,1,1,0.00010037876767309115,0.0009086558911101659
1291,York Mills Rd at Fenn Ave,2,1,1,0.00016345886971227586,0.005124946831135687
1292,46 Overlea Blvd,2,1,1,0.00014330436324447199,0.0
1293,The East Mall at Rathburn Rd,2,1,1,0.0001098510244276112,0.004971820501914079
1295,Sheppard Ave East at Progress Ave,3,1,2,0.0001087873072736639,0.007163580340685828
1296,Dundas St East at Broadview Ave,2,1,1,0.00011062853171393727,0.011378736167655775
1298,Bay St at College St,2,1,1,0.00010302382954415873,0.004075331804535844
1299,95 Commander Blvd,2,1,1,0.00011062853171393727,0.000429710761378137
1300,McCowan Rd at Brimorton Dr,2,1,1,0.0001102573019233711,0.005132922160782646
1301,The Queensway at Ellis Ave West Side,2,1,1,0.00011062853171393727,0.007209698000850702
1302,Chaplin Cres at Avenue Rd East Side,2,1,1,8.429975537445949e-05,0.009921945208885676
1303,501 Consumers Rd,2,1,1,8.739090792472928e-05,0.008295037850671247
1304,Dufferin St at Rowan Ave,2,1,1,9.7078741020591e-05,0.0
1305,Bathurst St at Caribou Rd,2,1,1,0.0001227424663559827,0.0014100382815823054
1306,Arrow Rd at Deerhide Cres (South),2,1,1,3.337948098539924e-05,0.00737954916025418
1307,Keele St at Donald Ave,3,2,1,0.00011667775251414096,0.008556480064668073
1308,Attwell Dr at Farnboro Rd,2,1,1,0.00012141611422867535,0.0031783908083037153
1309,Sentinel Rd at Grandravine Dr,2,1,1,9.835018646760433e-05,0.0003923862186303701
1310,Brookbanks Dr at Valley Woods Rd,2,1,1,7.721713880980792e-05,0.004849939122270045
1311,Jones Ave at Shudell Ave,2,1,1,9.097251287859851e-05,0.000697043811144194
1312,Martin Grove Rd at Richgrove Dr,2,1,1,9.755761285605243e-05,0.002002871118672905
1314,St Clair Ave East at North Woodrow Blvd,2,1,1,0.00019227510823459186,0.006802956188855808
1315,Greenwood Ave at Felstead Ave,2,1,1,9.20137572430319e-05,0.0015613923153268113
1316,Warden Ave at Ionson Blvd,2,1,1,6.811079351700324e-05,0.003297529713806005
1317,Lawrence Ave East at Midland Ave East Side,4,2,2,0.00013198581838159577,0.010926226751886047
1318,Markham Rd at Painted Post Dr,3,2,1,0.00011287282886445344,0.025537755718689367
1319,Warden Ave at Enterprise Blvd,2,1,1,8.81659537486422e-05,0.00783655891110166
1320,Rogers Rd at Oakwood Ave West Side,2,1,1,6.781700015601931e-05,0.0011053806890684815
1321,Islington Ave at Bergamot Ave,2,1,1,0.00011162564949943385,0.0036592055753689105
1322,Van Horne Ave at Kingslake Rd,2,1,1,7.005438397033517e-05,0.0016992414575358007
1323,2216 Lawrence Ave East,2,1,1,8.8741897214437e-05,0.0
1324,Old Weston Rd at Lavender Rd,2,1,1,7.906809332191997e-05,0.004857082464536739
1325,Dufferin St at Brandon Ave,2,1,1,8.60895869149509e-05,0.0
1326,Village Gate at Steeles Ave West,2,1,1,0.00010702918969452912,0.004384304551254785
1327,Avenue Rd at Glengrove Ave West,2,1,1,0.00011062853171393727,0.0005024457677584007
1328,Parkwoods Village Dr at Combermere Dr,2,1,1,0.00012280511343111316,0.0
1329,Danforth Ave at Sibley Ave,3,1,2,0.00015937741415691844,0.021679285118255624
1330,Steeles Ave East at Pharmacy Ave,3,1,2,0.00012183010974561992,0.009557348235941138
1331,Lake Shore Blvd West at Louisa St,2,1,1,0.00011155489663544957,0.0023438652209021985
1332,Dufferin St at Liberty St,4,2,2,0.0001520386545135553,0.004298702679710761
1333,Albion Rd at Todd Brook Dr East Side,2,1,1,0.00011062853171393727,0.00975435984687367
1334,741 Ellesmere Rd at Mondeo Dr,2,1,1,0.0001008457291381311,0.0
1335,Park Lawn Rd at Lorne Ave,2,1,1,0.00011463662386049713,0.004609208847299022
1336,St Clair Ave West at Vaughan Rd West Side,3,1,2,0.00014027051609000687,0.0032076775840068055
1337,St Clair Ave West at Vaughan Rd East Side,5,4,1,0.0002938389611337447,0.010577438118904246
1338,St Clair Ave West at Bathurst St East Side,5,1,4,0.0002664112304469667,0.010476948965352569
1339,St Clair Ave West at Bathurst St West Side,8,5,3,0.00027677511793087003,0.014202890441657122
1341,Markham Rd at Bur Oak Ave - Mount Joy GO Station,2,1,1,0.00011062853171393727,0.002805720969800085
1342,Dupont St at Howland Ave,2,1,1,0.00011098183119297205,0.0042641838170336685
1343,St Clair Ave West at Tweedsmuir Ave,4,2,2,0.0001477573248280362,0.0018076123079327204
1344,St Clair Ave West at Spadina Rd East Side,3,2,1,0.00012939221053837738,0.001292800935772012
1345,St Clair Ave West at Yonge St West Side,3,2,1,0.00013437696611179632,0.0005893768609102509
1347,York Mills Rd at Laurentide Dr,3,2,1,0.00015970398463337562,0.005042732375920662
1348,Albion Rd at Bankfield Dr,3,2,1,9.93038470480411e-05,0.005491280306252659
1349,Parkside Dr at Indian Valley Cres South Side,2,1,1,0.0001098421304738335,0.0032746703530412593
1350,Queen St East at Leslie St,2,1,1,0.0001745962262687455,0.001030664624614008
1351,Victoria Park Ave at Rowena Dr,4,2,2,0.00011789465323535159,0.03046823219293831
1352,Eglinton Ave East at Sloane Ave,2,1,1,9.858992425983653e-05,0.019614326691315208
1353,The West Mall at Bloor St West,2,1,1,0.00011062853171393727,0.0003014674606550404
1354,Islington Ave at Bering Ave,2,1,1,0.00010416655918295885,0.005852367786757409
1356,The Bridle Path at Suncrest Dr,2,1,1,8.697192823831301e-05,0.0074542241396771385
1357,Eglinton Ave East at Midland Ave,7,5,2,0.000342431413932608,0.024849744086159444
1358,Caledonia Rd at Summit Ave,2,1,1,0.00011062853171393727,0.0003014674606550404
1359,Kingston Rd at Blantyre Ave,2,1,1,0.00011863862976765966,0.0015734220776818422
1360,Bathurst St at Antibes Dr,2,1,1,0.00015872212689136471,0.0035803913228413444
1361,Dufferin St at Wilson Ave South Side,4,2,2,0.00019028521675016296,0.021775213089760093
1362,Jane St at Shoreham Dr,4,2,2,0.00014554077244591368,0.01857294254762577
1363,3600 Steeles Ave West,2,1,1,0.00010266811616992008,0.003533050145834599
1364,Yonge St at Broadway Ave,2,1,1,0.0001004169450482323,0.007436002410321849
1365,Anglesey Blvd at Islington Ave,2,1,1,7.588646176135699e-05,0.0006153409896497945
1366,Brimorton Dr at Mid Pines Rd,2,1,1,8.489402670060632e-05,0.00041418545299872395
1367,The Queensway at Colborne Lodge Dr East Side,2,1,1,0.00011820413465279614,0.00328671602270071
1368,Kingston Rd at Blantyre Ave,2,1,1,0.00011212720347978647,0.00026054262623807496
1369,44 Thorncliffe Park Dr,2,1,1,9.307669778516118e-05,0.0003014674606550404
1371,Crescent Rd at South Dr (West),2,1,1,0.00011062853171393727,4.253509145044662e-06
1374,Spadina Rd at Lonsdale Rd,2,1,1,9.067599679448798e-05,0.007730491257652868
1375,Keele St at Glenlake Ave,4,3,1,0.00018385493083582374,0.00020097830710336028
1377,3689 Weston Rd,2,1,1,0.00010982754082249337,0.0016653931457738347
1378,Cactus Ave at Pleasant Ave,2,1,1,0.00011062853171393727,0.0023048702679710764
1379,College St at Elizabeth St,2,1,1,0.00010466331882478595,0.0038968666102976255
1380,Keele St at Wycombe Rd,2,1,1,0.00014996335812572772,0.000838472990216929
1382,Dundas St West at Scarlett Rd,3,1,2,0.0001023981260002082,0.010191204097547145
1383,Bay St at Charles St West,2,1,1,0.00010539366334008028,0.0025181183129928345
1384,Kennedy Rd at Mewburn Ave,2,1,1,0.00010235964180654958,0.0009742308237629377
1385,University Ave at Gerrard St West,2,1,1,3.434053424220478e-05,0.00040195661420672056
1386,Whitehorse Rd at Steeprock Dr,2,1,1,6.598143964599157e-05,0.0016022437260740112
1387,Carlingview Dr at Fasken Dr South Side,2,1,1,0.00012790596247288342,0.0013380980210891727
1388,Pape Ave at Mortimer Ave,2,1,1,0.0001070122626606847,0.013447597595938728
1389,244 The West Mall,2,1,1,0.00011062853171393727,0.00010048915355168014
1390,Martin Grove Rd at Longbourne Dr,2,1,1,9.253549881164093e-05,0.0022038494257762653
1391,Birchmount Rd at Carncastle Gate,2,1,1,0.00011115201855132296,0.002427371331348362
1392,Gary Dr at Wendell Ave,2,1,1,6.479223240746175e-05,0.0009661905099484853
1393,Dufferin St at Lawrence Ave West,4,2,2,0.0001572722495503185,0.01659257804084474
1394,Avenue Rd at Edmund Ave,2,1,1,9.851580980722437e-05,0.00306571671629094
1395,Foxwell St at Jane St West Side,2,1,1,7.277888613618486e-05,0.0003014674606550404
1396,Dufferin St at Orfus Rd,4,2,2,0.0001676171452962779,0.016894045501499783
1397,The Westway at Islington Ave,2,1,1,0.00011257972146043411,0.0003014674606550404
1399,Scarlett Rd at Edenbridge Dr North Side,2,1,1,0.0001256394867382732,0.00030731603572947686
1400,Lawrence Ave West at Kimbark Blvd,2,1,1,0.00010327289105696978,0.0
1401,The Queensway at Glendale Ave East Side - St Joseph's Health,3,1,2,0.00011610251104196209,0.00308573771559735
1402,Yonge St at St Clair Ave West - St Clair Station,3,1,2,0.00012561706754520005,0.00971902027506026
1403,Kennedy Rd at Craiglee Dr,2,1,1,0.00011062853171393727,0.0008737416702112576
1404,Deauville Lane at St Dennis Dr,2,1,1,7.722140464043234e-05,0.0061861973628243305
1405,Caledonia Rd at Bentworth Ave,2,1,1,0.00010759531883237705,0.0006029349213100808
1406,Carlaw Ave at Commissioners St,2,1,1,0.00011826542468518358,0.012075333602516765
1407,Evans Ave at Horner Ave,2,1,1,8.864994559841803e-05,0.005535410463632496
1408,Moore Ave at Brendan Rd,2,1,1,9.632387897858595e-05,0.0025039686759433673
1409,1299 Ellesmere Rd,2,1,1,0.00010646614662033636,0.0
1410,Bloor St West at Shaver Ave South East Side,2,1,1,0.000147714012054071,0.01609523501957344
1411,Don Mills Rd at Premier Davis Blvd - Seneca College,2,1,1,9.793216598327916e-05,0.0
1414,Belfield Rd at City View Dr East Side,2,1,1,5.0377983575624324e-05,0.0016476671100113449
1415,Sheppard Ave East at Warden Ave,4,2,2,0.00013429304758270547,0.030184840460316612
1416,Dufferin St at St Clair Ave West,4,2,2,0.0001305959697359348,0.009365038628777465
1417,Donlands Ave at O'Connor Dr South Side,2,1,1,7.59747886567334e-05,0.004284296449332605
1418,Greenwood Ave at Gerrard St East,2,1,1,0.00011062853171393727,0.00065698993336169
1419,Finch Ave East at Walkway to Huntingdale Blvd,2,1,1,9.639094252876065e-05,0.0
1420,Islington Ave at Dixon Rd,4,2,2,0.00015399906148129842,0.008327033095573078
1421,Oak St at Roadway to Piggott Mews,2,1,1,4.7205439226767044e-05,0.0011671688170518453
1422,Warden Ave at Glen Springs Dr,2,1,1,0.0001281464236968474,0.00020097830710336028
1423,Arleta Ave at Sheppard Ave West North Side,2,1,1,6.757203754085116e-05,0.0015020204168438962
1424,Warden Ave at Roper Rd (North Commuter Parking Lot),2,1,1,0.00011375296267090518,0.0
1425,Parkwoods Village Dr at Gailong Crt,2,1,1,0.0001293077912931469,0.00010048915355168014
1426,Jane St at Wilson Ave South Side,4,2,2,0.00017315726551921917,0.017117485814595382
1428,Hilda Ave at Green Bush Rd,2,1,1,6.972683229268279e-05,0.004933842741690467
1429,Avenue Rd at Cottingham St South Side,2,1,1,0.00010002229567815507,0.00296522756273926
1430,Opposite 430 Tapscott Rd - Walkway to Tunmead Square,2,1,1,3.877616798532847e-05,0.001573940167304693
1431,King St West at Queen St West,2,1,1,9.05727926187473e-05,0.0020303627973236654
1432,St Clair Ave West at Russell Hill Rd East Side,3,1,2,0.00012728263211201027,0.0011923117822203318
1433,Weston Rd at Sheppard Ave West,4,2,2,0.00012472858164586074,0.0030449001970429017
1434,1811 Albion Rd,2,1,1,0.00011062853171393727,0.006020310506167589
1435,Brentcliffe Rd at Vanderhoof Ave,2,1,1,5.7257657573610917e-05,0.001892401870070946
1436,Coxwell Ave at Gerrard St East,4,2,2,0.0001927566960883685,0.0179403684717381
1437,Lawrence Ave East at Cardinal Pl,2,1,1,0.00013276901946992874,0.0071208135848980164
1439,Evans Ave at Eastwick Rd,2,1,1,9.488853893171e-05,0.003062608382684946
1440,Yonge St at Crescent Rd - Rosedale Station,2,1,1,0.00011991560582633913,0.006220757124627819
1441,Gerrard St East at Logan Ave,2,1,1,0.00012077512079570893,0.004742437362014139
1442,Eglinton Ave East at Falmouth Ave,4,1,3,0.00027493047300377406,0.022267686805569627
1443,Donlands Ave at O'Connor Dr,2,1,1,0.00011275241839406864,0.001754749751878633
1444,Yonge St at Rosehill Ave,2,1,1,0.00011062853171393727,0.0058188005104210985
1445,Islington Ave at Summitcrest Dr,2,1,1,0.0001238158198349371,0.00010048915355168014
1446,Lawrence Ave West at Keele St,4,2,2,0.00012164863672400086,0.011375219638046628
1447,Gerrard St East at St Matthews Rd,4,2,2,0.00014500254511238297,0.014104872068967695
1448,Victoria Park Ave at Lawrence Ave East,4,2,2,0.00011990954688927239,0.03076969965359335
1449,Thirtieth St at Horner Ave,2,1,1,6.297350608688801e-05,0.004755783622840195
1450,North Queen St at Atomic Ave,2,1,1,9.141789341601182e-05,0.0015736147094079888
1451,Mt Pleasant Rd at Lawrence Ave East,2,1,1,0.00011062853171393727,0.0009044023819651212
1452,King St West at Sudbury St,4,2,2,0.0002471444238706266,0.006911787478154113
1453,Howard Park Ave at Dundas St West,2,1,1,0.0001003604748631846,0.00473521905572097
1454,McNicoll Ave at Middlefield Rd,2,1,1,0.00011026261881884482,0.004473716858074579
1457,Greenwood Ave at Dundas St East,2,1,1,6.895096163323284e-05,0.002063838083085212
1459,Silverdale Cres at York Mills Rd South Side,2,1,1,3.459825140022454e-05,0.005352384890028446
1460,Kennedy Rd at Malta St North Side,2,1,1,8.993977113373543e-05,0.0017756899946488112
1461,Steeles Ave West at Weston Rd,3,1,2,0.00012201026267367741,0.0037914749759724573
1462,Opposite 185 Graydon Hall Dr,2,1,1,0.0001018713834582087,0.0058342194810718844
1463,626 Dixon Rd,2,1,1,0.00010532865523812796,0.00010048915355168014
1464,Bloor St West at Manning Ave,2,1,1,0.00011062853171393727,0.0172171850118963
1465,Finchdene Sq at Pullman Crt,2,1,1,9.886991700902155e-05,0.0006840174393874947
1466,Parliament St at Gerrard St East,2,1,1,9.563716066360474e-05,0.001172677280184724
1467,4359 Jane St,2,1,1,7.779852576452744e-05,0.00010048915355168014
1468,Dundas St West at McCaul St,2,1,1,0.00010661249966533107,0.012584606010275938
1469,The Queensway at Brawley Ave,2,1,1,0.00011381467670524106,0.00143878978823587
1471,Humberwood Blvd at Kingsplate Cres,2,1,1,6.581487136224351e-05,0.002832438324117397
1472,Nugget Ave at Transfer Pl,2,1,1,0.00011622947415734176,0.007030239450751999
1474,Oakwood Ave at St Clair Ave West,2,1,1,0.00017281965260915416,0.011581146839453655
1475,Prince Edward Dr South at Glenroy Ave,2,1,1,0.00012029333615950867,0.01210212648191168
1477,Albion Rd at Kipling Ave,2,1,1,9.349494517226837e-05,0.008130582730752872
1478,Mortimer Ave at Knight St,2,1,1,0.00010052808199492646,0.006965587475051531
1479,Milner Ave at Markham Rd,4,2,2,0.00012054156610902855,0.014144152433152648
1481,Dupont St at Shaw St,2,1,1,0.00010683788921907937,0.0038622272028269477
1482,Dufferin St at Dolomite Dr,2,1,1,0.00012007343071451592,0.003156871780329884
1483,Kingston Rd at Elmer Ave,2,1,1,0.00011447366646833381,0.005470544449170566
1484,3447 Kennedy Rd,2,1,1,0.00011062853171393727,0.00010048915355168014
1485,Lawrence Ave West at Lorindale Ave,4,3,1,0.000124115216039593,0.006827853142533065
1486,Pharmacy Ave at Dolphin Dr,2,1,1,0.00010993315993275063,0.0018700510198011264
1487,Birchmount Rd at Crouse Rd,2,1,1,9.929491978418701e-05,0.015618353891960868
1488,Jane St at Woolner Ave,4,2,2,0.00015798795918435315,0.04036057408644383
1489,Washburn Way at Nahanni Ter South Side,2,1,1,0.00011394467784054039,0.0053272898057564145
1490,Danforth Rd at Tansley Ave South Side,2,1,1,0.00010753384264032564,0.0006027585823631128
1491,Victoria Park Ave at Altair Ave North Side,3,1,2,0.00018737566648198873,0.006996003473699135
1492,Evans Ave at The East Mall,2,1,1,5.2906497061904974e-05,0.003967010764650067
1493,Queen St East at Church St,2,1,1,2.9040293393625638e-05,0.0
1494,Birchmount Rd at Riseborough Circt (North),2,1,1,0.00011062853171393727,0.00020097830710336028
1495,Keele St at Dundas St West South Side,5,2,3,0.00019934865998282115,0.014715803843094791
1496,Weston Rd at Lambton Ave,2,1,1,0.00010231688060960168,0.0013673692412401847
1497,Weston Rd at York Ave,2,1,1,0.00011971258900653217,0.0025752793561000967
1498,Pritchard Ave at Jane St,2,1,1,6.370675936520001e-05,0.00040195661420672056
1500,Wynford Dr at Concorde Pl West Side,2,1,1,7.701218760785056e-05,0.000703424074861761
1502,Kingston Rd at Scarborough Rd,2,1,1,0.00011671607267102293,0.006073479370480647
1503,Hambly Ave at Williamson Rd,2,1,1,0.0001128142961605007,0.0006125053168864313
1504,Coxwell Ave at Sammon Ave,2,1,1,0.00011190567944805617,0.0054415041218529095
1505,Coxwell Ave at Springdale Blvd,2,1,1,0.00010838856934722619,0.00534101496830123
1506,Kennedy Rd at Danforth Rd,2,1,1,9.297003787664025e-05,0.010861701928147031
1507,Maniza Rd at Gilley Rd,2,1,1,6.368867506089761e-05,0.0017554586700694742
1508,Dundas St East at Jarvis St,2,1,1,9.090468789541448e-05,0.004885347813824497
1509,Yonge St at Briar Hill Ave,2,1,1,0.00012693522934350055,0.00991617042393308
1510,Markham Rd at Blakemanor Blvd,4,2,2,0.000108951812683609,0.02614069063999945
1512,Grandravine Dr at Derrydown Rd,2,1,1,7.023746396111464e-05,0.0005036357375787406
1513,Lawrence Ave East at Underwriters Rd,2,1,1,0.00010852335141982137,0.0
1514,Commissioners St at Logan Ave,3,1,2,0.00016945329632781647,0.007524927911306049
1515,Berry Rd at Minstrel Dr,2,1,1,0.00011403951269124931,0.01159968071415328
1516,Leslie St at Dexter Blvd South Side,2,1,1,7.68152090186855e-05,0.0024889497377002696
1517,Willowdale Ave at Otonabee Ave,2,1,1,0.00011062853171393727,0.0005269034453424075
1518,100 Bridgeland Ave,2,1,1,5.051286425469483e-05,0.0005502977456401532
1519,Queen St West at Ossington Ave,2,1,1,0.0001178396795012335,0.004746975190473249
1520,McCowan Rd at Steeles Ave East,3,2,1,0.00017841549367462876,0.010891110165886857
1521,Waterbury Dr at Clarion Rd,2,1,1,0.00010773238143334796,0.0010320076563164612
1522,Rathburn Rd at Islington Ave,2,1,1,0.0001068808866188826,0.005049978732454275
1523,William R Allen Rd at Overbrook Pl,3,2,1,0.00018231011959419518,0.011703165630618401
1525,Caledonia Rd at Glengrove Ave,2,1,1,0.00011062853171393727,0.0026363781369629948
1526,Dufferin St at College St,2,1,1,0.00012353410174120415,0.013979860048501058
1527,Islington Ave at Judson St North Side,3,2,1,0.00021194356458526257,0.014610455393717834
1528,Lansdowne Ave at Dupont St,2,1,1,0.00011062853171393727,0.001406848149723522
1530,Keele St at Diana Dr South Side,3,1,2,0.00014198181398783897,0.0007379838366652488
1531,Opposite 625 Finch Ave West,2,1,1,0.00011074462578136,0.00020097830710336028
1532,Eglinton Ave West at Bemersyde Dr,2,1,1,0.0001238805758186701,0.0018931809645175012
1533,Bloor St East at Jarvis St,2,1,1,0.00011062853171393727,0.02095123435260238
1534,McCowan Rd at Southdale Dr South Side,2,1,1,0.00011062853171393727,0.010048383666524883
1535,Queen St West at Ossington Ave,2,1,1,0.00011029391028588865,0.0011764881055023547
1536,Lloyd Manor Rd at Beaverbrook Ave,2,1,1,9.99186729152887e-05,0.0005561463207145895
1537,Cosburn Ave at Linsmore Cres,2,1,1,0.00012727132042459675,0.006051250872337644
1538,Oak St at Weston Rd,3,2,1,0.000149040777927932,0.006261364844746917
1539,Opposite 215 Carlingview Dr,3,2,1,0.00013397768813016182,0.005285985887954337
1540,Mill Rd at Toledo Rd,2,1,1,9.975333530235693e-05,0.005333368779242875
1541,4610 Dufferin St,2,1,1,0.00011294469372458835,0.0028554043196748428
1542,Islington Ave at Fenley Dr South Side,2,1,1,0.00014374732107347359,0.00010048915355168014
1544,Markham Rd at Milner Ave,3,1,2,0.00010632885989660503,0.004424127508097975
1545,St Regis Cres North at Ceramic Rd East Side,2,1,1,7.368043323673765e-05,0.00031561037856231395
1546,3400 Keele St,2,1,1,9.871900916023834e-05,0.0
1547,Foxwell St at Duern St,2,1,1,0.00012802162623944105,0.008952248452195284
1548,Dufferin St at Playfair Ave,2,1,1,0.00011328067943591402,0.00010048915355168014
1549,Brimley Rd at Lombardy Cres,2,1,1,8.307297411102693e-05,0.011107571787197469
1551,Finch Ave East at Opposite Walkway East of Birchmount Rd,2,1,1,9.915846789511964e-05,0.0
1552,Christie St at Yarmouth Rd North Side,2,1,1,0.00010269132302484965,0.0007076775840068057
1553,Steeles Ave West at Islington Ave,3,1,2,9.91814628531086e-05,0.003795348943658594
1554,Belfield Rd at McCulloch Ave West Side,2,1,1,5.9091990164527614e-05,0.0015270129203642693
1555,Brown's Line at Jellicoe Ave South Side,2,1,1,0.00016984950757183316,0.00688018018419975
1557,Warden Ave at Bowater Dr North Side,3,2,1,0.00012652998359181513,0.011164011445806428
1558,Sheppard Ave East at Victoria Park Ave West Side,5,3,2,0.00014868239983682987,0.040968018214003976
1560,Dupont St at Shaw St,2,1,1,0.00011062853171393727,0.009539495989988841
1561,Parkside Dr at Geoffrey St,2,1,1,0.00010606942260421275,0.0030736920459378987
1562,Dufferin St at Finch Ave West South Side,3,2,1,0.00020236929435134518,0.012233860295855192
1563,Yonge St at Charles St East,2,1,1,0.00011142660564287144,0.006622713738834539
1564,Steeles Ave East at Bestview Dr,2,1,1,0.00011171195464776973,0.00020097830710336028
1565,Eglinton Ave West at Municipal Dr - York Civic Centre,3,2,1,0.0001418900913773993,0.03408149974068368
1566,Lawrence Ave East at Kennedy Rd East Side,5,3,2,0.00013765275404123976,0.011127205058989406
1567,Jane St at Eglinton Ave West South Side,5,3,2,0.00012885007679287906,0.038014907307378436
1568,Pharmacy Ave at Steeles Ave East South Side,2,1,1,0.00011062853171393727,0.0017083156103785623
1569,Howard Park Ave at Roncesvalles Ave,2,1,1,7.858701725063852e-05,0.000699702254359847
1570,Caledonia Rd at Leswyn Rd,2,1,1,0.00012337978316184734,0.004043226286686516
1573,Warden Ave at Frey Cres,2,1,1,0.00010990280990626423,0.0
1574,227 Bridgeland Ave,2,1,1,0.00010876613388869014,0.0003014674606550404
1575,Waterbury Dr at Redgrave Dr North Side,2,1,1,0.00010719991603151037,0.0011324968098681413
1576,Sheppard Ave East at Walkway to Murison Blvd,2,1,1,0.00011779775631209509,0.0
1578,Keele St at Calvington Dr South Side,3,2,1,0.00019320916370315245,0.04003715903070925
1579,Cummer Ave at Conacher Dr,2,1,1,8.599111521082688e-05,0.002441567418119949
1580,Queen St East at Kingston Rd,2,1,1,8.887813889077656e-05,0.0
1581,Warden Ave at Bertrand Ave,2,1,1,0.00010935583833444678,0.0003014674606550404
1582,1415 Morningside Ave,3,2,1,0.0002104763482377081,0.005496532869512454
1583,Bloor St West at Windermere Ave,2,1,1,7.011913346133036e-05,0.014186559746051975
1584,150 Murison Blvd,2,1,1,0.00011062853171393727,0.000703424074861761
1585,Lake Shore Blvd West at Mimico Ave,2,1,1,0.0001371991100665961,0.0014010930877270229
1586,Brimley Rd at Brimley Woods Park,2,1,1,9.907995022879348e-05,0.0009044023819651212
1587,Bloor St West at Shaw St,2,1,1,0.00010985460887123714,0.009224874332634322
1588,Leslie St at York Mills Rd,2,1,1,9.05614109692086e-05,0.0001908762228838792
1589,Finch Ave East at Pineway Blvd,2,1,1,9.451631130624118e-05,0.00040195661420672056
1591,5373 Finch Ave East,2,1,1,9.919901415272216e-05,0.0017944253828468828
1592,Ellesmere Rd at Dewey Dr,2,1,1,0.00011367514678065597,0.0
1593,Warden Ave at Canadian Rd,2,1,1,9.894372734003368e-05,0.00040195661420672056
1594,Leslie St at Steeles Ave East,2,1,1,0.00011062853171393727,0.0005051042109740536
1595,Bellamy Rd North at Nelson St,2,1,1,6.11129453837824e-05,0.0015073373032752021
1596,Annette St at High Park Ave,2,1,1,9.286843779821469e-05,0.011046833293264046
1598,Victoria Park Ave at Dawes Rd South Side,2,1,1,0.00010866470300205795,0.012349561419392537
1599,Post Rd at Bayview Ave,2,1,1,0.00010299283208319994,0.006650310911263697
1600,Cosburn Ave at Westlake Cres West Side,3,1,2,0.00011062853171393727,0.0
1601,Royal York Rd at Royaleigh Ave,4,2,2,0.00011062195533423575,0.0009814972352190558
1602,Queen's Plate Dr (West) at Rexdale Blvd North Side,2,1,1,6.1995937026848e-05,0.0020391588685665673
1603,Dufferin St at Briar Hill Ave,2,1,1,9.22646859298855e-05,0.00010048915355168014
1604,240 Rexdale Blvd,2,1,1,9.372093618911824e-05,0.0022753670867006943
1605,Calvington Dr at Roding St,2,1,1,8.969733916258828e-05,0.009587941301573798
1607,Finch Ave East at Don Mills Rd East Side,2,1,1,7.141906570601311e-05,0.015893131653182256
1608,Sheppard Ave East at Neilson Rd,4,2,2,0.00013595853153001853,0.006872873245427477
1609,3381 Steeles Ave East,2,1,1,0.00011820476311121198,0.0
1610,Woodbine Ave at Barker Ave,2,1,1,0.00010919251405447957,0.0031557808684297417
1611,Crescent Rd at Mt Pleasant Rd East Side,2,1,1,0.00011062853171393727,7.975329646958741e-06
1612,Rathburn Rd at Edenwood Dr,2,1,1,0.00011062853171393727,0.007694428519470593
1613,Sweeney Dr at Sloane Ave West Side,2,1,1,0.00011062853171393727,0.0009519353466609954
1614,Oakwood Ave at Earlsdale Ave,3,2,1,0.00019385989491302468,0.011782125146557016
1616,Steeles Ave West at Hidden Trail,3,1,2,0.00016923630967523824,0.02833545205883973
1617,Woodbine Ave at Barker Ave South Side,2,1,1,0.00011480894075196476,0.0039596940968431825
1619,Brown's Line at Coules Crt (North) South Side,2,1,1,9.733356842316171e-05,0.0074135702309883495
1620,195 Bermondsey Rd,2,1,1,9.977471918213191e-05,0.0016553594215227563
1621,Scarborough Golf Club Rd at Mossbank Dr,2,1,1,6.146291555683781e-05,0.0008161420672054445
1622,11 Thorncliffe Park Dr,2,1,1,8.567419759282613e-05,0.007196564025440035
1623,Dawes Rd at Gower St,2,1,1,9.823206962193836e-05,0.008203246845314052
1624,College St at Spadina Ave,2,1,1,0.00011062853171393727,0.0034949099960909047
1625,Crescent Rd at Lamport Ave,2,1,1,0.00011062853171393727,6.380263717566993e-06
1626,Brimley Rd at Port Royal Trail (South),2,1,1,6.155904886778535e-05,0.0
1627,Kingston Rd at Sharpe St,2,1,1,0.00012926290883940691,0.0020592453059488365
1628,Steeles Ave West at Torresdale Ave,3,2,1,0.00015735369566213103,0.028033984598184687
1629,Bathurst St at Vesta Dr,4,2,2,0.0001542503312022986,0.015673695390285736
1630,Oakdale Rd at Finch Ave West South Side - Humber Reactivatio,2,1,1,9.284929891963109e-05,0.0005124540245702705
1632,Ellesmere Rd at Markham Rd,3,2,1,0.00017241206710565829,0.015379488204445655
1633,75 Thorncliffe Park Dr,2,1,1,9.599970949886698e-05,0.011533548287456199
1634,Spadina Ave at Queen St West South Side,2,1,1,0.00011062853171393727,0.00503562313908975
1635,Jane St at Pritchard Ave,2,1,1,9.542859743067017e-05,0.0
1636,Islington Ave at Vanhill Ave,2,1,1,0.00011062853171393727,0.0020880487469870975
1637,Bannatyne Dr at Beaverhall Dr,2,1,1,6.692360823425166e-05,0.006237239472564866
1638,Yonge St at Chatsworth Dr,2,1,1,0.0001358188058919146,0.01021763788458812
1639,Glenorchy Rd at Royal Oak Dr South Side,2,1,1,8.114870362085493e-05,0.005495964230013571
1640,Kennedy Rd at Huntingwood Dr,2,1,1,0.00010742886447736891,0.000899617184176946
1642,Lawrence Ave East at Fortune Gate,3,2,1,0.00020702707940413803,0.009709133243370565
1643,Opposite 1111 Finch Ave West,2,1,1,0.00010936197068560279,0.006248612545826497
1644,Steeles Ave West at Gaudaur Rd East Side,2,1,1,0.0001325118165673739,0.004293920743730858
1645,6030 Bathurst St,2,1,1,0.00018895647960711723,0.0038818587834963847
1646,Lawrence Ave East at Townley Ave,2,1,1,0.00010152508827368975,0.0
1647,Finch Ave West at Driftwood Ave,2,1,1,7.536510413650544e-05,0.006079615310607442
1648,Glenorchy Rd at Royal Oak Dr,2,1,1,9.542865421507352e-05,0.007253245832573778
1649,Finch Ave East at Ravel Rd,2,1,1,9.822780266294535e-05,0.0
1650,Finch Ave East at Leslie St East Side,4,2,2,0.00016484422058819868,0.016395577420940655
1651,Coxwell Ave at Cosburn Ave,2,1,1,0.00010675838651271106,0.0034709520771302993
1652,Lake Shore Blvd West at Thirteenth St,2,1,1,0.00016590643823434094,0.006613497802353608
1654,Coxwell Ave at Barker Ave North Side,3,1,2,0.00010689367307423187,0.012566993919875672
1655,Sheppard Ave East at Rouge River Dr,2,1,1,0.00011931252941455636,0.0059684708634623555
1656,Union Station Streetcar Platform,2,1,1,0.0001246866949205182,0.00571307042595856
1657,The Esplanade at Lower Sherbourne St,4,2,2,0.0001756655305105551,0.0038185878349638455
1658,Sherbourne St at Bloor St East - Sherbourne Station,2,1,1,0.00010836410733900377,0.002311250531688643
1659,Sheppard Ave East at Meadowvale Rd West Side,4,3,1,0.00014681991636894008,0.0020871395985020973
1660,Progress Ave at Milner Ave,2,1,1,9.988633963940946e-05,0.006550883447097824
1661,Rexdale Blvd at Kipling Ave,2,1,1,8.307313702513006e-05,0.002576834547355735
1662,Bathurst St at Wilson Ave South Side,3,2,1,9.022895977550067e-05,0.0016710974053594217
1663,The East Mall at Eglinton Ave West South Side,2,1,1,0.00011521092816503439,0.0008405489805471423
1664,Ridgecrest Rd at Major Mackenzie Dr East South Side,2,1,1,0.00011062853171393727,0.007520204168438962
1665,Danforth Rd at Warden Ave,3,1,2,8.22081930300833e-05,0.005364782294599393
1667,Markham Rd at 14Th Ave,2,1,1,8.148135903258632e-05,0.004011590812420247
1668,Warden Ave at Cataraqui Cres,2,1,1,0.00013282042335299068,0.01732247155521826
1669,Spadina Ave at Bremner Blvd North Side,3,2,1,0.00011601851782293282,0.0023064653339004678
1670,Burnhamthorpe Rd at Renforth Dr,2,1,1,0.00011062853171393727,0.005827839217354317
1671,Ellesmere Rd at Calthorpe Ave,2,1,1,6.980213009360464e-05,0.005989029490996739
1672,Lawrence Ave East at Greencedar Circt East Side,2,1,1,0.0001129723348501638,9.995746490854956e-05
1673,Eglinton Ave East at Bayview Ave,2,1,1,9.102355053795241e-05,0.007919025317259062
1675,Cosburn Ave at Pape Ave,2,1,1,7.657785997619123e-05,0.0061910964938931765
1676,Flemington Rd at Stockton Rd,2,1,1,8.344325340663784e-05,0.0006029349213100808
1677,Alness St at Flint Rd,2,1,1,5.605623118469739e-05,0.002009783071033603
1678,Pharmacy Ave at Glendinning Ave,2,1,1,0.00011062853171393727,0.002110272224585283
1679,Queen St West at Dufferin St,2,1,1,0.00011181970275589363,0.0014779555661573953
1680,Finch Ave East at Baldoon Rd,3,1,2,3.2536149385958087e-05,0.0013698957890259465
1681,328 The West Mall,2,1,1,0.00011062853171393727,0.00040195661420672056
1683,Markham Rd at Steeles Ave East,5,2,3,0.00011395693163926247,0.025398211568166656
1684,Yonge St at Alcorn Ave - Summerhill Station,2,1,1,0.00010052002084252217,0.005485272224585284
1685,Markham Rd at Progress Ave South Side,5,3,2,0.00017150008401005853,0.012325774493123493
1686,Brimley Rd at Largo Lane South Side,2,1,1,9.781441807853392e-05,0.0006004058837959307
1687,Birchmount Rd at Danforth Rd,2,1,1,6.872663507613661e-05,0.00041737558485750747
1688,Dovercourt Rd at Shanly St,2,1,1,9.598603324992912e-05,0.001567418119948958
1690,Middlefield Rd at Orator Gate North Side,2,1,1,6.851019523633481e-05,0.008576758117113285
1691,Leslie St at Eastern Ave,2,1,1,9.150472343433911e-05,0.005363940876222884
1692,Jane St at Maple Leaf Dr,4,2,2,0.00015906208279305823,0.025749426787448022
1693,Danforth Rd at Hollyhedge Dr South,2,1,1,0.0001116827997883485,0.005735857082092726
1694,Midland Ave at Wolfe Ave,2,1,1,7.215961665555641e-05,0.0020796115128314196
1695,Driftwood Ave at Wilmont Dr,2,1,1,9.970578926867031e-05,0.0005976180348787751
1696,Opposite 209 Carrier Dr,2,1,1,0.00011480747822513571,0.0016490987877498936
1698,Burnhamthorpe Rd at Old Burnhamthorpe Rd (West),2,1,1,0.00011062853171393727,0.006129306678009358
1699,Lawrence Ave West at Elm Rd West Side,2,1,1,0.00011936283844700429,0.006559715950272518
1700,Ninth St at Birmingham St,2,1,1,6.84813991566391e-05,0.0
1701,Victoria Park Ave at Eglinton Ave East,3,2,1,0.00011801008120821468,0.023076444040263093
1702,Warden Ave at Highway 7,2,1,1,0.00011062853171393727,0.005525308379413016
1703,Kipling Ave at Henley Cres,4,2,2,0.00015435025130921878,0.004588626900529808
1704,Kipling Ave at Torlake Cres (South),2,1,1,0.00010526890187751979,0.0
1706,Warden Ave at Masseyfield Gate,2,1,1,5.99978297054737e-05,0.0036000638026371756
1707,Victoria Park Ave at Greylawn Cres (South),2,1,1,0.00011237325867967279,0.0
1708,Davenport Rd at Old Weston Rd,3,1,2,0.0001587267271614423,0.01722555513416477
1709,Bushby Dr at McCowan Rd - McCowan Rt Station,5,2,3,0.00019705260762806383,0.04359874263691788
1710,Midland Ave at Kilcullen Castle Gate North Side,2,1,1,0.00011062853171393727,0.0054563545075441006
1711,Ellesmere Rd at Victoria Park Ave East Side,3,2,1,0.00013868481969647837,0.09834307688423187
1713,Victoria Park Ave at Pawnee Ave,2,1,1,0.00012251532673888285,0.0050080284985112725
1714,Arrow Rd at Lido Rd,2,1,1,0.00017311672414021574,0.00768101662090922
1715,Wellesley St West at Parliament Building,2,1,1,9.702949731250611e-05,0.0029275156468372117
1716,1530 Albion Rd - Albion Centre,2,1,1,9.649247776349416e-05,0.008030093577201192
1718,Kingston Rd at Sandown Ave,2,1,1,0.0001323293204043704,0.002159734459500517
1719,Crow Trail at Crittenden Sq,2,1,1,8.12343368783627e-05,0.000788228413441089
1720,Kingston Rd at Waverley Rd,2,1,1,9.571764208274772e-05,0.007078370905997448
1721,Queen St East at Jarvis St,3,1,2,9.108283569637317e-05,0.006354801647300132
1722,Passmore Ave at Silver Star Blvd,2,1,1,8.238615315972155e-05,0.0022059761803487877
1723,Weston Rd at Bushey Ave,2,1,1,7.72981922566663e-05,0.0009858917224134151
1724,Laurentide Dr at Three Valleys Dr,2,1,1,6.431650708991165e-05,0.005050917429373405
1725,Ellis Ave at Lake Shore Blvd West North Side,2,1,1,0.00011062853171393727,0.0073101871544023825
1726,Sherbourne St at Carlton St,2,1,1,0.00010849928058015733,0.002713207145895364
1727,Woodbine Ave at Cosburn Ave,2,1,1,0.00010928569639168169,0.0030552917148780616
1729,Annette St at Willard Ave,2,1,1,0.00011062853171393727,0.0016514658246899847
1730,Sherbourne St at Shuter St,2,1,1,0.00010660110977586966,0.0030146746065504043
1732,Weston Rd at Walsh Ave,4,2,2,0.00015933562292523232,0.02553097210986262
1734,Pharmacy Ave at Innismore Cres,2,1,1,0.00011062853171393727,0.005022862611654615
1735,Antibes Dr at Bathurst St,2,1,1,0.00011062853171393727,0.0009044023819651212
1736,Lake Shore Blvd West at Twenty Sixth St,2,1,1,0.00014886395059601326,0.006312030341698568
1737,Gerrard St East at De Grassi St,2,1,1,0.00012299640376564364,0.004842926515565818
1738,College St at Dovercourt Rd,2,1,1,9.649777422456735e-05,0.005280589783241293
1740,Stephen Dr at Cloverhill Rd North Side,2,1,1,9.120139623357434e-05,0.014961186729051468
1741,Yonge St at Wellington St West,4,2,2,0.0002046581310423036,0.01632527863567153
1742,Lawrence Ave West at Lorindale Ave East Side,4,1,3,0.00010642077284247537,0.00881365578983614
1743,Ellesmere Rd at Conlins Rd,2,1,1,0.00016107668089202501,0.006501209331031434
1744,Lawrence Ave West at Avenue Rd,4,2,2,0.00013737358037182602,0.016446651150889967
1745,Humber Blvd at Weston Rd,3,1,2,8.508735526526514e-05,0.00014249255635899618
1746,Markham Rd at McNicoll Ave,4,1,3,0.00012425159006597286,0.026503592257235135
1747,Bellamy Rd North at Ellesmere Rd,2,1,1,0.00010229653516206821,0.00040195661420672056
1748,Runnymede Rd at Annette St,2,1,1,0.00014454190462979586,0.0032113994045087197
1749,1183 Finch Ave West,2,1,1,0.00017614972096781823,0.008476658868566567
1750,Christie St at Follis Ave North Side,2,1,1,0.00010331230142033212,0.0008081667375584858
1752,Queen St West at Dovercourt Rd,2,1,1,0.00011219527990808254,0.004646486036921568
1753,The East Mall at Talgarth Rd,2,1,1,0.00010427643650860605,0.0027447267393035145
1755,Dundas St West at Pacific Ave,2,1,1,0.00010919421643694339,0.0035063326915758136
1757,625 Finch Ave West,2,1,1,0.000153406370380195,0.007155980795391238
1758,St Phillips Rd at Riverview Heights North Side,2,1,1,9.458654165926588e-05,0.0006784347086346235
1759,Islington Ave at Barkwin Dr,2,1,1,9.952863636030604e-05,0.002791472821848858
1761,Townsley Loop at Tonwsley St,2,1,1,7.117374213505965e-05,0.0025109224038403115
1762,Jane St at San Romanoway North Side,3,1,2,0.00010085500954691606,0.001462480504749752
1763,Willowdale Ave at Wedgewood Dr,2,1,1,0.00010669670573361687,0.0009288600595491281
1764,Steeles Ave East at Kennedy Rd,4,2,2,0.0001190610642239307,0.010416955849722504
1765,Church St at Elm St,2,1,1,6.71832120536241e-05,0.0017369145517273973
1766,Cosburn Ave at Greenwood Ave,2,1,1,8.65883820872482e-05,0.005889629033238137
1768,Oakwood Ave at Rogers Rd,2,1,1,0.00010898411995129264,0.003914649081252318
1769,Eglinton Ave West at Walkway to Rangoon Rd,3,2,1,0.0001443185682487722,0.0023956267322759015
1770,Central Park Rdwy at Islington Ave,2,1,1,0.00011879639618064046,0.010700676625924723
1771,Walsh Ave at Wilson Ave,2,1,1,0.00020883320055740481,0.00010048915355168014
1772,St Clair Ave East at Herron Ave East Side,2,1,1,8.870695170537309e-05,0.008468913937331629
1773,Bellamy Rd North at Nelson St South Side,2,1,1,0.00011062853171393727,0.0050398766482347935
1775,Scarlett Rd at Delemere Ave,3,1,2,0.00010625714088636712,0.0008786597901602155
1776,Danforth Rd at Gordonridge Pl East Side,2,1,1,0.00010240093008755094,0.0063000226178660905
1777,Lawrence Ave West at Olympia Dr East Side,2,1,1,0.00012596650422295558,0.004737877498936623
1778,Broadview Ave at Browning Ave,3,1,2,0.00021198563099400435,0.03668447570436087
1779,3395 Weston Rd,2,1,1,9.434736971301985e-05,0.0
1780,Bloor St West at Symington Ave,2,1,1,0.00011062853171393727,0.013213735073689144
1781,Lake Shore Blvd West at Colborne Lodge Dr,2,1,1,9.943466983504341e-05,0.004078583581454701
1782,Milner Ave at Burrows Hall Blvd,2,1,1,9.856973289863459e-05,0.001406848149723522
1783,Wilson Ave at William Cragg Dr,2,1,1,0.00016483721016062865,0.00020097830710336028
1784,Steeles Ave West at Klondike Dr,2,1,1,0.00012727118500119994,0.003992453283075818
1785,Crow Trail at Baldoon Rd,2,1,1,8.40342262052683e-05,0.0035593347646729182
1786,McCowan Rd at Walkway to Historic Ter,2,1,1,9.662785478155173e-05,0.007342088472990217
1787,Sheppard Ave East at Breckon Gate,4,2,2,0.00013063439288727124,0.006571405784772437
1788,York Mills Rd at Birchwood Ave,2,1,1,0.0001340500925599195,0.00020097830710336028
1790,Dupont St at Bathurst St,2,1,1,0.00011062853171393727,0.00913753937578212
1793,Dundas St West at Jane St,3,1,2,0.00017185920754978862,0.006843399599833033
1794,Lake Shore Blvd West at Kipling Ave,2,1,1,0.0001640130279143077,0.006513008648801928
1795,Roncesvalles Ave at Howard Park Ave,2,1,1,0.00010307593535776192,0.0014274278760135841
1796,Pharmacy Ave at Teesdale Place,2,1,1,0.0001099086024216413,0.0017695618662494463
1797,Mt Pleasant Rd at Belsize Dr,2,1,1,7.878921292907564e-05,0.0014679125903870693
1798,Eglinton Ave West at Duplex Ave,5,1,4,0.00021458077110129338,0.015591755677781852
1799,Kipling Ave at Beaconhill Rd,2,1,1,5.398238626536315e-05,0.0022712235714765433
1800,Park Lawn Rd at Gardiner Expressway (Wb On Ramp),2,1,1,0.00010670364358859692,0.004810187154402382
1801,Weston Rd at Clouston Ave,2,1,1,9.787362403157731e-05,0.00020097830710336028
1802,Ossington Ave at Queen St West,3,1,2,0.00011708455711479328,0.0062979846592263935
1803,McCowan Rd at Sheppard Ave East,5,2,3,0.00023157586524021634,0.03482808733872112
1804,Van Horne Ave at Bickerton Cres,2,1,1,8.55045309755691e-05,0.0013977739968807602
1805,Kingston Rd at Neilson Ave West Side,4,2,2,0.00019476865631843263,0.0009427725790443782
1808,Lawrence Ave East at McCowan Rd Westside Scarborough General,5,2,3,0.00013996868726888725,0.008905220014957122
1809,The West Mall at The Queensway,4,1,3,0.0001336382970409364,0.0230639841458322
1810,Kipling Ave at Tyre Ave,2,1,1,0.00014541540390310907,0.011803672812679156
1812,Midland Ave at Rural Ave North Side,2,1,1,0.00011062853171393727,0.006332943428328371
1813,24 Davean Dr,2,1,1,0.00010259768263321223,0.005232347937048065
1814,The Donway East at Greenland Rd - Donway Place,2,1,1,0.00011049545481805174,0.00048277328796256913
1815,Caledonia Rd at Castlefield Ave,2,1,1,0.00012397168922782397,0.002937845597618035
1816,Thorncliffe Park Dr (East) at Overlea Blvd,3,1,2,9.800120867194554e-05,0.011433059133904518
1818,Faywood Blvd at Sheppard Ave West,2,1,1,0.00011062853171393727,0.010383347511697151
1819,555 Sheppard Ave West,2,1,1,0.0001209679596750974,0.00010048915355168014
1820,Washburn Way at Berner Trail,2,1,1,7.579725162007141e-05,0.005937188160391052
1821,Opposite 2036 Pharmacy Ave,2,1,1,4.642709248044051e-05,0.0035171203743088048
1822,Sloane Ave at Elvaston Dr North Side,2,1,1,0.00010277806443510762,0.0012534028073160357
1823,8601 Warden Ave,2,1,1,9.685862536264412e-05,0.007535091450446619
1824,McCowan Rd at Milner Ave North Side,2,1,1,0.0002043627595895523,0.0033232312491138527
1825,Midland Ave at Verdun Ave,2,1,1,6.525453902756666e-05,0.0021801006663830997
1826,Bayview Ave at Arjay Cres,2,1,1,0.00011062853171393727,0.005717779668226287
1827,Tapscott Rd at McNicoll Ave West Side,2,1,1,7.816525390172912e-05,0.0
1828,Lawrence Ave West at Welland Rd,2,1,1,0.00012192612504622287,0.0
1830,The Queensway at Stephen Dr,2,1,1,8.589062394160691e-05,0.00033974904296044236
1831,Brenyon Way at Foregate Ave,2,1,1,8.33661588632586e-05,0.0014217354317311783
1832,Mt Pleasant Rd at Lawrence Ave East North Side,2,1,1,9.611138919133523e-05,0.0018088047639302424
1833,2111 Lake Shore Blvd West,3,1,2,0.00011062853171393727,0.003596813199025024
1834,Woodbine Ave at Cassels Ave South Side,2,1,1,0.00011396512809409449,0.005431199489578903
1835,Clayson Rd at Bartor Rd,2,1,1,6.184492266390277e-05,0.002410676307954062
1837,Dundas St West at Ossington Ave,2,1,1,0.00011062853171393727,0.0034784996641009755
1838,419 Midland Ave North Side,2,1,1,0.0001060823757889622,0.00097177676623537
1839,Angus Glen Community Centre Loop at Major Mackenzie Dr East,2,1,1,0.00011062853171393727,0.006630689068481498
1841,Ferris Rd at Ferris Cres,2,1,1,0.00010934472126259394,0.0008907557067914364
1842,Danforth Rd at Midland Ave East Side,2,1,1,0.00010094331977811191,0.00640051177141777
1843,Elmhurst Dr at Hinton Rd,2,1,1,9.484839674456426e-05,0.0003014674606550404
1845,Yonge St at Mill St,2,1,1,9.712926544933059e-05,0.005828175953494967
1847,Keele St at Murray Ross Pkwy,2,1,1,8.127997403875375e-05,0.00017492556358996174
1848,Burnhamthorpe Rd at Burnhamthorpe Cres,2,1,1,0.0001094852197335883,0.0030137929118155644
1849,Kingston Rd at Main St,2,1,1,0.00011689019483314837,0.005772011909825606
1850,Finchdene Sq (East) at Finchdene Sq (South),4,3,1,9.294270317823089e-05,0.000985484900042535
1851,Eglinton Ave West at Widdicombe Hill Blvd West Side,2,1,1,0.00010012975809620887,0.00205913042322416
1853,Kingston Rd at Ridgemoor Ave,2,1,1,0.00015599716095678458,0.00664605006919448
1854,Birchmount Rd at Chelwood Rd,2,1,1,8.120372347500613e-05,0.011582837090599745
1855,89 Windermere Ave,2,1,1,0.00010391031742304328,0.001592939174819226
1856,Burnhamthorpe Rd at Mulgrove Dr,2,1,1,0.00011316775120156681,0.006732241599319439
1857,Cummer Ave at Maxome Ave,2,1,1,8.258800425435954e-05,0.0025420565716716293
1858,Keele St at Hillsview Ave,2,1,1,0.00015834671870348504,0.0005024457677584007
1860,Kennedy Rd at Village Green Sq North Side,2,1,1,8.42844544568593e-05,0.002110272224585283
1861,Lake Shore Blvd West at Park Lawn Rd,2,1,1,0.00011062853171393727,0.0037977915061283844
1863,191 Nugget Ave,2,1,1,7.117151706251845e-05,0.007686640436693605
1864,Kingston Rd at Kildonan Dr,2,1,1,0.00016643890506078278,0.004167527716626085
1865,Dawes Rd at Brenton St,2,1,1,0.0001023350834589978,0.0015941797816531973
1866,Queen St West at Roncesvalles Ave,2,1,1,0.00011062853171393727,0.003842572808508128
1867,Oakwood Ave at Jesmond Ave,2,1,1,0.00011747930058469397,0.005738485093711874
1868,Dundas St West at Royalavon Cres East Side,2,1,1,8.096790272699863e-05,0.005010392096206643
1869,1200 Huntingwood Dr,2,1,1,8.410900452286138e-05,0.001633258896923295
1870,Ellesmere Rd at Muirbank Blvd,2,1,1,9.668752236344672e-05,0.005285605416134978
1871,Bathurst St at Lonsdale Rd,2,1,1,0.00011105399009928192,0.0008826031475967673
1872,Ceramic Rd at Ashwarren Rd,2,1,1,6.509871882634763e-05,0.0019969845658382454
1873,Pharmacy Ave at Sheppard Ave East North Side,3,2,1,3.477060148447067e-05,0.003617609527860485
1875,Davenport Rd at Dufferin St,2,1,1,6.972755727190549e-05,0.007680731642338125
1876,Signet Dr at Garyray Dr,2,1,1,7.011597790503278e-05,0.005935772011909827
1877,McCowan Rd at Horfield Ave,2,1,1,5.64415981649064e-05,0.0007576563164610804
1878,Bloor St West at Tremont Rd East Side,3,2,1,0.00015270492052588914,0.016114716309384124
1879,Brimley Rd at Barkdene Hills,2,1,1,5.768993073866487e-05,0.008333736944881128
1880,Cactus Ave at Connaught Ave,2,1,1,0.00011062853171393727,0.0016014461931093153
1881,Weston Rd at Coulter Ave North Side,3,2,1,0.0002047601656438822,0.005026763138617138
1883,Chaplin Cres at Duncannon Dr East Side,2,1,1,7.950095089075265e-05,0.010022434362437356
1884,Military Trail at Conlins Rd North Side,2,1,1,0.00010648014545540908,0.0001015525308379413
1885,Don Mills Rd at Mallard Rd,2,1,1,0.00010525154502286034,0.0003014674606550404
1886,Danforth Rd at Mack Ave,2,1,1,7.397865499788369e-05,0.0023346887173982035
1887,Sentinel Rd at Hucknall Rd (North),2,1,1,9.230051301129433e-05,0.0005933645257337303
1890,Danforth Ave at Monarch Park Ave,2,1,1,0.00010298951264564287,0.01188831948016706
1891,Middlefield Rd at Finch Ave East,2,1,1,0.00011297292619108813,0.00505529561888558
1892,Oriole Pkwy at Eglinton Ave West South Side,2,1,1,6.50941141079186e-05,0.004070608251807741
1893,Scarlett Rd at Edenbridge Dr South Side,2,1,1,0.00010661091105010595,0.001180127250815256
1894,Sheppard Ave East at Burbank Dr - Bessarion Station,2,1,1,0.00010575798635972854,0.010119840721273622
1895,Lawrence Ave East at Susan St,2,1,1,9.053602176251397e-05,0.0
1896,350 Morningside Ave - West Hill Collegiate,4,2,2,0.0001618566985187698,0.009238359243038103
1897,Weston Rd at Bradmore Ave,2,1,1,0.0001112421733533108,0.0031624589753876495
1898,Marlee Ave at Livingstone Ave,2,1,1,0.00016705965282150012,0.003832248435316279
1899,Weston Rd at Toryork Dr,4,2,2,0.00011228901848122066,0.00411089505985295
1900,Parliament St at Oak St,2,1,1,0.00010160125030371224,0.005141237059410177
1901,West Service Rd at St Albans Rd,7,3,4,0.0002699088238412508,0.0590719589005569
1902,Danforth Ave at Warden Ave,2,1,1,7.332549932719044e-05,0.0023443867410921477
1903,Sheppard Ave West at Bakersfield St Westside - Downsview Par,5,3,2,0.0002534892640938589,0.013657643483975785
1904,McCowan Rd at Ellesmere Rd,3,1,2,0.00011042539197486965,0.0049319438536792855
1905,Midland Ave at Midland Station,2,1,1,0.00011062853171393727,0.0014362410985030393
1906,5 Sheffield St,2,1,1,7.811396266888768e-05,0.006371290838751494
1907,4770 Sheppard Ave East,2,1,1,0.0001234976868381404,0.0
1908,Leslie St at Lawrence Ave East South Side,3,2,1,0.00019532204090089172,0.0023176307954062103
1909,Pharmacy Ave at Craigton Dr,2,1,1,9.887483179789146e-05,0.0034995746490854955
1910,Lawrence Ave West at Ralph St West Side,3,2,1,0.00020456685415069353,0.01747163133204128
1912,Wilson Ave at Epic Lane Rd,2,1,1,0.00011858917467057859,0.0
1913,Wilson Ave at Highview Ave East Side,2,1,1,0.00015823436678487067,0.00010048915355168014
1914,Skyway Ave at Dixon Rd,2,1,1,0.00010367624401343885,0.0
1915,Gerrard St East at Scarborough Rd,2,1,1,7.174410077937928e-05,0.01209379912764111
1916,Oakdale Rd at Eddystone Ave,2,1,1,9.966605764090826e-05,0.0002109865639152301
1917,Huntingwood Dr at Warden Ave East Side,2,1,1,8.998170427487203e-05,0.0017360697575499787
1918,Kipling Ave at Holywell Dr,2,1,1,0.000105076715315588,0.00020097830710336028
1920,Cosburn Ave at Cedarvale Ave,2,1,1,0.00011178853636249073,0.0005024457677584007
1921,College St at Crawford St,2,1,1,0.00010211933849007553,0.0050796114761379315
1922,Warden Ave at Sheppard Ave East,4,2,2,0.00011576299401493427,0.008122199773146179
1923,Dufferin St at Dupont St South Side,4,2,2,0.00013032306639378316,0.014582794969811137
1924,John Garland Blvd at Martin Grove Rd West Side,5,3,2,0.00017814834790462003,0.06808886973227485
1925,Carlaw Ave at Lake Shore Blvd East South Side,3,1,2,0.00012893604466617607,0.025022673640190698
1927,Steeles Ave East at Redlea Ave,3,2,1,0.00020486547831176578,0.0
1928,McNicoll Ave at Dynamic Dr East Side,0,0,0,1.6598932385570904e-05,0.0
1929,Ellesmere Rd at Principal Rd East Side,2,1,1,0.00011530901667001513,0.0
1930,Cordova Ave at Dundas St West South Side,4,2,2,0.0001929741545549053,0.01703224936535791
1931,Park Lane Cir at Post Rd South Side,2,1,1,4.522717619209899e-05,0.00599840999777197
1932,Brimley Rd at Danforth Rd,3,1,2,0.00011357278736122308,0.007847006988085244
1933,Dufferin St at Rowan Ave,2,1,1,0.00010013629936939827,0.0003014674606550404
1934,Marlee Ave at Whitmore Ave,2,1,1,0.00017686732373474223,0.003932737588867959
1935,Westhumber Blvd at Esther Lorrie Dr West Side,2,1,1,5.693386207226748e-05,0.00010048915355168014
1936,Sheppard Ave East at Grand Marshall Dr,2,1,1,0.0001244141101949303,0.006269938324117396
1937,Belfield Rd at Iron St,2,1,1,7.903117352068111e-05,0.001225545459709229
1938,Bayview Ave at Bayview Ridge Cres,2,1,1,0.00011062853171393727,0.005818268821777967
1939,Evans Ave at Horner Ave,2,1,1,9.320084428587623e-05,0.0031630975362366264
1940,South Kingsway at Ormskirk Ave,2,1,1,9.548663920548923e-05,0.0020953849425776267
1941,Tycos Dr at Caledonia Rd,2,1,1,0.00011062853171393727,0.007469502832114486
1942,Jane St at Lawrence Ave West,4,2,2,0.00015031553300749717,0.01661504004683698
1943,Lawrence Ave West at De Marco Blvd West Side,2,1,1,0.00011081612447167956,0.00020097830710336028
1945,Opposite 4600 Bathurst St,2,1,1,0.00011254311775122988,0.009107294768183751
1946,220 Toryork Dr,2,1,1,7.61388851461042e-05,0.001440610378562314
1947,Spadina Rd at St Clair Ave West,2,1,1,9.591238267448753e-05,0.0075295129505495075
1948,Eglinton Ave East at McCowan Rd,2,1,1,0.00014320427606709328,0.0016365376435559338
1950,Rangoon Rd at Hagersville Crt North Side,2,1,1,0.00010458634114825444,0.0005774138664398128
1951,Midland Ave at Prudential Dr,2,1,1,0.00011062853171393727,0.005170290439209123
1952,Eglinton Ave West at Heddington Ave,2,1,1,0.00011448817148503168,0.023977123579765027
1953,Warden Ave at Finch Ave East,4,2,2,0.00012472580797994387,0.01884937582975652
1954,Lawrence Ave East at The Donway East,3,1,2,0.00010197041463086716,0.04549915843052091
1955,Runnymede Rd at Dundas St West,2,1,1,0.00011388699496108856,0.002005529561888558
1957,Dawes Rd at Crescent Town Rd North Side,2,1,1,0.00010279640550699904,0.0017951580887565577
1958,Sewells Rd at McLevin Ave South Side,4,2,2,0.00019376702059021938,0.009959312185758379
1959,Dundas St West at Lisgar St,2,1,1,0.00010741612589856172,0.008850556669569855
1960,Fenelon Dr at Graydon Hall Dr South Side,2,1,1,9.766677278466262e-05,0.006165461505742238
1961,Jane St at Eddystone Ave,2,1,1,0.00010313160963916753,0.00020097830710336028
1962,Main St Markham North at Thomson Crt,2,1,1,9.529797242849563e-05,0.0036096341982135263
1963,York Mills Rd at York Ridge Rd,2,1,1,0.00021076992850296096,0.004622501063377286
1964,Greenwood Ave at Ivy Ave,2,1,1,0.00011062853171393727,0.0007574790869133702
1965,Weston Rd at Gunns Rd,2,1,1,7.865694689400957e-05,0.0003014674606550404
1966,Opposite 230 The Donway West,2,1,1,0.00011026388583361589,0.0010857082092726499
1967,47 Orfus Rd,2,1,1,3.328586146609788e-05,0.0013300191407911528
1968,Brenyon Way at Sewells Rd,2,1,1,0.00011062853171393727,0.0
1969,Foxwell St at Bruton Rd,2,1,1,8.148680068822031e-05,0.00010048915355168014
1970,247 The West Mall,2,1,1,8.516411233647789e-05,0.0031060322223228198
1972,Rathburn Rd at Kipling Ave,2,1,1,9.488811585507098e-05,0.009590776974337164
1974,Thistle Down Blvd at Barkwin Dr East Side,2,1,1,6.063139394232343e-05,0.0010947469162058698
1976,Yonge St at North York Blvd,2,1,1,8.934090305006797e-05,0.009019628537970231
1979,Corporate Dr at Progress Ave North Side,2,1,1,9.988880870266626e-05,0.0
1981,Anglesey Blvd at Wimbleton Rd,2,1,1,6.975133448373821e-05,0.0007158301432014746
1982,Sheppard Ave East at Settlers Rd,3,1,2,0.0001317325352680212,0.0090260527435134
1983,Dundas St West at Old Oak Dr East Side,2,1,1,8.948692737833242e-05,0.0026140645650960413
1984,Warden Ave at Bowater Dr,2,1,1,0.00011460877796589468,0.0
1985,Bloor St West at Christie St,2,1,1,0.00010968504009289788,0.0092787074258797
1986,Eglinton Ave East at Danforth Rd,4,2,2,0.0001874145476034348,0.010202366323910347
1987,Scarlett Rd at Bernice Cres,2,1,1,6.158042200815516e-05,0.0005005848575074436
1989,Dufferin St at King St West,3,2,1,0.00012499062346726857,0.013376925127190976
1990,Sheppard Ave West at Don River Blvd,2,1,1,0.00011892726363862784,0.0
1991,Queen St West at Brock Ave,2,1,1,0.00011201892253153223,0.0015784447197090754
1992,Victoria Park Ave at Sheppard Ave East,6,2,4,0.0001579573843161587,0.0313261601539607
1993,Littles Rd at Birrell Ave,2,1,1,9.003441640172049e-05,0.001361840706082518
1995,Dixon Rd at Roxaline St,2,1,1,0.0001011560225084712,0.00020097830710336028
1996,Ellesmere Rd at Morningside Ave,3,2,1,0.0002641834914151121,0.008735648576742479
1997,Warden Ave at Metropolitan Rd,2,1,1,0.00010899962574338539,0.00020097830710336028
1998,Finch Ave East at Wilfred Ave,2,1,1,9.984967723178554e-05,0.00010048915355168014
2000,Dufferin St at Castlefield Ave,4,2,2,0.00013807060634022508,0.008360147093260663
2001,Steeles Ave East at Opposite Walkway to Dairis Cres,2,1,1,8.862690199136155e-05,0.00020097830710336028
2002,Pritchard Ave at Batavia Ave West Side,2,1,1,5.53223289411681e-05,0.0005024457677584007
2003,Culford Rd at Woolton Cres North,2,1,1,0.00012397168922782397,0.005130795406210123
2005,Parliament St at St James Ave,2,1,1,0.00019802926869733292,0.006852780779407747
2007,Neilson Rd at Walkway to Blackwater Cres & Kessack Crt,2,1,1,0.00010295022915510408,0.0021102343239625264
2008,Pharmacy Ave at Pachino Blvd,2,1,1,0.00011062853171393727,0.006731178222033177
2009,Islington Ave at Golfdown Dr,2,1,1,0.0001113129784776126,0.0038601838824722707
2010,Pharmacy Ave at Gordon Baker Rd South Side,2,1,1,0.00011062853171393727,0.001406848149723522
2011,Caledonia Rd at Bentworth Ave,2,1,1,8.392333317517865e-05,4.785197788175245e-05
2013,Eglinton Ave East at Dunfield Ave,2,1,1,0.0002562550292846652,0.025605851818419886
2014,Hullmar Dr at Bloomington Cres (East),2,1,1,9.790142707287661e-05,0.004734687367077839
2015,Orfus Rd at Dufflaw Rd,2,1,1,1.963214526713111e-05,0.001430508294342833
2016,Sutherland Dr at Hanna Rd,2,1,1,9.268908273067658e-05,0.008207562384800799
2017,Washburn Way at Griffen Dr,2,1,1,6.973365154055765e-05,0.006037677313942733
2018,Ameer Ave at Sultana Ave,2,1,1,0.00013663311286058345,0.0017083156103785623
2020,Steeles Ave West at Northwest Gate East Side,9,3,6,0.00022610501097657449,0.02107756934527286
2023,Willowdale Ave at Bishop Ave,2,1,1,9.947256997533486e-05,0.001353147596767333
2024,Finch Ave West at Romfield Lane,3,2,1,4.315292014189464e-05,0.006481571924814162
2025,Leslie St at Corning Rd,2,1,1,0.00010086807036900793,0.0016850365092868284
2027,Eglinton Ave East at Rumsey Rd,2,1,1,9.638442554937677e-05,0.007718047010155702
2028,Kipling Ave at Brookmere Rd,2,1,1,0.00011073348426360961,0.0039879275305077
2029,Coronation Dr at Chemical Crt,2,1,1,7.89394605004908e-05,0.010896427052318166
2030,Longbourne Dr at Martin Grove Rd West Side,2,1,1,0.00010551980610908594,0.0008964270523181625
2031,Dufferin St at Dane Ave,2,1,1,9.428058339360057e-05,0.00010048915355168014
2032,Avenue Rd at Davenport Rd,2,1,1,0.00010688998704434937,0.0027642492556359
2034,Steeles Ave East Loop at Bayview Ave,4,2,2,0.00011211408573436529,0.014271876163677522
2035,Cummer Ave at Pineway Blvd East Side,2,1,1,0.00010162681368790306,0.001848406216535677
2036,Coxwell Ave at Danforth Ave,3,1,2,0.00010186791470103524,0.012815887501127825
2037,Bathurst St at Lennox St,3,1,2,0.00013075127306463812,0.0034837389494982007
2038,Dufferin St at Finch Ave West,2,1,1,6.612558161661687e-05,0.008769788749453342
2039,Bathurst St at Robinson St,2,1,1,0.00012903626138830154,0.001637844078507626
2040,Lawrence Ave East at Blaine Dr East Side,2,1,1,9.935161235315309e-05,0.00489302930870349
2041,Washburn Way at Tapscott Rd,2,1,1,8.6073045272629e-05,0.005736209853287691
2042,Eglinton Ave West at Gardiner Rd,2,1,1,9.554694923993116e-05,0.014794620213642985
2043,Queen's Park Cres West at Hart House,3,1,2,0.00011062853171393727,0.002362292641429179
2045,Royal York Rd at Kingsgrove Blvd,2,1,1,0.00013982430048758505,0.005362587285552247
2046,Steeles Ave East at Firebrace Rd,2,1,1,0.0001139235753854273,0.00010048915355168014
2047,Wynford Dr at Wynford Heights Cres,2,1,1,0.0001307109580634441,0.007133666524883029
2048,Humberline Dr at Woodlot Cres (West) East Side,2,1,1,0.0002155812275906461,0.011095018298950803
2049,John Garland Blvd at Kipling Ave West Side,2,1,1,7.028085913800513e-05,0.0040620980962244166
2051,Midland Ave at Midwest Rd (South),2,1,1,0.00011062853171393727,0.0006323278700895982
2052,400 Evans Ave,2,1,1,9.714297761700546e-05,0.0052339430029774555
2053,Bloor St West at Windermere Ave,2,1,1,8.417521149777974e-05,0.005347263894303891
2054,Midland Ave at Millbridge Gate,2,1,1,9.909183152313511e-05,0.0024984049340706083
2055,Danforth Ave at Victoria Park Ave,2,1,1,0.00015027557283056112,0.011381023885642149
2056,Don Mills Rd at York Mills Rd South Side,4,2,2,0.0001655057655552347,0.0344317377505582
2057,Roywood Dr at Fenside Dr South Side,2,1,1,0.00011062853171393727,0.005763504891535517
2058,Lawrence Ave East at Marcos Blvd,2,1,1,0.0001199497249084198,0.00020097830710336028
2059,St Clair Ave East at Andrew Ave,2,1,1,0.0001468729060063138,0.00010048915355168014
2061,150 Disco Rd,2,1,1,5.2197748222176e-05,0.004122698802957333
2062,Progress Ave at Milner Business Crt,3,2,1,9.814995646999374e-05,0.006651372600649504
2063,Sheffield St at Colville Rd,2,1,1,9.042502944154758e-05,0.006069823378096454
2066,Davisville Ave at Yonge St,3,1,2,0.00013315206081009913,0.00798825474468818
2067,Finch Ave West at Opposite Albion Centre,2,1,1,0.000120166443398251,0.006470166613105163
2068,Royal York Rd at Dartmouth Cres,2,1,1,9.505441172945146e-05,0.0005999417342297246
2069,26 Thorncliffe Park Dr at Grandstand Pl,2,1,1,9.674634111217739e-05,0.00010048915355168014
2070,Mortimer Ave at Burley Ave East Side,2,1,1,4.672142610552024e-05,0.0034325164414488107
2071,Symington Ave at Dupont St,2,1,1,0.00011277761856499108,0.010449225873791766
2072,Bradstock Rd at Rivalda Rd,2,1,1,9.918024519226838e-05,0.00010048915355168014
2073,Glencairn Ave at Marlee Ave,2,1,1,9.248976899711478e-05,0.0036349643378567244
2074,Pharmacy Ave at Elm Bank Rd,2,1,1,0.00011062853171393727,0.004922373458102935
2075,Glencairn Ave at Capitol Ave,2,1,1,9.703212010009736e-05,0.0034339860307533642
2076,Bayview Ave at Finch Ave East,2,1,1,0.00010987008219074404,0.00772756273925989
2077,North Queen St at Manstor Rd,2,1,1,8.176481725081551e-05,0.00020470012760527437
2078,Yonge St at Shuter St,2,1,1,0.00011660742505372821,0.007426626967247981
2079,Bloor St West at Havelock St,2,1,1,0.00011062853171393727,0.013615691687895864
2080,Leslie St at Overland Dr,2,1,1,0.00017249488681179016,0.00211665248830285
2081,St Clair Ave East at Plaxton Dr,2,1,1,0.00016659478281778176,0.008299659719268396
2082,Eglinton Ave East at Sutherland Dr,2,1,1,9.62222226777159e-05,0.007617557856604023
2084,Steeles Ave West at Signet Dr,2,1,1,0.0001151186997383614,0.00292423742146795
2085,Mortimer Ave at Carlaw Ave East Side,2,1,1,6.442318756838326e-05,0.0032315381343454505
2086,Lower Jarvis St at Lake Shore Blvd East,2,1,1,0.00011062853171393727,0.00010048915355168014
2087,Steeles Ave East at Bayview Ave,4,2,2,0.00012122013881715491,0.038081476761133035
2088,Warden Ave at Bamburgh Cir (South),2,1,1,0.00013906645749752023,0.00010048915355168014
2089,Toba Dr at Montressor Dr,2,1,1,0.00011062853171393727,0.0011053806890684815
2090,Don Mills Rd at Seneca Hill Dr,2,1,1,9.987287457244252e-05,0.0
2091,Bathurst St at Baycrest Ave,2,1,1,0.00011463503670097679,0.0008071033602722246
2092,Caledonia Rd at Bowie Ave North Side,2,1,1,0.00011722996518077775,0.003038334751169715
2093,1330 Martin Grove Rd,2,1,1,8.511647199182162e-05,0.0036840706082518077
2094,Steeles Ave West at Walkway to Cathy Jean Cres,2,1,1,0.00011021493818345266,0.0017845500013356432
2095,Montressor Dr at Troon Crt,2,1,1,9.961790960866766e-05,0.002210761378136963
2096,Milner Ave at McCowan Rd,2,1,1,0.0001068740616256732,0.00492003402807316
2098,The West Mall at Rathburn Rd South Side,2,1,1,0.00011101956641340683,0.0012058698426201616
2100,O'Connor Dr at Hutton Ave,3,2,1,0.0001832459817314851,0.01223467470782443
2101,Carrier Dr at Humber College Blvd East Side,2,1,1,6.92746817759904e-05,0.0005540195661420673
2105,Willowdale Ave at Parkview Ave South Side,2,1,1,0.00010385443059665595,0.0009511909825606125
2106,Markham Rd at Steeles Ave East South Side,5,3,2,0.00021058183716133978,0.0186198454474012
2107,Victoria Park Ave at Van Horne Ave,2,1,1,0.0001081876113583902,0.004067759919790971
2108,Glencairn Ave at Lansdowne Ave,2,1,1,0.00011062853171393727,0.007268524525011126
2109,Kipling Ave at Panorama Crt,2,1,1,0.0001029857622142643,0.00040195661420672056
2110,Church St at Grattan St,2,1,1,8.70099411119395e-05,0.003871025627392599
2111,Elmhurst Dr at Cromarty Dr,2,1,1,9.07005550142239e-05,0.0005024457677584007
2112,Albion Rd at Steinway Blvd,2,1,1,0.00011062853171393727,0.006422267120374309
2113,Mt Pleasant Rd at Ranleigh Ave North Side,2,1,1,0.0001024798692861954,0.0017083156103785623
2114,Kipling Ave at Burnhamthorpe Rd,4,2,2,0.0001752980317581299,0.014334044744522927
2116,Midland Ave at Montgomery Ave,2,1,1,0.00010105626654093164,0.0022401543269164803
2117,Yonge St at Soudan Ave,2,1,1,9.106471503543946e-05,0.00783795902452857
2118,Mill St at Parliament St,2,1,1,8.440632593073399e-05,0.003024953920317596
2120,150 Culford Rd,2,1,1,0.00012911052638543778,0.0053317737133134835
2121,Jane St at St John's Rd,2,1,1,0.0001407653653453217,0.014504003398757567
2122,Broadview Ave at Wolfrey Ave,4,1,3,0.0001716297003474185,0.02602730474367544
2123,Mt Pleasant Rd at Davisville Ave,2,1,1,8.321830129766518e-05,0.0013674234368353892
2124,Varna Dr at Ranee Ave,3,1,2,7.175977855301253e-05,0.002914185452998724
2126,Yonge St at Wilson Ave - York Mills Station,3,1,2,7.403363110837156e-05,0.005813435288658598
2127,Woodbine Beach Loop at Lake Shore Blvd East,2,1,1,8.947187186505483e-05,0.0
2128,Bathurst St at Cedarcroft Blvd South Side,2,1,1,0.00016721382533850626,0.0036808804763930245
2129,Kipling Ave at The Queensway North Side,3,1,2,0.00010963387662133313,0.0
2130,Coxwell Ave at Plains Rd,2,1,1,0.00010568542960517864,0.006013297279779628
2131,Neilson Rd at Oakmeadow Blvd (North),2,1,1,9.923649644392408e-05,0.0024117017846175654
2132,Rexdale Blvd at Precision Rd,2,1,1,0.00010026315342717015,0.0019738996260456544
2133,Carpenter Rd at Steeles Ave West,2,1,1,8.690205630978236e-05,0.0
2134,Middlefield Rd at Newmill Gate,2,1,1,9.433400078004547e-05,0.0018901531263292217
2135,Greenwood Ave at Torbrick Rd,2,1,1,8.890083424914074e-05,0.0016618814688784914
2136,Yonge Blvd at Ridley Blvd,2,1,1,5.772583055556406e-05,0.005409094131446322
2137,1222 Pharmacy Ave,2,1,1,0.00011062853171393727,0.005625797532964696
2138,Kipling Ave at Bywood Dr,3,2,1,0.00019020552130758254,0.007328449503449041
2139,Woodbine Ave at O'Connor Dr,2,1,1,0.00010462395793436711,0.0028543134077747014
2140,Penworth Rd at Pharmacy Ave,2,1,1,0.00011062853171393727,0.0064297107613781376
2141,Bayview Ave at Eglinton Ave East,2,1,1,9.412909182113412e-05,0.0016054338579327945
2142,Brown's Line at Finsbury Cres,2,1,1,0.00010175749961928191,0.007212591923884989
2143,150 Dynamic Dr,2,1,1,0.00010969374769418077,0.00507665177938466
2144,Don Mills Rd at Sheppard Ave East North Side,6,2,4,0.00017703893347697356,0.016974834612608423
2146,Birchmount Rd at Huntingwood Dr North Side,2,1,1,0.00011062853171393727,0.013709059974478946
2147,Yonge St at Byng Ave,2,1,1,0.00012885373784511994,0.004518095136821211
2148,Judson St at Magnificent Rd,2,1,1,6.0555697361181285e-05,0.001375903870693322
2150,Progress Ave at Midland Ave,2,1,1,7.027435816396195e-05,0.0018934999164489277
2151,Dundas St West at Gilmour Ave,2,1,1,0.00019728727707930135,0.01484594397717108
2153,Lawrence Ave East at Charlottetown Blvd West Side,2,1,1,0.00010071111579241273,0.004041613497802354
2154,O'Connor Dr at St Clair Ave East North Side,3,1,2,0.0001457897293589627,0.009153925021880147
2155,Evans Ave at Sheldon Ave West Side,3,2,1,0.00017233014504376018,0.009749922663470087
2156,Midland Ave at Artillery St,2,1,1,4.2515110266296916e-05,0.003446024169536642
2157,Cactus Ave at Homewood Ave,2,1,1,0.00011062853171393727,0.0017019353466609954
2158,Lawrence Ave East at Bellamy Rd North,2,1,1,0.00011436376885539564,0.0002004466184602297
2159,Bathurst St at Glencairn Ave,2,1,1,0.00010774025565069741,0.005204168438962144
2160,Markham Rd at Verne Cres,2,1,1,0.0001460983431865932,0.0
2162,College St at Grace St,2,1,1,0.00010410165749822177,0.004979122322586251
2163,East Ave at Golders Green Ave,2,1,1,0.0001049031574755614,0.00020097830710336028
2164,Lesmill Rd at York Mills Rd,2,1,1,0.00011062853171393727,0.004728838792003403
2165,Danforth Ave at Patricia Dr,2,1,1,0.0001080081467251818,0.01128538455885698
2166,Yorkland Blvd (North) at Yorkland Rd East Side,2,1,1,8.55796484368835e-05,0.007432427206991221
2168,Don Mills Rd at Gateway Blvd,3,1,2,6.941136828540254e-05,0.0003498511271799235
2170,Huntingwood Dr at Crockamhill Dr West Side,2,1,1,8.956674838909545e-05,0.0015327697433716147
2171,Yonge St at Patricia Ave,3,1,2,0.00022159468891836702,0.014391679832290212
2172,Dupont St at Ossington Ave West Side,2,1,1,0.00011062853171393727,0.0037617380492752676
2173,Rogers Rd at Dufferin St,2,1,1,9.398977570662765e-05,0.008269432679511416
2175,Cactus Ave at Drewry Ave North Side,2,1,1,0.00011062853171393727,0.0026063377286261167
2176,Crow Trail at Tunmead Sq,2,1,1,8.535027951975228e-05,0.0006877392598894088
2177,Pharmacy Ave at Surrey Ave,2,1,1,0.0001054156312745129,0.007736069757549979
2178,Weston Rd at Northland Ave,2,1,1,0.0001657271230885173,0.0003014674606550404
2179,Kennedy Rd at Sheppard Ave East,2,1,1,9.445441998857864e-05,0.0018088047639302424
2180,Keele St at Wilson Ave South Side,4,2,2,0.00011260067612651304,0.010581969263722214
2181,St Phillips Rd at Riverview Heights,2,1,1,7.03241040658857e-05,0.0041619909341873715
2182,Driftwood Ave at Yorkwoods Gate,2,1,1,0.00010320020902856216,0.005333368779242876
2183,Opposite 6807 Steeles Ave West,2,1,1,5.840202696515062e-05,0.004939706507868992
2184,McCowan Rd at Eglinton Ave East,2,1,1,8.270683093006964e-05,0.00035569970225435987
2185,Dundas St West at University Ave - St Patrick Station,2,1,1,0.0001002082261666493,0.004382902046066096
2187,Steeles Ave East at Bathurst St,3,2,1,0.00013629873760987024,0.024287378296338705
2188,Bathurst St at Claxton Blvd South Side,2,1,1,0.00011215310290748392,0.0017499154225015562
2189,Leslie St at Talwood Dr (South),2,1,1,7.152579599704396e-05,0.0006933219906422799
2190,Sheppard Ave East at Kingston Rd,3,1,2,0.00010285037626295819,0.0012180986814121651
2191,Victoria Park Ave at Peard Rd,2,1,1,0.00011236667259419846,0.009472564866014463
2192,2825 Islington Ave,2,1,1,0.00010485627594776313,0.002389516207642138
2193,Maple Ave at Glen Rd East Side,2,1,1,0.00011149785606040448,0.002110272224585283
2195,York Mills Rd at Don Mills Rd,4,2,2,0.00015089128533351016,0.1354765853595709
2196,Islington Ave at Barker Ave,2,1,1,9.252519781032049e-05,0.003092940282503899
2197,Steeles Ave West at Steinway Blvd,2,1,1,0.00011237114393565238,0.005334432156529137
2198,7303 Warden Ave,2,1,1,7.411325060880225e-05,0.0033990854955338154
2199,Yonge St at Lawrence Ave West - Lawrence Station,2,1,1,0.00014024635909279105,0.0103181270381398
2201,St Clair Ave East at Jeanette St,2,1,1,0.00014620740675412624,0.0
2202,Leslie St at Talwood Dr (North),2,1,1,0.0001129749038157178,0.0019211924648441026
2203,Old Weston Rd at Rogers Rd,2,1,1,0.00013191787904520924,0.002079902567345333
2204,Lawrence Ave East at Kennedy Rd West Side,3,1,2,9.573446016410942e-05,0.008300158339074517
2206,Airport Rd at Silver Dart Dr,2,1,1,0.00015364201944275294,0.004931412165036155
2207,Brenyon Way at Sewells Rd South Side,2,1,1,5.817804376298476e-05,0.001823692045937899
2209,Scarlett Rd at Ellins Ave,3,2,1,0.0001355064833968159,0.0006087834963845173
2211,Main St at Gerrard St East,2,1,1,0.00011062853171393727,9.57039557635049e-06
2212,Gerrard St East  at Norwood Rd,2,1,1,0.00010554381964105836,0.004019100281541796
2213,Woodbine Ave at Kingston Rd,2,1,1,0.00012313866007603006,0.006235112717992344
2214,Islington Ave at Resources Rd North Side,2,1,1,0.00010764941973215024,0.00010048915355168014
2215,Roncesvalles Ave at Garden Ave,2,1,1,9.831923219190595e-05,0.0017288953366686244
2217,Senlac Rd at Elmhurst Ave,2,1,1,6.577121035359905e-05,0.0040131858783496385
2218,Weston Rd at Jane St,4,2,2,9.170546572518946e-05,0.013919880323641092
2220,Martin Grove Rd at Sabine Rd,2,1,1,8.951346078199543e-05,0.0010585920884729903
2222,Gulliver Rd at Culford Rd,2,1,1,9.00159876216291e-05,0.003199702254359847
2223,The Bridle Path at Suncrest Dr North Side,2,1,1,8.928536028785441e-05,0.00529498592291021
2224,Brenyon Way at Walkway to Lowry Sq,2,1,1,7.859096907680761e-05,0.0015222245852828584
2225,South Kingsway at Ripley Ave,2,1,1,9.281434458242716e-05,0.0021958740961293068
2228,Eastdale Ave at Goodwood Park Cres North Side,2,1,1,0.00011061546243917885,0.0005024457677584007
2229,Pritchard Ave at Mould Ave,2,1,1,4.5554161507624635e-05,0.0006029349213100808
2230,Cummer Ave at Willowdale Ave,2,1,1,6.563333573376945e-05,0.0028435240323266696
2234,Brimley Rd at Fraserton Gate,2,1,1,8.346885990465029e-05,0.0009044023819651212
2235,Lawrence Ave West at Brookhaven Dr West Side,2,1,1,0.00012190034460969205,0.00010048915355168014
2236,Birchmount Rd at Dulverton Rd North Side,2,1,1,0.00011062853171393727,0.015216397277754147
2238,Parkview Hill Cres at Alder Rd,2,1,1,8.26985748640529e-05,0.0012553168864313058
2239,The Westway at Sun Row Dr,2,1,1,7.428200384323822e-05,0.0021373883453849425
2240,Passmore Ave at State Crown Blvd,2,1,1,0.00010884965250856641,0.005378119240039701
2241,King St West at Wilson Park Rd West Side,2,1,1,8.703023080319246e-05,0.0021308519508753455
2242,Eglinton Ave West at Eden Valley Dr,2,1,1,0.00012037348594396948,0.0016922026574141408
2243,Leslie St at Lake Shore Blvd East,2,1,1,8.413809546098004e-05,0.0013581986388770736
2244,O'Connor Dr at Amsterdam Ave West Side,2,1,1,0.00012044811551456346,0.006185616781134646
2245,Lord Seaton Rd at The Links Rd,2,1,1,0.00011062853171393727,0.00040195661420672056
2246,Cummer Ave at Snowcrest Ave (West),2,1,1,9.550873069901386e-05,0.0021400999574649085
2247,Tapscott Rd at Blackwell Ave,2,1,1,0.00013278578986408287,0.0051773004395292786
2248,Wilson Ave at Belgrave Ave,2,1,1,0.00012863784076056815,0.013687391015336576
2249,Marlee Ave at Stayner Ave,2,1,1,9.86296315174237e-05,0.00037195418363006625
2250,Jane St at Finch Ave West North Side,4,2,2,0.0001578053437986745,0.02055178668483852
2251,77 Progress Ave,2,1,1,6.152384381758559e-05,0.0004008932369204594
2252,Dundas St West at Acorn Ave,2,1,1,0.0002012351447942588,0.007696541123699781
2253,York Mills Rd at Fenn Ave,2,1,1,0.00013028544816997328,0.00010048915355168014
2254,Finchdene Sq (North) at Finchdene Sq (West) East Side,2,1,1,9.565000071523554e-05,0.00057475542322416
2255,Harbord St at Spadina Ave,2,1,1,8.771306769006425e-05,0.003228983107492252
2256,Lawrence Ave East at Ben Stanton Blvd,2,1,1,0.00014201269358895863,0.00010048915355168014
2257,Pape Ave at Cosburn Ave,2,1,1,8.580991528534475e-05,0.017598399993125638
2258,Pharmacy Ave at St Clair Ave East,2,1,1,0.0001003607015722694,0.0023724967875595267
2259,Lesmill Rd at Valleybrook Dr,2,1,1,0.00011062853171393727,0.004929817099106763
2260,Pharmacy Ave at St Bedes Rd,2,1,1,0.00010329492948534652,0.002071029326904487
2262,Princess Margaret Blvd at Dornoch Dr,2,1,1,9.267826835762655e-05,0.0009581029349213101
2264,Dixon Rd at Kelfield St,2,1,1,0.00010320385501958742,0.00010048915355168014
2265,Lawrence Ave West at Jedburgh Rd,2,1,1,0.00012253011575566304,0.006727363988981386
2266,Keele St at The Pond Rd South Side,2,1,1,7.619796297252739e-05,0.00027541471714164184
2268,Oakwood Ave at Earlsdale Ave,3,1,2,0.0001843333249540389,0.007145333243435395
2269,Opposite 1700 Wilson Ave - Sheridan Mall,2,1,1,0.00020554340229867555,0.01001883395032587
2270,Don Mills Rd at Graydon Hall Dr,4,2,2,0.00012938517107237375,0.02596159899592936
2272,180 Caledonia Rd,2,1,1,0.00011189549351176123,0.004923968524032327
2274,Harbord St at Ossington Ave East Side,2,1,1,5.1192364397795643e-05,0.003831918028802333
2276,The Queensway at Kipling Ave,2,1,1,0.00010841708023047423,0.005969026719771083
2277,Victoria Park Ave at Lansing Sq,4,2,2,0.00021516297445227134,0.011272058136538981
2278,Islington Ave at Eglinton Ave West,4,2,2,0.00012853188156432174,0.007724098174262997
2279,Dundas St West at Royal York Rd,2,1,1,8.375867070682289e-05,0.008028275861086235
2280,Cosburn Ave at Woodmount Ave,2,1,1,9.697789196731182e-05,0.0030146746065504043
2281,Neilson Rd at Ellesmere Rd,3,1,2,0.00010677242917575368,0.00761134446334893
2283,Woodsworth Rd at Hopperton Dr (West),2,1,1,8.783109845423583e-05,0.005835282858358146
2284,Bellamy Rd North at Burnview Cres South Side,2,1,1,0.00011011258315213717,0.005341344108889834
2285,Norfinch Dr at Steeles Ave West,2,1,1,0.00011062853171393727,0.005437172125336738
2286,34 Moore Park Ave,2,1,1,4.5219825606021633e-05,0.005235310202345507
2287,Rathburn Rd at Renforth Dr West Side,2,1,1,9.712858255485644e-05,0.009101276669194113
2288,Middlefield Rd at Richmond Park Blvd,2,1,1,0.00011306326827425505,0.0052562739259889414
2291,Pharmacy Ave at Nancy Ave,2,1,1,0.00011014592501292669,0.004805401956614207
2292,Evans Ave at Cremorne Ave,2,1,1,4.19412057318076e-05,0.001499893662271374
2293,Queen St East at Caroline Ave,2,1,1,0.0001135442094461436,0.012106449130056107
2295,Bloor St West at High Park Ave,2,1,1,6.907836094913932e-05,0.005648731354958931
2298,Littles Rd at Grayson Cres (North),2,1,1,4.762105789049601e-05,0.005867288221844794
2302,Victoria Park Ave at York Mills Rd South Side,4,2,2,0.00017889550908234557,0.016098899023957967
2303,Sheppard Ave West at Senlac Rd,2,1,1,0.00011368264104086339,0.023397593813507252
2304,100 Steeles Ave West,2,1,1,9.524236635542237e-05,0.0
2305,North Service Rd at Eglinton Ave East,8,2,6,0.0004592131953460091,0.032129130142978746
2307,Spadina Rd at Eglinton Ave West South Side,2,1,1,5.7541414575468475e-05,0.008333426178962948
2308,McNicoll Ave at Warden Ave,2,1,1,0.0001087040539611819,0.002846749610094995
2309,Finch Ave West at Kipling Ave West Side,2,1,1,0.00012188974233971316,0.006570655766656843
2310,Toba Dr at Montressor Dr East Side,2,1,1,0.00010169854392711941,0.002110272224585283
2312,Calvington Dr at Exbury Rd,2,1,1,8.637976419728882e-05,0.009688430455125479
2313,Cosburn Ave at Binswood Ave West Side,2,1,1,0.00011123422307892262,0.00010048915355168014
2314,Weston Rd at Mainshep Rd North Side,2,1,1,8.838347151994368e-05,0.0
2315,Rogers Rd at Bicknell Ave,2,1,1,0.00013306763509102548,0.014332384986668318
2316,York Mills Rd at Banbury Rd (West),4,2,2,0.00023093667217995574,0.15076926096873428
2317,Duncan Mill Rd at Lesmill Rd,2,1,1,0.00010655525359446282,0.005130795406210123
2318,Dundas St West at Glenlake Ave,2,1,1,0.00011665149662537204,0.01251448927704348
2319,Mortimer Ave at Woodmount Ave,2,1,1,0.00011062853171393727,0.011503550044171055
2320,Martin Grove Rd at Smithfield Park,2,1,1,0.00014036677149774067,0.004288041423425535
2322,O'Connor Dr at Victoria Park Ave,2,1,1,0.00012795566545266898,0.006587573395341367
2323,Airport Rd at Highway 427 (On Ramp),2,1,1,0.00013463537490293959,0.00010048915355168014
2324,Finch Ave East at Victoria Park Ave,3,1,2,0.0001399769379434021,0.011076385935063096
2325,Jane St at Colbeck St North Side,5,4,1,0.00022330725198245805,0.04445999079842148
2326,Horner Ave at Kipling Ave,2,1,1,0.00012145817433961727,0.008991215354018416
2327,Leslie St at Bannatyne Dr South Side,2,1,1,9.256040460087708e-05,0.009061486108886152
2331,Finch Ave West at Kipling Ave,2,1,1,7.068897269638119e-05,0.005971186906281015
2333,Kipling Ave at Mount Olive Dr,2,1,1,6.955786601631526e-05,0.0020702452643731827
2334,Pape Ave at O'Connor Dr,3,1,2,0.0001984200841194448,0.022580478262450097
2335,Yonge St at Richmond St West,2,1,1,0.00011062853171393727,0.0037769566142067204
2337,3015 Kennedy Rd,2,1,1,0.00010969982430269709,0.000703424074861761
2338,Islington Ave at The Queensway,2,1,1,0.00010770562769477283,0.005249432865447328
2339,Lawrence Ave East at Bayview Ave West Side,2,1,1,8.241798698509898e-05,0.005520016811488526
2340,Finch Ave East at Don Mills Rd,2,1,1,0.0001054781809288591,0.0
2341,Birchmount Rd at Merryfield Dr,2,1,1,0.00011062853171393727,0.0015229689493832413
2342,Kingston Rd at Claremore Ave,3,1,2,0.0001286605609488804,0.0019587561523971564
2344,Grantbrook St at Charlton Blvd,2,1,1,0.00010534821358514074,0.002807316035729477
2345,Signet Dr at Fenmar Dr,2,1,1,4.4644546028175746e-05,0.006237239472564867
2346,138 Oakdale Rd,2,1,1,0.00010163628535113552,0.00011049741036354995
2347,Jane St at Shoreham Dr,6,3,3,0.000231458976989738,0.018983500140105785
2348,Martin Grove Rd at Longbourne Dr North Side,2,1,1,7.656882396654617e-05,0.008329781036746621
2349,Davenport Rd at Symington Ave West Side,3,2,1,0.00018679135761979351,0.01752702259481981
2351,Sweeney Dr at Victoria Park Ave West Side,2,1,1,5.524018644991176e-05,0.004308503473699135
2352,Keele St at Clearview Heights South Side,2,1,1,0.00015634047237831082,0.011535298788031507
2353,Leslie St at Elsa Vineway South Side,2,1,1,9.524853537986263e-05,0.0019865039699418687
2354,Caledonia Rd at Leswyn Rd,2,1,1,0.00011062853171393727,0.002334910676307954
2355,Kipling Ave at Jutland Rd North Side,2,1,1,0.0001011737202256038,0.0
2356,Bloor St West at Indian Rd,2,1,1,7.329621200112465e-05,0.005950198815613972
2358,Islington Ave at Elmhurst Dr South Side,2,1,1,0.00011412373238022053,0.003960673036023951
2359,Markham Rd at Scranton Rd,2,1,1,0.00010742204123782783,0.0
2360,Chesswood Dr at Champagne Dr,2,1,1,8.724675659381779e-05,0.0012002871118672906
2361,Royal York Rd at King Georges Rd,4,3,1,0.0001512479945780416,0.005563565592655607
2362,Sheppard Ave East at Washburn Way,4,2,2,0.00011205059129011918,0.00511776486434642
2363,Eglinton Ave West at Northcliffe Blvd,2,1,1,8.763687781293273e-05,0.0170410435687323
2364,York Mills Rd at Harrison Rd,2,1,1,0.00018261491496924303,0.0
2365,Concorde Pl at Concorde Pl Cul De Sac,2,1,1,0.0001977405783806356,0.006932688217779669
2366,Huntingwood Dr at Pharmacy Ave,2,1,1,0.00011062853171393727,0.00022641074719977316
2367,Sherbourne St at King St East,2,1,1,0.00010489854198087294,0.0033161420672054446
2371,Calvington Dr at Dalsby Rd,2,1,1,7.985154588131439e-05,0.002553771444775273
2372,Gerrard St East at Logan Ave,2,1,1,0.00011169902052026248,0.01168003512015159
2373,Lawrence Ave East at Galloway Rd,4,2,2,0.00010104230000337883,0.012638264182766522
2374,Bloor St West at Clendenan Ave,2,1,1,8.048791670958909e-05,0.013985581438948614
2375,Islington Ave at Titan Rd,2,1,1,0.00010637189269884777,0.005550900326102369
2376,135 La Rose Ave,2,1,1,6.161591777986465e-05,0.0014523717744222317
2377,Senlac Rd at Finch Ave West South Side,2,1,1,0.00011062853171393727,0.005636962994470438
2378,Islington Ave at Cordova Ave North Side,2,1,1,0.00012437783306906407,0.0
2380,Islington Ave at Deerfoot Rd,2,1,1,0.00011618568634729878,0.0
2381,250 Finchdene Sq,2,1,1,9.81362622235973e-05,0.0004742662696724798
2382,Wineva Ave at Queen St East,2,1,1,0.0001136681094360935,0.0008134836239897916
2383,Eastern Ave at Knox Ave,2,1,1,9.356697599094651e-05,0.00040195661420672056
2384,Yonge Blvd at Felbrigg Ave,2,1,1,6.571284763119791e-05,0.005308604977894642
2385,Clark Ave West at York Hill Blvd,2,1,1,0.00011062853171393727,0.0006029349213100808
2386,College St at Brock Ave,2,1,1,0.00011062853171393727,0.0023895293070224223
2387,Kipling Ave at Beaverbrook Ave,2,1,1,9.583239385427896e-05,0.0004018390549087419
2388,Mortimer Ave at Greenwood Ave,2,1,1,0.00011031901235284257,0.004531537608499539
2390,Birchmount Rd at Exford Dr,2,1,1,0.00011062853171393727,0.0016234581029349212
2391,Bloor St West at Forest View Rd East Side,2,1,1,0.00010277622915315178,0.005132390472139515
2392,Middlefield Rd Loop at Steeles Ave East,2,1,1,0.00011954036978656851,0.006060187154402382
2394,Roselawn Ave at Bathurst St,2,1,1,0.00010118078482970925,0.0012249346782524156
2395,Staines Rd at Mantis Rd,3,1,2,0.00013194674059535886,0.0009363174634335845
2396,Scarlett Rd at Dixon Rd East Side,2,1,1,0.00010134068080043645,0.00010048915355168014
2397,Jane St at Haney Ave,2,1,1,9.125129175686567e-05,0.0
2398,Warden Ave at Burn Hill Rd,2,1,1,9.702046009415008e-05,0.006726724696684288
2399,Calvington Dr at Roding St,2,1,1,6.053619832312698e-05,0.0028552389054303136
2401,Queen's Plate Dr (West) at Triple Crown Ave West Side,2,1,1,0.00010613977922627641,0.0014714538582872537
2402,Wilson Ave at Lady York Ave,2,1,1,0.00022589579338185012,0.00030040408336877927
2404,McLevin Ave at Sewells Rd West Side,2,1,1,9.608283008941224e-05,0.006590369346377428
2405,Kennedy Rd at Perthshire St,2,1,1,0.00011062853171393727,0.0006029349213100808
2406,Jones Ave at Dundas St East,2,1,1,0.00010476211644145917,0.002079079824188289
2407,Donlands Ave at Sammon Ave,2,1,1,9.482442263967358e-05,0.003781850681574204
2408,Queen St East at Sumach St,2,1,1,0.00011062853171393727,0.005684947929538575
2410,Senlac Rd at York Cemetery,2,1,1,7.820287608311296e-05,0.0038122075712462783
2412,Humber Blvd at Weston Rd West Side,2,1,1,6.108824251285204e-05,0.0007366280306252662
2413,Lansdowne Ave at Tycos Dr,2,1,1,0.0001025173201658972,0.007670481139217846
2415,Keele St at Falstaff Ave North Side,4,2,2,0.0001132890948704064,0.03394022128754573
2416,Church St at Jane St,3,2,1,0.00016920431517156523,0.006336665248830285
2417,Pharmacy Ave at Arnall Ave,2,1,1,0.00011062853171393727,0.0012058698426201616
2419,Burnhamthorpe Rd at Echo Valley Rd West Side,2,1,1,0.00010959499990592628,0.0074356656741812
2420,6101 Bathurst St,3,1,2,0.00011062853171393727,0.00800191407911527
2421,Brimley Rd at Mandarin Rd,2,1,1,0.00011467069044560551,0.008349452755843643
2422,Sunrise Ave at Victoria Park Ave West Side,0,0,0,1.6598932385570904e-05,0.0
2423,Keele St at The Pond Rd,3,2,1,9.126881544449251e-05,0.011895318362857033
2424,800 Kipling Ave,2,1,1,0.00010545808723016269,0.0
2425,Islington Ave at Prince George Dr,2,1,1,0.00011905772497742526,0.00020097830710336028
2426,McCowan Rd at Carlton Rd,2,1,1,0.00011062853171393727,0.010550829434283284
2427,Opposite 60 Park Lane Cir,2,1,1,9.964586195726184e-05,0.007052267525470418
2428,Faywood Blvd at Ansford Ave,2,1,1,0.00010247865034999283,0.006649298170991068
2429,Queen St East at Wineva Ave,2,1,1,6.155904886778535e-05,0.0
2430,Commander Blvd at McCowan Rd,2,1,1,0.00011062853171393727,0.00022873245427477672
2432,Pharmacy Ave at Opposite Walkway to Ecclesfield Dr,2,1,1,0.00011062853171393727,0.0013063589961718417
2433,Berry Rd at Bell Manor Dr,2,1,1,9.659694876011437e-05,0.014760208421948107
2434,Victoria Park Ave at Ivordale Cres (North),2,1,1,0.00011068553886926476,0.0
2436,Victoria Park Ave at Winston Ave,3,2,1,0.0001302934779549621,0.004459538494257763
2437,Dixon Rd at Celestine Dr,2,1,1,0.00010498005704299935,0.0
2438,Airport Rd at Jetliner Rd East Side,5,3,2,0.0002556748823208868,0.021995260933541334
2439,Victoria Park Ave at Parkwoods Village Dr,4,2,2,0.0001626862348022013,0.01589792071685461
2441,John Garland Blvd at Martin Grove Rd,5,2,3,0.0001002829602151912,0.09578222814556549
2442,Martin Grove Rd at Dixon Rd,2,1,1,0.00010550147119472292,0.002880157379838367
2443,Sloane Ave at Wigmore Dr,2,1,1,7.527793834775126e-05,0.004007036013044095
2444,Spadina Ave at Dundas St West South Side,2,1,1,0.00011062853171393727,0.00523660144619311
2447,Weston Rd at Imogene Ave,2,1,1,0.00012254420501754058,0.00010048915355168014
2448,McCowan Rd at Milner Ave,2,1,1,0.00024101996272764487,0.003937967126450751
2449,Broadview Ave at Withrow Ave,2,1,1,0.00019609917220986373,0.0262282830507788
2450,1125 Leslie St North Side,2,1,1,0.00010139937313306338,0.002760438820360131
2451,Brown's Line at Horner Ave South Side,3,2,1,0.00019456471496928496,0.00708115849130311
2452,Opposite 7303 Warden Ave,2,1,1,0.00011062853171393727,0.005022862611654615
2453,Queen St West at Bathurst St,2,1,1,0.00011430164257167784,0.005249420958231651
2454,Lawrence Ave West at Greer Rd,2,1,1,0.00012070967592853335,0.006626874835429705
2455,Royalcrest Rd at Cabernet Cir,2,1,1,3.6378729362185485e-05,0.0011986388770735858
2456,Caledonia Rd at Keith Ave,2,1,1,0.00011060486491546129,0.005526903445342408
2457,Birchmount Rd at Bertrand Ave,2,1,1,9.51990290073109e-05,0.011180880476393025
2458,Markham Rd at 14Th Ave,2,1,1,0.00011062853171393727,0.005233411314334326
2459,Beechgrove Dr at Bethley Dr South Side,2,1,1,5.9050212613460534e-05,0.00645895363675032
2460,Wilson Ave at Dubray Ave,4,2,2,0.0001890241271731795,0.14160665832691235
2462,Martin Grove Rd at Bethridge Rd,2,1,1,8.842068411673684e-05,0.0035835814547001276
2463,Steeles Ave East at Jewell St,2,1,1,0.0001091785124850641,0.00020097830710336028
2465,Lansdowne Ave at Whytock Ave,2,1,1,0.00011062853171393727,0.002110272224585283
2466,Steeles Ave West at New Westminster Dr,2,1,1,8.869307329141489e-05,0.0
2467,Glenorchy Rd at Suncrest Dr,2,1,1,8.557357442387156e-05,0.00539547507646189
2468,Islington Ave at Rexdale Blvd North Side,4,2,2,0.00011185209855721237,0.0067751555189281155
2470,McNicoll Ave at Eagle Point Rd,2,1,1,0.00013209947375336789,0.006579646958740961
2471,Birchmount Rd at Timberbank Blvd,2,1,1,0.00012648283140088984,0.0031307954062101233
2472,Avenue Rd at Cottingham St,2,1,1,0.000128777113884884,0.0008549553381539771
2474,York Mills Rd at Banbury Rd (East),3,1,2,0.00012175786957013617,0.00806764483566908
2475,Victoria Park Ave at Innismore Cres,2,1,1,0.00011289906314607321,0.00020097830710336028
2476,Dundas St West at Poplar Ave,2,1,1,0.00018696083932390886,0.007093606202389699
2477,Tapscott Rd at McNicoll Ave,2,1,1,7.246481785249764e-05,0.00010048915355168014
2478,Yonge St at William Carson Cres,3,1,2,0.00010136025088169684,0.020217847971780903
2479,Scarlett Rd at East Dr,2,1,1,0.00012828445316774074,0.00040780518928115695
2481,Sloane Ave at Elvaston Dr,2,1,1,8.019057142869405e-05,0.003906546859492414
2483,Vaughan Rd at Arlington Ave East Side,2,1,1,9.923651115315902e-05,0.006445153984493343
2484,Rogers Rd at Bicknell Ave,4,2,2,0.0002112110342075472,0.004778112295728391
2485,Spadina Ave at King St West,2,1,1,0.00011062853171393727,0.004935133985538069
2486,Kipling Ave at Snaresbrook Dr,2,1,1,0.0001104996605848595,0.004289394991162741
2487,Eglinton Ave East at Mason Rd,2,1,1,0.00015205145517815184,0.00010048915355168014
2488,Sutherland Dr at Millwood Rd,3,1,2,9.82936450113533e-05,0.010281295839822865
2489,Willowdale Ave at Sheppard Ave East North Side,2,1,1,5.3054964255093006e-05,0.00213472990216929
2491,Hotspur Rd at Bathurst St West Side,2,1,1,0.00012263483729482507,0.0010048915355168014
2492,Warden Ave at Ellington Dr,2,1,1,0.00010949504249344844,0.00010048915355168014
2493,Warden Ave at Hymus Rd,2,1,1,0.00010594434229222024,0.00010048915355168014
2494,Pharmacy Ave at Holswade Rd South Side,2,1,1,9.095158761569545e-05,0.0027744534017662475
2495,Pape Ave at Cosburn Ave,2,1,1,0.00011062853171393727,0.013246619288835366
2496,Grantbrook St at Drewry Ave South Side,2,1,1,0.00011062853171393727,0.0014004678860059549
2497,Pharmacy Ave at Corinthian Blvd (South) South Side,2,1,1,0.00011062853171393727,0.00040195661420672056
2498,Varsity Rd at Bralorne Cres,2,1,1,8.656640008717007e-05,0.0010982206153409898
2499,Lawson Rd at Brumwell St,2,1,1,9.202796182562639e-05,0.0011064440663547427
2501,Eglinton Ave East at Brentcliffe Rd,4,1,3,0.00021967734895558303,0.017868244621101405
2502,Rockcliffe Blvd at Corbett Ave,2,1,1,8.148348221052895e-05,0.001695588840952516
2505,Nightstar Rd at Cranberry Dr,2,1,1,0.00017573766149407558,0.0011130370055295617
2506,Pharmacy Ave at Pachino Blvd South Side,2,1,1,0.00011062853171393727,0.006329221607826457
2507,Marlee Ave at Elway Crt,2,1,1,0.00010299649223330793,0.0007233623989791578
2510,Steeles Ave East at Esna Park Dr,3,2,1,0.0001450851398164808,0.0197391465079417
2511,Woodbine Ave at Corley Ave,2,1,1,0.00012100766790858737,0.006134623564440664
2512,3377 Bayview Ave,2,1,1,0.00011062853171393727,0.003253900315974965
2513,Kipling Ave at Gracey Blvd,2,1,1,0.0001313499378202755,0.00020097830710336028
2514,Willowdale Ave at Hillcrest Ave,2,1,1,0.00011062853171393727,0.0007502126754572523
2515,Railside Rd (West) at Lawrence Ave East,2,1,1,0.00010906814434683834,0.0
2516,Weston Rd at Coulter Ave,3,1,2,0.00017126230540465896,0.008032041625313105
2517,Thorncliffe Park Dr at Milepost Pl,2,1,1,8.965801764457799e-05,0.007096074871888356
2518,Ossington Ave at Harbord St South Side,2,1,1,0.00013230799808163296,0.006900919580536475
2520,Carrier Dr at Dansk Crt,2,1,1,0.00011850105233396043,0.001850077094853254
2521,Don Mills Rd at Kern Rd,2,1,1,0.00010429440633954716,0.00040195661420672056
2522,Lawrence Ave East at Leslie St,2,1,1,0.00010109572565242009,0.0047925401551518095
2523,Milner Ave at Progress Ave East Side,2,1,1,9.363352800738177e-05,0.0017083156103785623
2524,Coxwell Ave at Fairford Ave,2,1,1,0.00011311237458459567,0.00428354955338154
2525,Lansdowne Ave at Rideau Ave South Side,2,1,1,0.00011062853171393727,0.0032156529136537645
2527,Brimley Rd at Finch Ave East,2,1,1,9.214653704243679e-05,0.0
2528,Eglinton Ave West at Old Park Rd,3,1,2,0.00011173270683198768,0.018447918421699547
2529,Rathburn Rd at Renforth Dr,2,1,1,0.00011062853171393727,0.008297363440780673
2530,Danforth Rd at Seminole Ave North Side,2,1,1,0.00010620649189965365,0.005836346235644407
2531,Finch Ave East at Bridletowne Circle (West),2,1,1,9.399492135225601e-05,0.0
2532,Cosburn Ave at Cedarvale Ave,2,1,1,0.00010119492959374254,0.002813696299447044
2533,Dufferin St at Shanly St,2,1,1,8.324724439059253e-05,0.00010048915355168014
2534,Kipling Ave at Advance Rd,2,1,1,0.00010457193731127138,0.0
2535,Lawrence Ave East at Railside Rd (East),2,1,1,0.00015663756234389955,0.008456401531263293
2536,Don Mills Rd at Finch Ave East,4,2,2,0.00014344381736979282,0.02753046050975113
2537,Heathrow Dr at Datchet Rd,2,1,1,5.619898136678529e-05,0.0007129944704381114
2538,King St East at Sumach St,4,1,3,0.00011497932030881612,0.009569539655355603
2540,2481 Birchmount Rd,2,1,1,0.00011062853171393727,0.013809549128030625
2541,North Queen St at Medulla Ave,3,1,2,9.675320725034505e-05,0.0014731255558563087
2542,Dundas St West at Howland St,2,1,1,0.00010023720733806648,0.002212107950889321
2545,Gerrard St East at Victoria Park Ave West Side,2,1,1,9.069226600192016e-05,0.011465120835495142
2546,Vaughan Rd at Kenwood Ave,2,1,1,0.00010307644333873629,0.006244175677389985
2547,Pape Ave at Torrens Ave North Side,2,1,1,0.00011062853171393727,0.013146130135283688
2548,Royal York Rd at Anglesey Blvd North Side,2,1,1,9.522519212141076e-05,0.003742354760385652
2549,Lawrence Ave East at Carnforth Rd East Side,3,1,2,0.00014940214174758164,0.008355912377711614
2550,Wilson Ave at Ridley Blvd,2,1,1,0.00014348457816760227,0.00020097830710336028
2551,Willowdale Ave at Hollywood Ave South Side,2,1,1,0.00011062853171393727,0.0006497235219055721
2552,Jane St at Courage Ave,2,1,1,0.00010879431027135188,0.0
2553,Van Horne Ave at Kingslake Rd,2,1,1,9.253930444739312e-05,0.006238195246197161
2554,Mimico Ave at Wheatfield Rd,2,1,1,0.00011121603640970509,0.0022828293569467535
2555,Steeles Ave West at Palm Gate Blvd,2,1,1,9.56859913293668e-05,0.00010048915355168014
2556,Lake Shore Blvd West at Louisa St,2,1,1,0.00011062853171393727,0.003998769813231744
2557,Yonge St at Gerrard St East,2,1,1,0.00011540431768443851,0.00712515950659294
2558,Bergamot Ave at Islington Ave West Side,2,1,1,6.571236496400646e-05,0.0028783020080107753
2559,Bloor St West at Havelock St,2,1,1,0.00010346276193796112,0.01782011993320638
2560,Steeles Ave West at Hilda Ave,4,2,2,0.0001412911823330159,0.027431049676874607
2561,Greenwin Village Rd at Regatta Cres,2,1,1,0.00010802993630986679,0.004183326244151425
2562,Bellamy Rd North at Cedar Brae Blvd,2,1,1,0.00011062853171393727,0.005240854955338154
2564,Cosburn Ave at Roosevelt Rd West Side,3,2,1,0.00013006996371229556,0.006151740025889325
2565,Sloane Ave at Wigmore Dr,2,1,1,0.00010548147859140133,0.0011529136537643554
2566,Portland St at Wesley St West Side,2,1,1,8.454958201839686e-05,0.0001573798383666525
2568,Keele St at Broadoaks Dr,2,1,1,8.956292569951095e-05,0.0
2569,Avenue Rd at Eglinton Ave West North Side,2,1,1,6.219607074624148e-05,0.003617609527860485
2571,Yorkland Blvd (North) at Consumers Rd West Side,2,1,1,4.9431730104733034e-05,0.004159031895758445
2572,Midland Ave at Wainfleet Rd,2,1,1,0.00011062853171393727,0.004868822978554083
2573,Oriole Pkwy at Chaplin Cres South Side,2,1,1,8.388026650012895e-05,0.003769140791152701
2574,King St West at Dowling Ave,2,1,1,8.286316566273377e-05,0.0022313411044270256
2576,Main St Markham North at 16Th Ave,2,1,1,0.00011062853171393727,0.0031071884304551254
2578,Kipling Ave at Princess Margaret Blvd,2,1,1,0.0001023669671053164,0.004836771586558911
2579,Flemington Rd at Ranee Ave South Side,2,1,1,7.864423038878403e-05,0.000703424074861761
2580,Burnhamthorpe Rd at Shaver Ave North East Side,2,1,1,0.00011062853171393727,0.005325393449595917
2581,366 The East Mall,2,1,1,0.0001334112436989233,0.011788188590682865
2582,Sheppard Ave West at Easton Rd,4,2,2,0.00012392043001949882,0.025305359126140174
2584,Finch Ave West at Ancona St,2,1,1,0.00011530310605387131,0.0
2585,Cummer Ave at Ruddington Dr,2,1,1,9.293861612045477e-05,0.002240589111016589
2586,Wellesworth Dr at Dixfield Dr (South),2,1,1,9.98717890455317e-05,0.0011803487877498936
2587,Mt Pleasant Rd at Broadway Ave,2,1,1,0.00011062853171393727,0.00010048915355168014
2590,113 Valley Woods Rd,2,1,1,7.729623870523087e-05,0.025459646182710564
2591,210 The West Mall,2,1,1,0.00011062853171393727,0.0
2592,Commissioners St at Saulter St,3,1,2,0.00017707724260801987,0.011979097958110129
2593,Lawrence Ave West at Little Ave,3,1,2,0.00014074493314347698,0.0024035428186587266
2595,Eglinton Ave West at Kipling Ave,2,1,1,0.00010111579100118747,0.00215961957677584
2596,Sentinel Rd at Finch Ave West,2,1,1,7.921457536870575e-05,0.0018502207773794335
2597,St Clair Ave East at Presley Ave,2,1,1,8.483678970424267e-05,0.00856940309088331
2598,Davenport Rd at Ossington Ave,2,1,1,0.00011062853171393727,0.009883401052371702
2599,The Queensway at Windermere Ave East Side,2,1,1,0.00012111395314612762,0.0034876943298040703
2600,The Queensway at St Lawrence Ave,2,1,1,0.00011349699717269764,0.0015315533042032405
2601,Park St at Sharpe St,2,1,1,9.788339347618604e-05,0.0012756982844179781
2602,Eglinton Ave East at Banff Rd,2,1,1,8.759105548861954e-05,0.008019514470810743
2603,The Queensway at Milton St,2,1,1,0.00013124791665558992,0.001301042109740536
2604,Victoria Park Ave at Eglinton Ave East North Side,5,2,3,0.00020200933344277744,0.03691820029161972
2605,Queen St East at River St,2,1,1,6.715980915053906e-05,0.006957736568610213
2607,Eglinton Ave West at Lascelles Blvd,6,4,2,0.00023259044580237296,0.027668208133832733
2608,7075 Warden Ave at Warden Centre Plaza,2,1,1,0.00011062853171393727,0.004721395150999575
2609,Oakdale Rd at Finch Ave West - Humber Reactivation Care,2,1,1,7.952745577955478e-05,0.0017031227846306533
2610,Weston Rd at Northland Ave,2,1,1,8.743391206230699e-05,0.00010048915355168014
2611,King St West at Jameson Ave,2,1,1,0.00012073350872216673,0.0050767175617638174
2612,Birchmount Rd at McNicoll Ave,2,1,1,0.00011062853171393727,0.013005635899617184
2613,Don Mills Rd at Graydon Hall Pl,2,1,1,9.166006328656623e-05,0.0
2614,Castleton Ave at Henrietta St,3,2,1,0.0001521708774441391,0.0016026614814364708
2615,Coxwell Ave at Lower Gerrard St East,2,1,1,0.00011377956463578786,0.004232596058414859
2616,Pharmacy Ave at Finch Ave East,2,1,1,0.00011062853171393727,0.0006029349213100808
2617,Mortimer Ave at Pape Ave,2,1,1,7.105381897400824e-05,0.0031310489807937704
2618,Kipling Ave at Gracey Blvd,2,1,1,0.00010302258966342679,0.0
2620,Berry Rd at Park Lawn Rd East Side,2,1,1,7.015476090851795e-05,0.007597217223440107
2621,Lawrence Ave East at Yonge St East Side,4,3,1,0.00012603311543008894,0.008826416317271274
2622,Stephen Dr at The Queensway,2,1,1,9.190464442131096e-05,0.007094771455681707
2624,Queen St West at Spadina Ave,2,1,1,0.00010540354512769473,0.002151876895935853
2625,Pelmo Cres at Longview Dr West Side,2,1,1,6.340262851715049e-05,0.0018667214208003009
2626,Bathurst St at Viewmount Ave South Side,3,2,1,0.00020231586657220104,0.01116633396780143
2627,Royal York Rd at Sinclair St South Side,3,2,1,9.975369144849834e-05,0.0032222301221497586
2628,Lawrence Ave West at Avenue Rd,4,2,2,0.00011424350813119929,0.015021139463867218
2629,Eglinton Ave West at Glenholme Ave,2,1,1,9.110468039836552e-05,0.016940554415180623
2630,Opposite 1710 Midland Ave,2,1,1,9.729824589633284e-05,0.0025988940876222884
2631,Steeles Ave East at Kennedy Rd,3,1,2,0.00018011045930643404,0.015555288575147146
2632,Islington Ave at Advance Rd,2,1,1,0.00010498117688514534,0.005751878633205729
2633,North Queen St at The East Mall,2,1,1,6.510353112220633e-05,0.0005907060825180774
2634,Gerrard St East at Alton Ave,2,1,1,0.00011536457754513345,0.004139502440704057
2635,Evans Ave at Brown's Line,3,1,2,0.00018205258548332573,0.01267790128487704
2637,1030 Martin Grove Rd,2,1,1,0.00010330081438381385,0.003081135686941727
2638,Lundy Ave at Warren Cres North Side,2,1,1,0.00010275219485001498,0.005133737416702112
2639,Kennedy Rd at Radnor Ave,2,1,1,0.00010722426452711275,0.004118991918332624
2640,Gerrard St East at Pape Ave,2,1,1,0.0001184836547164933,0.0045414590549107785
2641,Weston Rd at Jubilee Cres,4,2,2,8.356873785978687e-05,0.015214527351400617
2642,Bay St at Queens Quay West North Side - Ferry Docks Terminal,2,1,1,0.0001262414543718125,0.002926237062243017
2643,Drewry Ave at Norwin St,2,1,1,0.00010542050289944022,0.002009783071033603
2644,Warden Ave at Ashtonbee Rd,4,2,2,0.00011528067039194681,0.009730026229973059
2645,Islington Ave at Chestnut Hills Cres,2,1,1,0.00011758809760745677,0.0003014674606550404
2646,Kipling Ave at Steeles Ave West,1,1,0,0.00010681126883860644,0.0
2647,Lake Shore Blvd West at First St,2,1,1,0.00012373166437867146,0.005730540195661421
2648,Gerrard St East at Dengate Rd,2,1,1,9.526945519228389e-05,0.011364631681943462
2649,Kipling Ave at Burnhamthorpe Rd,4,2,2,0.0001696430827117568,0.008058388956145229
2650,Queen St West at Jameson Ave,2,1,1,0.0001125531076277288,0.0017794230268124358
2651,O'Connor Dr at Chilton Rd,2,1,1,4.832904000412173e-05,0.007125779810009926
2652,Roncesvalles Ave at Queen St West,2,1,1,0.00011213673966853965,0.004574316101392345
2653,Gerrard St West at Elizabeth St West Side,2,1,1,5.5518486975942446e-05,0.00020097830710336028
2655,Southwood Dr at Glen Ames,2,1,1,0.00010810128204202647,0.000411527009783071
2656,Brimley Rd at St Clair Ave East,3,1,2,0.0001791276637872912,0.011715658142332951
2657,Keele St at Humberside Ave,2,1,1,0.0001716368404249115,0.00010048915355168014
2658,Ellesmere Rd at Saratoga Dr East Side,2,1,1,0.00010798863418903687,0.0
2660,Eglinton Ave West at Avenue Rd West Side,2,1,1,0.00011647837831846837,0.024178101886868388
2662,Humberwood Blvd at Hullrick Dr (South),3,1,2,7.25715083417211e-05,0.002731949170565717
2663,Bathurst St at College St,2,1,1,0.00014131378667577913,0.0019393115391626665
2664,Eglinton Ave East at Bermondsey Rd,2,1,1,9.375364033983259e-05,0.0063243694325936075
2665,Chisholm Ave at Lumsden Ave,2,1,1,0.00010954199927854766,0.005536429144016341
2666,Midland Ave at Lockie Ave South Side,2,1,1,0.00010250629949803302,0.0021396651733648
2667,Hollinger Rd at Dohme Ave,2,1,1,0.00010497378961065731,0.0030021444775272933
2668,Danforth Rd at Hart Ave,2,1,1,0.00011240670158819353,0.0031249116038620612
2669,The Queensway at The East Mall,2,1,1,0.00011232602304632867,0.005567070105564362
2670,Underhill Dr at Cornerbrook Dr,2,1,1,0.0001167371403310622,0.028530790779642053
2671,Ellesmere Rd at Meadowvale Rd,2,1,1,9.429767277841685e-05,0.005386094569686658
2672,Tapscott Rd at Finch Ave East,3,1,2,0.00010435346255863897,0.0051214908549553385
2673,Broadview Ave at Gerrard St East,3,1,2,0.00014543009840097947,0.021154573903464122
2674,Island Rd at Port Union Rd East Side,2,1,1,8.687810161879032e-05,0.0008039132284134411
2675,Old Weston Rd at Kane Ave,2,1,1,0.00013445696298274495,0.002180391720897013
2676,Bathurst St at Cordoba Dr,2,1,1,0.00011062853171393727,0.00020097830710336028
2677,24 Mabelle Ave,2,1,1,8.35659011656076e-05,0.010683353219531113
2679,Danforth Ave at Glebemount Ave,2,1,1,0.00010587908730228131,0.01158685201951202
2680,Sloane Ave at Anewen Dr,2,1,1,6.970516906401955e-05,0.004107525166595774
2681,Steeles Ave West at Highway 27 West Side,3,2,1,0.00011357675824475889,0.005836877924287537
2682,Kipling Ave at Widdicombe Hill Blvd,2,1,1,0.0001061924111938994,0.00020097830710336028
2683,Ian MacDonald Blvd at Founders Rd East Side,2,1,1,0.0001281478650362803,0.002975732709914973
2684,Birchmount Rd at Comstock Rd,2,1,1,7.659805606601987e-05,0.011683326244151426
2685,Dixon Rd at Carlingview Dr,4,2,2,0.00022576814144230052,0.021693793472886292
2686,McNicoll Ave at Opposite Walkway to Hawkshead Cres,2,1,1,0.00012853925784606148,0.006177690344534241
2687,College St at McCaul St,2,1,1,0.00010628273078325061,0.0036958883031942653
2688,McCowan Rd at Highway 7,2,1,1,9.343750572901079e-05,0.008927052318162484
2690,The Queensway at Atomic Ave,2,1,1,0.00010880982193645853,0.0057680484126677225
2691,Queen St East at Beech Ave,2,1,1,9.898792842696327e-05,0.00020097830710336028
2692,Shoreham Dr at Shoreham Crt,2,1,1,8.302205169278995e-05,0.00010048915355168014
2693,Windermere Ave at St Olaves Rd,2,1,1,0.00010577536754770135,0.006130901743938749
2694,Davisville Ave at Bayview Ave,3,1,2,0.00012219151501043427,0.012723519007269346
2695,Dufferin St at Rogers Rd,4,2,2,0.00013430215235068612,0.009063571168122423
2696,Victoria Park Ave at Ellesmere Rd North Side,4,2,2,0.0001121796705047369,0.03006627557873159
2697,Woodbine Ave at Cosburn Ave,2,1,1,0.00011756011378400135,0.004060183250394863
2698,Colonel Samuel Park at Humber College Cottages C-M,2,1,1,0.00011726195026470884,0.0
2699,Broadview Ave at Hillside Dr,2,1,1,0.00023060085867486428,0.02545545183242585
2700,Warden Ave at Bridletowne Cir (North) South Side,2,1,1,0.00012523271096206894,0.00010048915355168014
2701,Warden Ave at Apple Creek Blvd,2,1,1,0.00011062853171393727,0.0057262866865163764
2703,East Ave at Maberley Cres (South),2,1,1,0.00010472278996848,0.00010048915355168014
2704,Dundas St West at Paulart Dr,2,1,1,9.536646951798083e-05,0.004716078264568271
2705,Glen Rd at Elm Ave,2,1,1,0.00010683521975253372,0.002009783071033603
2706,Lawrence Ave West at Pine St,3,2,1,0.0002684125137487162,0.029657763901803122
2707,Eglinton Ave East at Pharmacy Ave,2,1,1,9.326217688316357e-05,0.019915794151970246
2708,Queens Quay/Ferry Docks Station,2,1,1,0.00012237059962510232,0.005612581272406879
2709,14 Carluke Cres,2,1,1,0.00011062853171393727,0.0015073373032752021
2710,Willowdale Ave at Church Ave North Side,2,1,1,8.507175446102473e-05,0.001632284134410889
2711,Cherry St at Polson St,2,1,1,8.589804895603315e-05,4.826037640473681e-05
2712,40 Norfinch Dr,2,1,1,8.563090345879392e-05,0.0007134323316736306
2714,Trethewey Dr at Todd Baylis Blvd South Side,4,2,2,0.00015627380520889876,0.0018536925223410319
2715,Manitoba Dr at Strachan Ave West Side,4,3,1,0.0002378036397644032,0.010165674181199489
2716,Cosburn Ave at Logan Ave,2,1,1,0.00011730181939952918,0.005448315951027564
2717,Kipling Ave at John Garland Blvd North Side,2,1,1,9.230421370310637e-05,0.0009044023819651212
2718,791 Islington Ave,2,1,1,0.0002102952752196275,0.014509966240166153
2720,Opposite 44 Valley Woods Rd,2,1,1,7.145060612868792e-05,0.025560135336262245
2722,Eglinton Ave West at Commerce Blvd East Side,2,1,1,0.00012232034804030397,0.0025122288387920033
2723,Albion Rd at Golfdown Dr East Side,3,2,1,0.00025961396402320014,0.024083364463588306
2725,Ameer Ave at Baycrest Ave,2,1,1,0.00012020860048141412,0.0006029349213100808
2726,Dundas St West at Nottingham Dr,2,1,1,9.06622440720663e-05,0.012525565362257195
2727,Danforth Ave at Woodmount Ave,2,1,1,8.008594789629193e-05,0.009320888058234729
2729,Warden Ave at Clegg Rd,2,1,1,0.00011062853171393727,0.005424819225861336
2730,70 Island Rd,2,1,1,0.00010261327517745985,0.00010048915355168014
2731,Staines Rd at Palk Lane North Side,2,1,1,9.277299401293148e-05,0.0010093222742095563
2734,St Clair Ave West at Spadina Rd West Side,3,1,2,0.00011640083177130055,8.693109315185027e-05
2735,Avenue Rd at Old Orchard Grove,2,1,1,0.00010213574543214079,0.002311250531688643
2736,3223 Kennedy Rd,2,1,1,0.00011062853171393727,0.00040195661420672056
2738,Kingston Rd at Choiceland Blvd,2,1,1,9.185633445978238e-05,0.0011874379696583013
2740,Weston Rd at Birdstone Cres (North),2,1,1,0.00014116051961187,0.0
2741,Spadina Rd at St Clair Ave West North Side,2,1,1,3.5291485823827366e-05,0.001693299249659645
2742,Warden Ave at Clegg Rd,2,1,1,9.152414317899885e-05,0.007736069757549979
2744,Finch Ave West at Beecroft Rd,2,1,1,0.00011383643668770932,0.0021244505884020983
2745,King St West at Joe Shuster Way,2,1,1,0.00010683703340398041,0.005460286234159055
2746,3750 Midland Ave,2,1,1,5.273062013898844e-05,0.003345535015984962
2747,The Queensway at Windermere Ave West Side,2,1,1,0.00011062853171393727,0.003340127040749727
2748,3750 Midland Ave,2,1,1,0.00011062853171393727,0.009866014461931093
2749,The Queensway at Ellis Ave West Side,2,1,1,0.00011062853171393727,0.003440616194301407
2750,The Pond Rd at Arboretum Lane - Sobeys Stadium,6,1,5,0.00010134599324063248,0.005386898176806937
2751,North York General Hospital - Main Entrance,4,2,2,0.00019565256589241107,0.0067369433611192435
2752,St Clair Ave West at Dunvegan Rd,2,1,1,0.00011411674384024503,0.0
2753,St Clair Ave West at Vaughan Rd West Side,2,1,1,5.020534100090676e-05,0.0021145257337303277
2754,Steeles Ave East at Marydale Ave,2,1,1,0.00010459929474712927,0.0026546832752517902
2755,Steeles Ave East at Eastvale Rd,5,2,3,0.0002088845634768698,0.008075226899264543
2756,Steeles Ave East at Staines Rd,3,2,1,6.322883031352217e-05,0.001754373609754298
2757,Staines Rd at Quietbrook Cres (North),2,1,1,7.020133742742659e-05,0.0016538844562026182
2762,5671 Steeles Ave East,2,1,1,0.00010504460463023755,0.0029561507359068305
2763,Steeles Ave East at Opposite Walkway to Irenemount Cres,2,1,1,0.0001065459134242202,0.00275517242880347
2764,Coxwell Ave at Casci Ave,2,1,1,0.0001091536831623967,0.00438403870693322
2765,Brimley Rd at Opposite Brimley Woods Park,2,1,1,8.887813889077656e-05,0.0
2768,The Queensway at Colborne Lodge Dr West Side,2,1,1,0.00011062853171393727,0.003541105347853087
2769,Steeles Ave East at Markham Rd,2,1,1,0.00010500686116749053,0.00255419412170011
2774,Finch Ave East at Blackbird Gate,3,2,1,0.00015250318213580057,0.00390773590863978
2775,5910 Finch Ave East,3,1,2,0.00016134168174680366,0.004299238588105029
2776,Danforth Rd at Brimley Rd,2,1,1,8.823561418227861e-05,0.00010048915355168014
2778,Finch Ave East at Morningside Ave,3,1,2,0.00014589490904759798,0.0038072467550881
2779,Humberwood Blvd at Morning Star Dr,3,2,1,0.00017088568364995236,0.0021296843984829152
2789,Bayview Ave at Merton St,2,1,1,5.657796476089193e-05,0.01061563938157815
2790,Bayview Ave at McRae Dr,2,1,1,8.787599547503572e-05,0.004459672682343886
2791,Bayview Ave at Nesbitt Dr,2,1,1,7.993892099523539e-05,0.01531434155491877
2792,Finch Ave East at Morningside Ave West Side,3,2,1,0.00017049250225863153,0.004399727741656708
2793,550 Bayview Ave - Evergreen Brick Works,2,1,1,7.514535801832599e-05,0.015414830708470448
2794,Staines Rd at Jacques Rd,4,2,2,0.000197572674078571,0.003026761661704239
2798,Opposite 810 Royal York Rd,2,1,1,0.00015839483913428052,0.002521799234368354
2799,5799 Yonge St,4,2,2,0.00030466311473985867,0.012998708756152397
2801,Wellness Way at Armistice Dr - Wellspring Centre,3,2,1,0.00016218851448369923,0.006916353983107492
2802,Fleet St at Bastion St West Side,2,1,1,0.00018361446568244347,0.009904189706507869
2803,Progress Ave at Schick Crt,2,1,1,8.04816376064228e-05,0.00010045976372718548
2804,Evans Ave at Gamma St West Side,2,1,1,0.00010406566600784,0.009570927264993619
2806,Old Finch Ave at Baffin Crt West Side,2,1,1,8.409114754507761e-05,0.0041450351187165314
2807,Old Finch Ave at Harvest Moon Dr,2,1,1,7.933827675055767e-05,0.004245524272268211
2808,Fleet St at Bastion St,2,1,1,0.00017366540795059587,0.004679467703712706
2819,Fleet St at Fort York Blvd East Side,2,1,1,0.0001847606063167463,0.004779956857264386
2822,Fleet St at Fort York Blvd West Side,2,1,1,0.000176497489659011,0.009803700552956188
2823,Humberwood Blvd at Morning Star Dr,2,1,1,0.00011387913152202789,0.00400374840493407
2828,Old Finch Ave at Morningside Ave,2,1,1,8.831399633622185e-05,0.004044545965164852
2829,35 Carl Hall Rd,2,1,1,3.822144570862834e-05,0.0038016624131575216
3641,41 Torbarrie Rd,2,1,1,3.2197618452751356e-05,0.0010635873486318855
3644,Signet Dr at High Meadow Pl,2,1,1,3.294176922624129e-05,0.0016073562196349677
3645,Signet Dr at High Meadow Pl,2,1,1,0.00011062853171393727,0.004729902169289665
3646,Weston Rd at Sidney Belsey Cres,2,1,1,9.902216763167977e-05,0.00010048915355168014
3647,Weston Rd at Sidney Belsey Cres,2,1,1,9.437139436329318e-05,0.00040195661420672056
3648,Finch Ave East at Neilson Rd,3,2,1,6.015979163215218e-05,0.003350447646130336
3649,Old Finch Ave at Morningside Ave East Side,2,1,1,5.63283577357365e-05,0.0020785143008133227
3650,Old Finch Ave at Baffin Crt,2,1,1,6.446272627002808e-05,0.0019780251472616426
3651,Old Finch Ave at Littles Rd,2,1,1,7.168174062297032e-05,0.0018775359937099625
3654,Jane St at Ardagh St,2,1,1,0.00021327992892668026,0.015954490916344186
3655,Mount Dennis Garage,2,1,1,8.890275955179234e-05,0.0009902169289663974
3656,Industry St at Ray Ave,2,1,1,9.279440630146726e-05,0.0008897277754147172
3658,Strachan Ave at East Liberty St,3,1,2,0.00012614309180846364,0.004116726026172734
3659,East Liberty St at Pirandello St West Side,3,2,1,0.00013628393040421625,0.009846960948400424
3660,East Liberty St at Lynn Williams St,2,1,1,0.0001375440548570173,0.009746471794848744
3661,Liberty St at Atlantic Ave,4,1,3,0.00012712816297730147,0.009645982641297063
3662,Atlantic Ave at King St West,2,1,1,0.00011585273807424628,0.001295937632255884
3663,Marine Parade Dr (East) at Lake Shore Blvd West,2,1,1,0.00011429895774757936,0.0026126293775698287
3664,58 Marine Parade Dr,2,1,1,0.00011375110758490457,0.0025252984046847025
3665,Opposite 2155 Lake Shore Blvd West,2,1,1,0.00011569942039246273,0.0028136076846731893
3666,Lake Shore Blvd West at Brookers Lane,2,1,1,0.00011494334404831032,0.002713118531121509
3668,Finch Ave East at Neilson Rd,2,1,1,9.27408542543581e-05,0.0014390638397709858
3673,Clayson Rd at Bartor Rd (North) West Side,0,0,0,1.6598932385570904e-05,0.0
3674,600 Clayson Rd,0,0,0,1.6598932385570904e-05,0.0
3676,Torbarrie Rd at Sergio Marchi St,2,1,1,2.8690759423432178e-05,0.010395801198305453
3677,Torbarrie Rd at Judy Sgro Ave South Side,2,1,1,4.098808039498511e-05,0.010295312044753773
3678,Torbarrie Rd at Joseph Griffith Lane South Side,2,1,1,5.142306808563819e-05,0.010194822891202092
3679,Opposite 41 Torbarrie Rd,2,1,1,6.0302832098667516e-05,0.010094333737650412
3680,Jethro Rd at Wilson Ave North Side,2,1,1,1.827871470273176e-05,0.0011640765021835656
3681,Torbarrie Rd at Joseph Griffith Lane North Side,2,1,1,4.3912700970492076e-05,0.0009630981950802054
3682,Torbarrie Rd at Judy Sgro Ave,2,1,1,5.39087833531983e-05,0.0008626090415285253
3683,Gerry Fitzgerald Dr at Steeles Ave West,3,1,2,0.00010519469056230674,0.0020289744991999355
3684,Pleasant View Dr at Clipper Rd,2,1,1,3.551924117538263e-05,0.003936932865447327
3685,Nightstar Rd at Wharnsby Dr,3,1,2,0.00015526931739432088,0.0009120586984262014
3686,Westmore Dr at Finch Ave West North Side,2,1,1,4.577964538565259e-05,0.00040195661420672056
3687,91 Westmore Dr,2,1,1,5.569202862262302e-05,0.0003014674606550404
3688,Carrier Dr at Highway 27,2,1,1,6.360655441993993e-05,0.00020097830710336028
3689,Carrier Dr at Woodbine Downs Blvd,2,1,1,7.02123014178112e-05,0.00010048915355168014
3690,Carrier Dr at Humber College Blvd,2,1,1,7.595319829556847e-05,0.0
3695,Opposite 91 Westmore Dr,2,1,1,7.666445591896068e-05,0.0003553496961626508
3696,Westmore Dr at Finch Ave West,2,1,1,8.176136542260666e-05,0.00499149298170991
3697,Torbarrie Rd at Sergio Marchi St,2,1,1,6.241667025613763e-05,0.0007621198879768451
3698,La Rose Ave at Royal York Rd East Side,2,1,1,5.296283186069633e-05,0.001552860927973912
3701,Colborne Lodge Dr at Bloor St West,2,1,1,0.00011062853171393727,0.0
3702,Colborne Lodge Dr at Swimming Pool,2,1,1,0.00011062853171393727,0.0
3703,West Rd at Baseball Field,2,1,1,0.00011062853171393727,0.0
3704,West Rd at Bloor St West South Side,2,1,1,0.00011062853171393727,0.0
3705,Colborne Lodge Dr at Centre Rd,2,1,1,0.00011062853171393727,0.0
3706,West Rd at Swimming Pool,2,1,1,0.00011062853171393727,0.0
3709,Markham Rd at Select Ave,2,1,1,0.00010831741597049421,0.0
3710,Markham Rd at Select Ave,2,1,1,0.00017758354409140145,0.0
3718,Bathurst Station at Bus Bay 3,3,2,1,9.894574297063477e-05,0.00013045052709025488
3719,Bathurst Station at Bay 6,3,2,1,0.00012331489370221812,0.0015310333728028327
3720,Leslie Station at Bus Bay 2,2,1,1,9.710344368765633e-05,0.005654841773142495
3721,Leslie Station at Bus Bay 3,2,1,1,0.00011062853171393727,0.0011825907415284277
3722,Don Mills Station at Bus Bay 2,3,2,1,9.635726109499541e-05,0.011665821603959632
3723,Don Mills Station at Bus Bay 3,2,1,1,7.728072391507366e-05,0.023420424866292318
3724,Don Mills Station at Bus Bay 4,3,2,1,0.00011488442553733545,0.0005414238967115405
3725,Don Mills Station at Bus Bay 5,2,1,1,5.215919222432377e-05,0.01477680939962604
3726,Don Mills Station at Bus Bay 8,2,1,1,2.3609194438274262e-05,0.00021798886859436813
3727,Don Mills Station at Bus Bay 9,2,1,1,3.342356131205896e-05,0.00021798886859436813
3728,Don Mills Station at Bus Bay 10,2,1,1,7.441998836742578e-05,0.026763243823501922
3729,Don Mills Station at Bus Bay 11,2,1,1,0.0001021241294285519,0.00021798886859436813
3730,Don Mills Station at Bus Bay 14,4,2,2,3.5584209916380716e-05,0.028667167067450233
3731,Don Mills Station at Bus Bay 15,2,1,1,7.078378210633837e-05,0.0046991484120232525
3733,Broadview Station at Bus Bay 3,2,1,1,5.5865340879019234e-05,0.022598452748867466
3734,Broadview Station at Bus Bay 4,2,1,1,6.253561385592885e-05,0.005103503321788096
3735,Broadview Station at Bus Bay 5,2,1,1,6.499650750612661e-05,0.005103503321788096
3736,Broadview Station at Bay 6,4,2,2,6.913916249788845e-05,0.004050404083368779
3737,Broadview Station at Bay 7,2,1,1,7.75017506347844e-05,0.0
3738,Castle Frank Station at Bus Bay 1,2,1,1,8.836608539094544e-05,0.003275656659376353
3739,Castle Frank Station at Bus Bay 2,2,1,1,0.00010363569241336558,0.003275656659376353
3740,Coxwell Station at Bus Bay 1,2,1,1,9.738352992591496e-05,0.0012857117538636043
3741,Coxwell Station at Bus Bay 4,2,1,1,9.7781080920667e-05,0.0009316704138056754
3742,Davisville Station at Bus Bay 2,0,0,0,1.6598932385570904e-05,0.0
3743,Davisville Station at Bus Bay 3,2,1,1,6.0930887245882105e-05,0.003880321950132669
3745,Davisville Station at Bus Bay 5,3,2,1,0.00016419049340269144,0.013527432235682786
3746,Donlands Station at Bus Bay 1,2,1,1,9.736506846997185e-05,0.0007922160782645684
3747,Donlands Station at Bus Bay 3,2,1,1,9.804281404384295e-05,0.00039557635048915356
3748,Sheppard West Station at Bus Bay 1,3,2,1,0.0001235192134206682,0.004900228463874618
3749,Sheppard West Station at Bus Bay 10,3,2,1,0.00011037425120291142,0.0039841202325251665
3750,Sheppard West Station at Bus Bay 2,2,1,1,2.660448606897386e-05,0.015092468997000695
3751,Sheppard West Station at Bus Bay 3,2,1,1,5.406568525964023e-05,0.0008698426201616334
3752,Sheppard West Station at Bus Bay 4,0,0,0,1.6598932385570904e-05,0.0
3753,Sheppard West Station at Bus Bay 5,2,1,1,0.00011062853171393727,0.0
3754,Sheppard West Station at Bus Bay 6,2,1,1,2.421430090361421e-05,0.008513556794474488
3755,Sheppard West Station at Bus Bay 7,2,1,1,0.00014262220919533084,0.0
3756,Sheppard West Station at Bus Bay 8,2,1,1,6.343237347815756e-05,0.0008698426201616334
3758,Dundas West Station at Bus Bay 1,2,1,1,0.0001171077462495071,0.004359663118176392
3759,Dundas West Station at Bus Bay 2,2,1,1,0.00010563538011056805,0.00025399357247506973
3760,Dundas West Station at Bay 4,2,1,1,8.444229792001616e-05,0.0001612966113710478
3761,Dundas West Station at Bay 5,4,2,2,0.00011721888467312492,0.004726142371027527
3764,Eglinton Station at Bus Bay 2,2,1,1,4.8512839235514564e-05,0.0010087196937473416
3765,Eglinton Station at Bus Bay 3,2,1,1,6.446014191546876e-05,0.0036512776887085694
3767,Eglinton Station at Bus Bay 6,2,1,1,9.610774202974031e-05,0.0
3768,Eglinton Station at Bus Bay 7,3,2,1,6.872798853545421e-05,0.0016531260990533619
3769,Eglinton Station at Bus Bay 8,2,1,1,6.0538011399453994e-05,0.0016074350557283327
3770,Eglinton Station at Bus Bay 9,2,1,1,7.309203397484916e-05,0.0016074350557283327
3771,Cedarvale Station at Bus Bay 2,2,1,1,1.7940942898824595e-05,0.004750959193459168
3772,Cedarvale Station at Bus Bay 3,0,0,0,1.6598932385570904e-05,0.0
3773,Cedarvale Station at Bus Bay 5,2,1,1,8.772548958801656e-05,0.004750959193459168
3774,Cedarvale Station at Bus Bay 6,3,2,1,9.365274212834703e-05,0.015271299510340104
3775,Cedarvale Station at Bus Bay 7,2,1,1,0.00011053966831332934,0.004750959193459168
3776,Cedarvale Station at Bus Bay 8,2,1,1,0.00015857785478690366,0.003731759281764599
3777,Finch Station at Bus Bay 10,3,2,1,2.309846251799191e-05,0.0331396207120354
3778,Finch Station at Bus Bay 11,2,1,1,9.051316282475806e-05,0.0
3779,Finch Station at Bus Bay 12,2,1,1,3.078991557423902e-05,0.008160343369589436
3780,Finch Station at Bus Bay 13,2,1,1,0.00010746260025526938,0.0017315326811285978
3781,Finch Station at Bus Bay 2,4,2,2,0.00014892371360001575,0.025039141730338423
3783,Finch Station at Bus Bay 4,4,2,2,0.00010886649241808124,0.0026629625691195237
3784,Finch Station at Bus Bay 5,2,1,1,9.619053734070054e-05,0.00010952786048490005
3786,Finch Station at Bus Bay 7,3,2,1,6.293711559368706e-05,0.017701936417112492
3787,Greenwood Station at Bus Bay 2,2,1,1,0.0001002738677043596,0.001259924854671771
3788,High Park Station at Bus Bay 1,2,1,1,8.770709959091992e-05,0.0057640365801786475
3789,High Park Station at Bus Bay 2,2,1,1,5.101080312242538e-05,0.00010048915355168014
3793,Jane Station at Bus Bay 2,4,2,2,9.95793216393248e-05,0.04182287478453318
3794,Jane Station at Bus Bay 3,2,1,1,5.511221135315552e-05,0.00010619594498794839
3795,Jane Station at Bus Bay 4,3,1,2,7.820248292823652e-05,0.026419816872772683
3796,Jane Station at Bus Bay 5,3,1,2,0.0001167334577012909,0.0038137017526638966
3797,Keele Station at Bus Bay 2,2,1,1,0.00010780057347842606,0.0033751595065929394
3798,Keele Station at Bus Bay 4,4,2,2,7.21038223370835e-05,0.006855456153788996
3799,Keele Station at Bus Bay 5,4,2,2,7.552733191237182e-05,0.006855456153788996
3801,Kennedy Station at Bus Bay 2,2,1,1,4.737476505820738e-05,0.004238621863037005
3802,Kennedy Station at Bus Bay 3,3,1,2,0.0001810673116262516,0.00033151673046930393
3803,Kennedy Station at Bus Bay 4,4,2,2,0.00012047636112232917,0.023203426184737332
3807,Kipling Station at Bus Bay 1,2,1,1,6.0291047079935303e-05,0.0024315281698310187
3808,Kipling Station at Bus Bay 2,2,1,1,6.27877393481847e-05,0.0024315281698310187
3809,Kipling Station at Bus Bay 3,2,1,1,9.149970043305274e-05,0.0024315281698310187
3810,Kipling Station at Bus Bay 4,4,2,2,0.0001626354915769954,0.0922595226353397
3811,Kipling Station at Bus Bay 5,4,2,2,0.00010922763444743742,0.007870994410824537
3812,Kipling Station at Bus Bay 6,4,2,2,0.000118388131754426,0.0
3813,Kipling Station at Bus Bay 7,2,1,1,0.00016801071868459227,0.022544281470588533
3814,Kipling Station at Bus Bay 8,4,2,2,6.572905057584715e-05,0.014377577253525101
3815,Kipling Station at Bus Bay 9,2,1,1,0.00012839657785576993,0.0018870367413295268
3816,Lawrence Station at Bus Bay 2,2,1,1,9.089286872317946e-05,0.0
3817,Lawrence Station at Bus Bay 4,2,1,1,8.455630011659597e-05,0.00010686941726924713
3818,Lawrence Station at Bus Bay 5,2,1,1,4.2312530986499315e-05,0.00010686941726924713
3822,Lawrence West Station at Bus Bay 1,2,1,1,0.00010131241326246328,0.00042189493832411743
3823,Lawrence West Station at Bus Bay 2,4,2,2,0.00014609927218679617,0.005181096726227708
3824,Lawrence West Station at Bus Bay 3,4,2,2,2.7269307960667315e-05,0.01503365060401022
3825,Lawrence West Station at Bus Bay 4,2,1,1,9.392814085752154e-05,0.0
3826,Lawrence West Station at Bus Bay 5,2,1,1,1.831735924050314e-05,0.0
3827,Main Street Station at Bus Bay 1,2,1,1,7.98674193684152e-05,0.006596975091836002
3828,Main Street Station at Bus Bay 2,2,1,1,0.00010862582254243534,0.006596975091836002
3829,Main Street Station at Bus Bay 3,2,1,1,0.00011056694818840115,0.0009044023819651212
3830,Main Street Station at Bus Bay 4,4,2,2,0.0001859516946805953,0.017699171393437133
3831,Main Street Station at Bus Bay 5,2,1,1,0.00010866057601148632,0.003972710885633579
3832,Main Street Station at Bay 7,3,1,2,0.00011160561931831535,0.0037176328208867555
3833,Old Mill Station at Bus Bay 2,2,1,1,6.516938094121732e-05,0.016360509390565752
3834,Ossington Station at Bus Bay 2,2,1,1,0.00013635855654892782,0.0025920252386915513
3835,Ossington Station at Bus Bay 3,2,1,1,8.687515977595704e-05,0.00010048915355168014
3836,Ossington Station at Bus Bay 4,2,1,1,6.359321528511601e-05,0.0031308485750744363
3839,Rosedale Station at Bus Bay 2,2,1,1,0.00011062853171393727,1.2228838792003403e-05
3840,Runnymede Station at Bus Bay 2,2,1,1,7.028250059393463e-05,0.0013544768183751596
3841,Runnymede Station at Bus Bay 3,2,1,1,7.46352223405587e-05,0.0013544768183751596
3843,Scarborough Centre Station at Bus Bay 10,2,1,1,0.00010363321705849374,0.00015631646108039133
3844,Scarborough Centre Station at Bus Bay 11,2,1,1,2.208072729008734e-05,0.02154888997125464
3845,Scarborough Centre Station at Bus Bay 12,2,1,1,7.692368168983149e-05,0.0008376754572522331
3846,Scarborough Centre Station at Bus Bay 2,4,2,2,0.00010116745739260994,0.017466947421828576
3847,Scarborough Centre Station at Bus Bay 3,2,1,1,5.7164214678992536e-05,0.0
3848,Scarborough Centre Station at Bus Bay 4,2,1,1,6.154965060260569e-05,0.031705834396710625
3850,Scarborough Centre Station at Bus Bay 12,6,5,1,0.0004072701815248069,0.09581732043716998
3852,Scarborough Centre Station at Bus Bay 8,2,1,1,8.128411225886487e-05,0.02154888997125464
3853,Scarborough Centre Station at Bus Bay 9,4,2,2,0.0001166409055904142,0.003963948978145065
3854,Sheppard-Yonge Station at Bus Bay 2A,2,1,1,4.690337567958161e-05,0.01329438714022402
3855,Sheppard-Yonge Station at Bus Bay 3/3A,3,1,2,9.610546465456412e-05,0.0041479689493832414
3856,Sheppard-Yonge Station at Bus Bay 4A,2,1,1,8.43267191332318e-05,0.010054177173846995
3857,Sheppard-Yonge Station at Bus Bay 5/5A,3,1,2,0.0001697161195553092,0.0028336346235644408
3858,Sheppard-Yonge Station at Bus Bay 6/6A,2,1,1,2.4605836192192964e-05,0.001706787005529562
3859,Spadina Station at Bus Bay 4,2,1,1,0.00011062853171393727,0.010988781741440185
3860,St Clair Station at Bay 2,2,1,1,0.00011224389586481987,0.00034493300723096557
3861,St Clair West Station at Bus Bay 7,2,1,1,9.866470295918136e-05,0.0036551259354021056
3862,St Clair West Station at Bay 4,2,1,1,0.00014304494824987597,0.0
3865,St Clair West Station at Bay 6,4,2,2,7.47037853688362e-05,0.004807585144805862
3866,St George Station at Bus Bay 2,2,1,1,0.0001119438780555565,0.0050680970454471085
3868,Victoria Park Station at Bus Bay 3,2,1,1,5.0588758823912564e-05,0.0006592670887483845
3869,Victoria Park Station at Bus Bay 4,2,1,1,7.324864311614035e-05,0.0006592670887483845
3878,Wellesley Station at Bus Bay 1,2,1,1,6.047527621173305e-05,0.004082379126615621
3879,Wellesley Station at Bus Bay 2,3,2,1,0.00014699558046641893,0.0026159461019626905
3880,Wilson Station at Bus Bay 1A,4,2,2,0.0001823925416927789,0.006771319675881565
3881,Wilson Station at Bus Bay 2,2,1,1,7.097726497881882e-05,1.7855876931802054e-05
3882,Wilson Station at Bus Bay 5,2,1,1,1.744834804488806e-05,0.0030026246830660262
3883,Wilson Station at Bus Bay 6,2,1,1,3.95331551871341e-05,0.0030026246830660262
3884,Woodbine Station at Bus Bay 2,2,1,1,0.00011343995696200994,0.003557737482636462
3885,Woodbine Station at Bus Bay 3,2,1,1,0.00011604410277596297,0.005732666950233944
3886,York Mills Station at Bus Bay 1,2,1,1,2.8565297649228346e-05,0.13393343452380524
3887,York Mills Station at Bus Bay 2,2,1,1,6.123350879982245e-05,0.006594333534040045
3888,York Mills Station at Bus Bay 3,2,1,1,6.920396887379597e-05,0.006594333534040045
3889,York Mills Station at Bus Bay 5,2,1,1,5.459627374104269e-05,0.001406848149723522
3890,York Mills Station at Bus Bay 6,2,1,1,5.037434692376805e-05,0.001406848149723522
3891,York Mills Station at Bus Bay 7,2,1,1,0.00010948132236561305,0.001406848149723522
3892,York Mills Station at Bus Bay 8,2,1,1,1.877463516078135e-05,0.011107944692483187
3893,York Mills Station at Bus Bay 9,2,1,1,2.0975452243969234e-05,0.11916314216169774
3895,Spadina Station Streetcar Platform,2,1,1,0.0001117663736015449,0.0011005954912803064
3903,Lake Shore Blvd West at Legion Rd,2,1,1,4.261871287764224e-05,0.001737469870976889
3905,Lake Shore Blvd West at Louisa St,2,1,1,5.282994103919076e-05,0.001636980717425209
3908,Murray Ross Pkwy at Sentinel Rd,2,1,1,0.00012149084928219386,0.0042836999430259735
3909,William R Allen Rd at Rimrock Rd,2,1,1,0.00011504134486223989,0.0047642787619606
3910,William R Allen Rd at Rimrock Rd,3,1,2,9.629427420143884e-05,0.010514556453518597
3911,Dufferin St at Finch Ave West North Side,2,1,1,0.00010464630879631929,0.002531420266958336
3915,Martin Ross Ave at Alness St West Side,2,1,1,9.914246872440823e-05,0.00079833049766057
3918,Wilmington Ave at Cedar Springs Grove (South),2,1,1,0.00011062853171393727,0.009679923436835389
3920,Murray Ross Pkwy at Sentinel Rd East Side,2,1,1,0.00010017132936799246,0.0018008780381440954
3922,Murray Ross Pkwy at Evelyn Wiggins Dr,2,1,1,0.00012317984326026883,0.004484678250129334
3923,St Clair Station at Lower Platform Bus Bay 3,2,1,1,9.3147044687956e-05,0.0013830057118551374
3924,Wilson Station at Lower Platform Bus Bay 6,2,1,1,7.266036590050317e-05,0.0015183698426201615
3925,Wilson Station at Lower Bus Bay 8,3,1,2,3.783432386849979e-05,0.06384735488520617
3927,Keele St at Rogers Rd,3,1,2,0.00011634381448018472,0.008455990911116392
3928,Weston Rd at Avon Cres,4,2,2,9.609080861537931e-05,0.006858019276888282
3929,St Clair Ave West at Lansdowne Ave East Side,2,1,1,0.00011292504278121891,0.005635367928541046
3930,St Clair Ave West at Earlscourt Ave East Side,2,1,1,0.00011241027875746307,0.005534878774989365
3931,St Clair Ave West at Dufferin St West Side,3,1,2,0.00011212216423105612,0.005434389621437686
3932,St Clair Ave West at Northcliffe Blvd East Side,2,1,1,0.00010192522712806646,0.0
3933,St Clair Ave West at Glenholme Ave East Side,3,2,1,0.00011322684619855902,0.005233411314334325
3934,St Clair Ave West at Oakwood Ave East Side,2,1,1,0.00011337551872254024,0.005132922160782645
3935,St Clair Ave West at Winona Dr East Side,2,1,1,0.00011259622050226534,0.005032433007230964
3936,St Clair Ave West at Arlington Ave East Side,2,1,1,0.00011212969579698514,0.004931943853679285
3937,St Clair Ave West at Christie St East Side,3,1,2,0.00011190955230699594,0.004831454700127604
3938,St Clair Ave West at Wychwood Ave East Side,2,1,1,0.00010334434359388333,0.0
3939,St Clair Ave West at Wychwood Ave West Side,2,1,1,0.00012437634856876529,0.0
3940,St Clair Ave West at Christie St West Side,3,2,1,0.00013440484724596766,0.0030066992769034453
3941,St Clair Ave West at Arlington Ave West Side,2,1,1,0.00013357461020041683,0.0029062101233517652
3942,St Clair Ave West at Winona Dr West Side,2,1,1,0.00013072802085900716,0.002805720969800085
3943,St Clair Ave West at Oakwood Ave,2,1,1,0.00013035110230305151,0.002705231816248405
3944,St Clair Ave West at Glenholme Ave West Side,3,1,2,0.00012510375076346043,0.002604742662696725
3945,St Clair Ave West at Northcliffe Blvd West Side,2,1,1,0.00011223967943647795,0.0
3946,St Clair Ave West at Dufferin St West Side,3,2,1,0.0001221167389086312,0.0024037643555933647
3947,St Clair Ave West at Earlscourt Ave,2,1,1,0.00012054988456170599,0.0023032752020416846
3948,Bloor St West at Prince Edward Dr South,2,1,1,0.0001165968561209816,0.050360789910123424
3951,Birchmount Rd at Modern Rd,2,1,1,0.00011062853171393727,0.0012215014887282008
3952,75 Cosburn Ave,2,1,1,7.032717056598445e-05,0.006291585647444857
3953,Queens Quay East at Freeland St,2,1,1,0.00012896755461230979,0.0031272153693463773
3954,Greenwood Ave at Ivy Ave,2,1,1,8.419848406052269e-05,0.0017623706224301715
3955,Stephen Dr at Cloverhill Rd,2,1,1,8.77464807404361e-05,0.0072957497627850676
3956,Windermere Ave at Morningside Ave,2,1,1,0.00010650402027653267,0.00603041259038707
3957,Ellesmere Rd at Claudius Gate,2,1,1,0.00010617699541395849,0.0
3958,Thirtieth St at Akron Rd,2,1,1,4.4655163892142335e-05,0.004956761929943555
3959,Esna Park Dr Loop at Steeles Ave East,2,1,1,0.00011062853171393727,0.0018088047639302424
3960,O'Connor Dr at Wakunda Pl South Side,2,1,1,0.00012218274837797453,0.006286105934686327
3961,Claireville Dr (South) at Humberline Dr,2,1,1,0.00011062853171393727,0.009668757975329649
3962,35 Claireville Dr,2,1,1,0.00011062853171393727,0.005056118533971431
3963,36 Claireville Dr,2,1,1,7.144632369321816e-05,0.0016982135261590812
3964,90 Claireville Dr,2,1,1,7.700452123924768e-05,0.0015977243726074011
3965,Opposite 90 Claireville Dr,2,1,1,0.00011062853171393727,0.005130795406210124
3966,Opposite 61 Claireville Dr - BAPS Temple,2,1,1,8.169879517787795e-05,0.001497235219055721
3967,61 Claireville Dr - BAPS Temple,2,1,1,0.00010397279526671598,0.005231284559761805
3969,Claireville Dr at Huddersfield Rd,2,1,1,8.547911789737081e-05,0.0014042992503991672
3970,18 Huddersfield Rd,2,1,1,0.00010106593549565185,0.005432262866865165
3971,18 Huddersfield Rd,2,1,1,8.728900069992362e-05,0.0060351977881752455
3972,Humberline Dr at Huddersfield Rd North Side,2,1,1,9.082079868283352e-05,0.005934708634623566
3973,Steeles Ave East at Marydale Ave,2,1,1,0.00010046041983384897,0.007598568030697975
3975,Sheppard West Station at Bus Bay 11,2,1,1,6.20259275146704e-05,0.004783987563549453
3976,St Clair Station at Lower Platform Bus Bay 2,2,1,1,4.095889783583683e-05,0.003831791436268255
3977,Annette St at Dundas St West West Side,2,1,1,0.00011062853171393727,0.002756846513758466
3978,Martin Grove Rd at Dewitt Rd,2,1,1,0.00010345975731399981,0.0074863728852780686
3982,Lake Shore Blvd West at Park Lawn Rd West Side,2,1,1,2.990651676305784e-05,0.0018379590245285694
3983,Murray Ross Pkwy at Haynes Ave,2,1,1,0.00012186581317661239,0.004384189096577654
3984,Murray Ross Pkwy at Haynes Ave East Side,2,1,1,0.00010252527517391681,0.0017003888845924153
3986,Ingram Dr at Kincort St,4,2,2,0.00015703519259304994,0.010936965779506189
3987,Old Dundas St at Lundy Ave,2,1,1,7.299946160368724e-05,0.00139968807599603
3988,Pharmacy Ave at Innisdale Dr,2,1,1,0.00010341174014110463,0.0032147124392699353
3989,Kipling Ave at Redwater Dr South Side,2,1,1,0.00011437317513956414,0.003926976762850433
3991,St Clair Ave West at Mariposa Ave East Side,3,2,1,0.00017464691670273258,0.017233780141432172
3995,St Clair Ave West at Lansdowne Ave West Side,2,1,1,0.00011886126507246409,0.0022027860484900045
3996,St Clair Ave West at Caledonia Rd East Side,2,1,1,0.00011377101734667391,0.0057358570820927254
3997,St Clair Ave West at Caledonia Rd West Side,2,1,1,0.00011434593705184271,0.002102296894938324
3998,St Clair Ave West at Laughton Ave East Side,3,2,1,0.00011368732147449675,0.005836346235644406
3999,St Clair Ave West at Laughton Ave West Side,3,1,2,0.00011037739585080422,0.002001807741386644
4000,St Clair Ave West at Hounslow Heath Rd East Side,2,1,1,0.00010240129768746521,0.0
4001,St Clair Ave West at Silverthorn Ave West Side,2,1,1,0.00010440699776253961,0.0
4002,St Clair Ave West at Old Weston Rd East Side,3,1,2,0.00011274766972451693,0.006037324542747766
4003,St Clair Ave West at Old Weston Rd West Side,3,2,1,0.00011033829516261774,0.0018008294342832837
4004,St Clair Ave West at Keele St/ Weston Rd,3,2,1,0.00011314480254708396,0.0014064366921805968
4005,St Clair Ave West at Weston Rd/ Keele St West Side,2,1,1,0.00011150595270448043,0.0017003402807316036
4006,2190 Yonge St,3,2,1,0.0001686882233967821,0.010422444349922021
4008,Danforth Rd at North Woodrow Blvd,2,1,1,9.134880726654977e-05,0.0018322429496398023
4009,Eglinton Station at Bus Bay 4,2,1,1,7.316218001181382e-05,0.0036512776887085694
4010,Finch Station at Bus Bay 1,3,2,1,0.00011718698043844037,0.004761537643555934
4011,Finch Station at Bus Bay 8,1,0,1,1.6598932385570904e-05,0.0
4012,Opposite 1103 Leslie St,2,1,1,0.00015730771012866597,0.0019156741811994897
4013,Thistle Down Blvd at Atwood Pl,2,1,1,8.393887373389205e-05,0.005431731178222033
4014,Gunns Loop at St Clair Ave West,3,1,2,0.00011267620818086819,0.0015998511271799235
4015,Birchmount Rd at Anaconda Ave,2,1,1,6.364127048513708e-05,0.007181804385603047
4016,Opposite 1105 Leslie St,2,1,1,0.00016123916072221197,0.00201616333475117
4017,278 Cummer Ave - St John's Rehab Hospital,2,1,1,0.00011062853171393727,0.005173950801077557
4018,Clayson Rd at Huxley Rd,0,0,0,1.6598932385570904e-05,0.0
4019,Middlefield Rd at Orator Gate,2,1,1,0.00011991560582633913,0.004954806465333901
4020,Finch Ave East at McCowan Rd West Side,3,2,1,7.08103997703162e-05,0.007945803204310223
4022,Sheppard Ave East at Lamont Ave,2,1,1,9.614910352462297e-05,0.0
4023,Victoria Park Ave at Victoria Park Station,2,1,1,3.179900284709699e-05,0.011847115651634136
4027,Steeles Ave East at Tapscott Rd,3,1,2,0.00010604371998851889,0.00245370496814843
4028,Staines Rd at Point Rouge Trail,2,1,1,0.00014256962206941434,0.0011372957705369446
4029,Staines Rd at Quietbrook Cres (South),2,1,1,9.110938790832373e-05,0.0011098114277612362
4030,Staines Rd at Solstice Dr,2,1,1,7.652056745661108e-05,0.0015533953026509381
4031,Staines Rd at Hepatica St,2,1,1,8.16486633693615e-05,0.0014529061490992582
4032,Staines Rd at Hepatica St,2,1,1,8.719779372985204e-05,0.0012103005813129163
4033,Staines Rd at Rivendell Trail,2,1,1,8.250784637265954e-05,0.0013107897348645966
4034,Staines Rd at Boulderbrook Dr,2,1,1,8.598131854614625e-05,0.0013524169955475781
4035,Staines Rd at Seasons Dr North Side,3,2,1,7.75357213887526e-05,0.0014112788884162767
4036,Morningside Ave at Staines Rd North Side,2,1,1,4.923563972165544e-05,0.0003801573798383666
4037,Morningside Ave at Plantain Way,2,1,1,5.803034022850128e-05,0.0002796682262866865
4038,Roncesvalles Ave at Marion St South Side,2,1,1,0.0001123264846153431,0.004674805254944025
4039,Roncesvalles Ave at High Park Blvd South Side,2,1,1,0.00011284485865319869,0.004875783562047385
4040,Roncesvalles Ave at Grenadier Rd,2,1,1,0.00011323560147435388,0.004976272715599066
4041,Victoria Park Ave at Denton Ave,5,4,1,0.00015481192290839994,0.015080335866221461
4042,Victoria Park Station at Bus Bay 5,2,1,1,2.335451925736027e-05,0.0
4043,Victoria Park Station at Bus Bay 6,4,2,2,9.590221004994898e-05,0.019099383684247837
4044,Scarborough Centre Station at Bus Bay 13,2,1,1,4.620062486995966e-05,0.02154888997125464
4047,McNicoll Ave at Silver Star Blvd,2,1,1,0.00011854835434346378,0.00567524457677584
4048,McNicoll Ave at Silver Star Blvd,2,1,1,0.00011062853171393727,0.0035693144761094566
4049,Birchmount Rd at Parkette Pl,3,2,1,0.00015793536185551221,0.00042694598043385793
4050,3701 Danforth Ave - Variety Village,2,1,1,8.636049417590135e-05,0.0021086191887180828
4051,Opposite 3701 Danforth Ave - Variety Village,2,1,1,8.278188618007746e-05,0.000247235219055721
4052,Warden Ave at Firvalley Crt,2,1,1,0.00013504968482735584,0.01722198240166658
4053,Airport Rd at Ripon St,3,1,2,0.00010124310707220271,0.002403232666950234
4054,Morning Star Dr at Cambrett Dr,2,1,1,8.143628925316075e-05,0.0011000638026371758
4055,Morning Star Dr at Cambrett Dr,2,1,1,9.769113544388694e-05,0.005336558911101659
4056,Sheppard Ave East at Lamont Ave East Side,2,1,1,9.675219185529464e-05,0.0
4057,Sheppard Ave East at Reidmount Ave - Agincourt GO Station,3,2,1,0.00014492350451268668,0.030787775381626692
4059,Fenmar Dr at Weston Rd West Side,2,1,1,1.9248476922366528e-05,0.0020435452998723946
4060,86 Fenmar Dr,2,1,1,3.296018197754599e-05,0.0019430561463207147
4062,174 Fenmar Dr,2,1,1,5.457595906130682e-05,0.0017420778392173543
4063,Ormont Dr at Fenmar Dr West Side,2,1,1,6.298119935972479e-05,0.0016415886856656742
4064,Victoria Park Ave at Crescent Town Rd South Side,4,1,3,0.00010936351980599324,0.012048093958737497
4065,Dufferin St at Queen St West,4,2,2,0.0001247935725244333,0.013577903434294335
4066,Danforth Rd at Winter Ave,2,1,1,0.00011608234231596165,0.003627357371620462
4067,The Westway at Trio Ave East Side,2,1,1,0.0001118244430348144,0.0
4069,Roncesvalles Ave at Marion St North Side,2,1,1,9.614368573824698e-05,0.0018293844902203048
4070,Roncesvalles Ave at Howard Park Ave South Side,2,1,1,0.00011397558415963998,0.005076761869150745
4072,Albion Rd at Calstock Dr,3,2,1,0.0001934769463216762,0.014454984407362204
4073,The West Mall at Holiday Dr,2,1,1,0.00011062853171393727,0.0010048915355168014
4074,Jane St at Wright Ave,3,1,2,0.00016769989787112055,0.007165451358184994
4076,Gary Dr at Portage Ave,2,1,1,8.59857296366584e-05,0.006193840387069332
4077,Kipling Station at Bus Bay 10,2,1,1,2.4688221513969634e-05,0.0021284153176370506
4078,Wilson Station at Lower Platform Bus Bay 7,2,1,1,6.416620930733161e-05,0.0015183698426201615
4080,Dufferin St at Martin St,2,1,1,9.291029241062789e-05,0.00020097830710336028
4081,Roncesvalles Ave at Queen St West North Side,2,1,1,9.358412679058163e-05,0.001929873643771985
4082,St Clair Ave West at Old Stock Yards Rd,2,1,1,0.00010198004865967695,0.0
4083,St Clair Ave West at Mondovi Gate,3,1,2,8.817719645006053e-05,0.0039334470824794075
4085,Danforth Rd at North Woodrow Blvd,2,1,1,0.00010994348145888124,0.011263105012041011
4086,1103 Leslie St,2,1,1,0.00010294957992222487,0.002961417127463491
4088,Queens Quay East at Freeland St,2,1,1,0.00012032911650221916,0.009232511237183163
4090,Runnymede Station at Bus Bay 4,2,1,1,0.0001046345849449812,0.010367396852403232
4091,University of Toronto Scarborough,2,1,1,0.00010710392406875966,1.0633772862611655e-06
4092,University of Toronto Scarborough,3,1,2,9.873359495352727e-05,0.0028376400113426913
4093,Opposite 3671 Dundas St West,2,1,1,0.0001009371714681167,0.010291693251098825
4095,Dockside Dr at Queens Quay East,2,1,1,9.911691119179135e-05,0.010237907000501086
4096,Queens Quay East at Lower Jarvis St West Side,2,1,1,0.00013579156843900045,0.0032277045228980574
4097,Sentinel Rd at Cook Rd,3,1,2,0.0001722075070735948,0.002997177485187907
4098,Coxwell Ave at Lower Gerrard St East South Side,2,1,1,0.00011079762101989698,0.00418306039982986
4099,The Queensway at South Kingsway,2,1,1,8.917330646001959e-05,0.004480540195661421
4100,The Queensway at South Kingsway,3,1,2,0.00019054929097003795,0.016471714164185452
4101,Huntingwood Dr at Fairglen Ave West Side,2,1,1,0.00011062853171393727,0.000125921593648093
4102,Bayview Ave at Brenham Cres,2,1,1,0.00010891400076296447,0.00823000850701829
4103,Wilson Ave at Agate Rd,2,1,1,0.0001331557395221974,0.0
4104,Pape Ave at Gamble Ave,2,1,1,8.20534135795965e-05,0.01769888914667732
4105,Jetliner Rd at Airport Rd South Side,4,3,1,0.00017908358609887917,0.03147813514637851
4107,Bay St at Lake Shore Blvd W,2,1,1,0.00012283622046519536,0.002825747908691337
4108,Jane St at John St,2,1,1,0.00010363043929000103,0.0
4109,Jane St at John St,2,1,1,9.490311810685171e-05,0.0
4115,Sheppard Ave East at Don Mills Rd,2,1,1,2.268376566565404e-05,0.007105841485892529
4117,Lawrence Station at Bus Bay 1,4,2,2,4.036876906707127e-05,0.005604548752720993
4119,Major Mackenzie Dr East at Stonebridge Dr,2,1,1,0.00011062853171393727,0.007620693321990643
4120,Major Mackenzie Dr East at Stonebridge Dr,2,1,1,0.00011062853171393727,0.006816780093577201
4122,Exhibition Loop,4,2,2,0.0002368190488236362,0.023685016935654963
4123,Lansdowne Ave at Seaforth Ave North Side,2,1,1,0.00011062853171393727,0.0026127179923436834
4126,Tapscott Rd at Select Ave,4,3,1,0.00015614990504135575,0.0018555003878617568
4127,Bathurst St at Invermay Ave,2,1,1,0.00011686754179292996,0.009911207996597194
4128,Dufferin St at Ascot Ave,2,1,1,8.825409953777352e-05,0.00010048915355168014
4131,Kingston Rd at Queensbury Ave,2,1,1,0.00011425156457115393,0.0012719546170268019
4132,Kingston Rd at Queensbury Ave,2,1,1,0.00011685432565465353,0.0005620100868931155
4133,Parliament St at Dundas St East,2,1,1,0.00010184702496247831,0.005241726212961857
4135,Lawrence Ave West at Corona St,2,1,1,0.00013969708875321085,0.005375922636174843
4136,Carlingview Dr at International Blvd North Side,2,1,1,2.6205120134652325e-05,0.0003014674606550404
4137,Carlingview Dr at Meteor Dr,2,1,1,3.858603688779382e-05,0.00020097830710336028
4138,215 Carlingview Dr,2,1,1,4.9400983940334484e-05,0.00010048915355168014
4139,Dixon Rd at Carlingview Dr West Side,2,1,1,5.869374552902723e-05,0.0
4140,Bathurst St at Niagara St,2,1,1,0.00010427293348875532,0.00020097830710336028
4141,Bathurst St at Niagara St,2,1,1,0.00011101748222896917,0.0005676991553746125
4142,Bathurst St at Niagara St,2,1,1,3.618343448768652e-05,0.0005676991553746125
4143,Bathurst St at Queen St West,2,1,1,7.075049454123184e-05,0.004187163024359962
4146,Sheppard Ave East at Midland Ave,5,3,2,0.00015293746572116854,0.030988753688730053
4147,Sheppard Ave East at Conlins Rd,2,1,1,0.0001271382694165915,0.0015846938307436968
4148,Mill St at Cherry St West Side,3,2,1,0.0001521075981899233,0.003844224474321751
4150,Steeles Ave East at Maxome Ave,2,1,1,0.00012086550909964596,0.00010048915355168014
4151,Steeles Ave East at Conacher Dr,2,1,1,0.00011891848124368198,0.0
4152,Yonge Blvd at Brooke Ave,2,1,1,7.253356499538669e-05,0.005208115824342962
4153,Military Trail at Pan Am Dr,3,2,1,5.308723950939788e-05,0.0025966978478143936
4154,Morningside Ave at Kingston Rd,4,2,2,5.923848406462028e-05,0.011197681709644703
4155,Wilson Station at Bus Bay 3,2,1,1,2.7154762003578e-05,0.12479988989331628
4156,St Clair Ave East at Plaxton Dr,2,1,1,9.724134204834809e-05,0.0101804632606053
4157,Queens Quay West at Rees St,2,1,1,0.00013344754573471683,0.0060145378866136
4158,Queens Quay West at Harbourfront Centre,2,1,1,0.00012884292496176546,0.00591404873306192
4159,Queens Quay West at Harbourfront Centre,2,1,1,0.00011741058043488728,0.0055120921188552
4160,Bathurst St at Lennox St,3,2,1,0.00014703234959440717,0.002240778999817707
4161,Bathurst St at Carr St,3,2,1,0.00016901483712419913,0.004086673870808281
4162,Queen St East at Woodbine Ave,2,1,1,8.050924881210502e-05,0.0
4163,King St East at Lower River St,3,2,1,8.869225732917674e-05,0.004448099803865967
4164,King St East at Ontario St,2,1,1,0.00012774759062017586,0.0037150692665486205
4165,Finch Ave West at Talbot Rd,2,1,1,0.0001148850870987589,0.0022249397419537784
4166,Finch Ave West at Talbot Rd,2,1,1,0.0001097934016515278,0.0016491209414433573
4167,Bloor St West at Brock Ave,2,1,1,0.00010056262702054936,0.018021098240309737
4168,Bloor St West at Brock Ave,2,1,1,0.00011062853171393727,0.013414713380792503
4169,Queens Quay East at Lower Jarvis St,2,1,1,0.00011687457514083689,0.009132022083631482
4170,Gerry Fitzgerald Dr at Dufferin St West Side,2,1,1,0.00010850170696268547,0.0021294636527516156
4171,Yonge St at Bishop Ave North Side,5,4,1,0.0002612656452367872,0.008387904842923984
4173,Eglinton Ave West at Emmett Ave,2,1,1,0.0001148498078027693,0.00118975688965574
4174,Eglinton Ave West at Emmett Ave,2,1,1,7.474371210303976e-05,0.004601282499411653
4178,Major Mackenzie Dr East at Markham Rd,2,1,1,0.00011062853171393727,0.0019013185878349638
4179,Major Mackenzie Dr East at Ralph Chalmers Ave,2,1,1,0.00011062853171393727,0.002001807741386644
4181,Castlemore Ave at Markham Rd West Side,2,1,1,0.00011062853171393727,0.002604742662696725
4182,Castlemore Ave at Fred McLaren Blvd,2,1,1,0.00011062853171393727,0.0024037643555933647
4183,Castlemore Ave at Mingay Ave,2,1,1,0.00011062853171393727,0.0023032752020416846
4184,Mingay Ave at Fred McLaren Blvd,2,1,1,0.00011062853171393727,0.0022027860484900045
4185,Mingay Ave at Major Mackenzie Dr East,2,1,1,0.00011062853171393727,0.002102296894938324
4186,Kipling Ave at Northcrest Rd,2,1,1,0.00010441251034465864,0.0
4187,379 Wilson Ave,3,1,2,0.00015935461372565274,0.013691959908180316
4188,340 Wilson Ave,2,1,1,0.00014854680261065965,0.029810192946969846
4189,Eglinton Ave East at Midland Ave,2,1,1,0.00031725508795162153,0.027494400240809454
4190,Bathurst St at King St West,2,1,1,2.3041274910535097e-05,0.0006681883089262928
4191,Bathurst St at King St West,2,1,1,6.343679828059418e-05,0.0042876521779116415
4194,Birchmount Rd at 14th Ave,2,1,1,7.787063734898846e-05,0.002110272224585283
4195,Birchmount Rd at Citizen Crt,2,1,1,8.278990022752176e-05,0.002009783071033603
4196,Birchmount Rd at Enterprise Blvd,2,1,1,9.052510598998311e-05,0.0018088047639302424
4197,Birchmount Rd at Verdale Crossing,2,1,1,9.354602605311156e-05,0.0017083156103785623
4199,Birchmount Rd at Rougeside Promenade South Side,2,1,1,0.00011062853171393727,0.0012058698426201616
4200,Birchmount Rd at Verdale Crossing,2,1,1,0.00011062853171393727,0.0011053806890684815
4201,Birchmount Rd at Enterprise Blvd,2,1,1,0.00011062853171393727,0.0010048915355168014
4202,Birchmount Rd at Royal Crest Crt,2,1,1,0.00011062853171393727,0.0008039132284134411
4203,St Clair Ave West at Jane St East Side,3,2,1,0.00010363708955347627,0.01713515189813145
4204,Brimley Rd at Eglinton Ave East,4,2,2,3.7600206644472874e-05,0.0069162497552544356
4206,Sheppard Ave West at Abraham Welsh Rd East Side,5,3,2,0.00012869167793282116,0.007688821435571042
4207,Humber College Bus Terminal,4,3,1,0.00022478401920299947,0.052353697813993315
4208,Humber College Bus Terminal,3,1,2,0.00015902224546168669,0.004777430992208064
4209,Humber College Bus Terminal,5,3,2,0.0002103791205881029,0.05471111664286047
4210,Humber College Bus Terminal,5,2,3,0.00014147065783008892,0.0525847112799714
4211,66 Keele St,1,1,0,2.170974460705363e-05,0.0
4213,Keele St at Bloor St West - Keele Station,2,1,1,5.96767610272208e-05,0.0
4214,Sheppard Ave West at William R Allen Rd,3,1,2,2.1802648062524975e-05,0.00010048915355168014
4216,Staines Rd at Knowles Dr,2,1,1,1.792643600333801e-05,0.001612257195519637
4217,204 Staines Rd,2,1,1,3.184081846593219e-05,0.0015117680419679568
4219,Lake Shore Blvd West at Fortieth St,3,1,2,0.0001546433411564455,0.0066792018770963895
4220,Pharmacy Ave at Knightsbridge Rd,2,1,1,9.3901707869118e-05,0.0026739642482145674
4221,Pharmacy Ave at Knightsbridge Rd,2,1,1,0.00011035011717305904,0.004302956188855806
4222,400 Burnhamthorpe Rd,2,1,1,0.00011062853171393727,0.005425882603147597
4223,400 Burnhamthorpe Rd,2,1,1,0.00011118423364328076,0.007033709059974479
4224,Parkside Dr at Indian Valley Cres South Side,2,1,1,0.00010722054664358442,0.0034756486601446195
4225,8600 McCowan Rd,2,1,1,0.00010008066260243438,0.008625584857507444
4227,5799 Yonge St,2,1,1,0.00010175087145767217,0.0025122288387920033
4228,Markham Rd at Castlemore Ave,2,1,1,0.00011062853171393727,0.0018008294342832837
4232,Bathurst St at Ava Rd,2,1,1,0.00011311693226108476,0.0020513828831565965
4234,Wilson Station at Lower Bus Bay 2,2,1,1,0.00011062853171393727,0.006548809017439388
4248,Dufferin St at Whitmore Ave,2,1,1,9.317098142559246e-05,0.0
4249,Dufferin St at Wenderly Dr,2,1,1,9.547182237482722e-05,0.0
4250,Dufferin St at Wingold Ave,2,1,1,0.00010693391630210632,0.00010048915355168014
4254,Front St West at Bay St,2,1,1,0.00014047438808596747,0.004992685872896422
4261,Fort York Blvd at Gzowski Blvd,2,1,1,2.3899275541525888e-05,0.0005650786899191833
4262,Fort York Blvd at Fleet St,2,1,1,3.691811073536785e-05,0.0004645895363675032
4263,Princes' Blvd at Strachan Ave,2,1,1,4.810521578436664e-05,0.00036410038281582305
4265,Fort York Blvd at Bastion St East Side,2,1,1,3.3749424276831446e-05,0.004589119638566683
4273,Front St East at Cherry St,4,2,2,0.0001221878685922436,0.004535661116849972
4274,Cherry St at Mill St South Side,2,1,1,6.131694871103698e-05,0.0
4275,Parliament St at Lake Shore Blvd East South Side,4,3,1,0.0002476424533060488,0.013767078984054186
4276,Parliament St at Lake Shore Blvd East,4,2,2,0.00019584519967769305,0.019168950777029205
4277,Queens Quay East at Dockside Dr,2,1,1,0.00011715159545201627,0.009031532930079801
4278,Queens Quay East at Lower Sherbourne St,3,1,2,0.00022808710152358565,0.013666589830502505
4279,Dufferin St at King St West,2,1,1,5.570221890193355e-05,0.0011420672054444918
4281,Cherry St at Front St East,2,1,1,6.828654262290294e-05,0.0008250626211068577
4282,Cherry St at Front St East,3,2,1,5.3693348883010625e-05,0.0008695355777434512
4283,Distillery Loop,4,2,2,6.300476208059766e-05,0.0029546233281346
4288,Bathurst St at Bloor St West,2,1,1,2.920829395222684e-05,0.0008102347805665542
4291,Don Mills Rd at Barber Greene Rd South Side,7,3,4,0.0002829730208867225,0.06846993910236707
4292,Bloor St East at Castle Frank Rd East Side,2,1,1,0.00011062853171393727,0.02064976689194734
4294,Bloor St West at Bedford Rd West Side,2,1,1,0.00010811859147211793,0.009881642347189782
4299,Bayview Ave at Nesbitt Dr,2,1,1,6.877009763922477e-05,0.015515319862022129
4300,Middlefield Rd at Arbor Low Gate,2,1,1,7.913882187255615e-05,0.008375779810009925
4301,Middlefield Rd at Compass Crt,2,1,1,0.00011062853171393727,0.0047538281582305405
4302,Bayview Ave at Bayview Mews Lane,2,1,1,0.00011062853171393727,0.006823160357294768
4303,480 Rathburn Rd,2,1,1,9.670341517248007e-05,0.009201765822745794
4304,475 Rathburn Rd,2,1,1,0.00011062853171393727,0.008196874287228994
4307,Markham Rd at Greenholm Circt,2,1,1,0.00010656799254951161,0.00010048915355168014
4317,Royal York Rd at The Westway South Side,2,1,1,1.935902704555227e-05,0.0004195023394300298
4342,Birchmount Rd at Rougeside Promenade,2,1,1,0.0001020844235305276,0.0013063589961718417
4357,Danforth Rd at Kennedy Rd,2,1,1,3.6825808065706607e-05,0.0003009796574237238
4358,Davenport Rd at Bedford Rd,2,1,1,0.00011062853171393727,0.0020156725452344336
4359,Davenport Rd at Dupont St,2,1,1,0.00011062853171393727,0.0019151833916827537
4360,Davisville Ave at Cleveland St,2,1,1,0.00012407122947602158,0.012824008160821026
4361,Disco Rd at Attwell Dr,2,1,1,0.00010931566108358096,9.503934495959166e-05
4362,Disco Rd at Attwell Dr,2,1,1,8.845033361702784e-05,0.003519763881647252
4363,Disco Rd at Carlingview Dr East Side,2,1,1,7.999709567895887e-05,0.0037207421887506123
4364,Disco Rd at Carlingview Dr,2,1,1,4.130411392989663e-05,0.004223187956509012
4365,Don Mills Rd at Eglinton Ave East,3,1,2,3.164429268516508e-05,0.012861675074987512
4367,Don Mills Rd at Lawrence Ave East South Side,3,1,2,0.0001909199586412047,0.035043092887325676
4368,Don Mills Rd at Leith Hill Rd,2,1,1,2.5466404565083582e-05,4.891535516801361e-05
4370,Don Mills Rd at Steeles Ave East,4,2,2,0.00014161366884976815,0.026827036434889363
4371,Don Mills Rd at Van Horne Ave,4,2,2,0.0001464360350962312,0.027731438816854484
4372,Don Mills Rd at Wynford Dr,3,2,1,9.627935595585312e-05,0.00573500160427266
4373,Doncaster Ave at Main St West Side,2,1,1,0.00010726848064985218,0.005737407451119701
4374,Doncaster Ave at Main St,2,1,1,0.00011062853171393727,0.010900615122860976
4375,Doncaster Ave at Main St,2,1,1,0.00011023548023839685,0.0010048915355168014
4376,Drewry Ave at Gardenia Crt,2,1,1,0.00011062853171393727,0.0005024457677584007
4377,Drewry Ave at Grantbrook St,2,1,1,0.00010617109815710734,0.0018088047639302424
4378,Dufferin St at Yorkdale Rd,3,1,2,0.00014421510644900505,0.00042056571671629094
4379,Dufferin St at Jane Osler Blvd - Yorkdale Shopping Centre,6,3,3,0.00025662678288793144,0.008484296391431655
4380,Dundas St West at Bloor St West,3,1,2,4.387793113040467e-05,0.005116443564883058
4381,Dundas St West at Jane St East Side,2,1,1,2.3102706284487018e-05,0.0008841095987523039
4382,Dundas St West at Jane St West Side,3,2,1,9.993181162049747e-05,0.010392182404650504
4383,Dundas St West at Runnymede Rd West Side,2,1,1,0.00011438153438955541,0.007258459446148336
4385,Duplex Ave at Eglinton Ave West,4,3,1,0.00018938377360950802,0.004767507056958354
4386,Eastern Ave at Queen St East  South Side,4,2,2,6.952926517328125e-05,0.01061179754953681
4387,Eastern Ave at Queen St East,1,1,0,0.00010163923932757636,0.0
4388,Edna Ave at Dundas St West,7,3,4,3.5214841566609415e-05,0.02579015118632782
4394,Eglinton Ave East at Brimley Rd West Side,3,2,1,0.00013203459304466313,0.012044732711013004
4396,Eglinton Ave East at Kennedy Station,5,2,3,0.0002046581310423036,0.024355151356698853
4398,Eglinton Ave East at Midland Ave West Side,3,2,1,0.0002046581310423036,0.004735219055720971
4404,Eglinton Ave West at Avenue Rd East Side,4,3,1,0.0002793537553394008,0.015893223138436892
4406,Eglinton Ave West at Everden Rd (Eglinton West Sta,2,1,1,3.40450690578689e-05,0.007598288413924853
4407,Eglinton Ave West at Everden Rd (Eglinton West Sta,3,1,2,4.35626403461773e-05,0.0028751514507044072
4408,Eglinton Ave West at Glenarden Rd,3,1,2,3.893266441541693e-05,0.0029756406042560878
4409,Eglinton Ave West at Jane St East Side,4,3,1,0.00032837346853521076,0.026812568755799997
4410,Eglinton Ave West at Marlee Ave,7,5,2,0.00031786272530968815,0.02942368793716586
4411,Eglinton Ave West at Marlee Ave,3,2,1,0.00015140079156877225,0.006506421578917326
4412,Eglinton Ave West at Oakwood Ave,2,1,1,9.317724880109976e-05,0.016840065261628942
4414,Eglinton Ave West at Weston Rd,3,1,2,0.0002653395778799777,0.026611590448696636
4415,Eglinton Ave West at Weston Rd,5,2,3,0.00041991347911454773,0.056719462763558846
4416,Eglinton Ave West at Yonge St West Side,6,1,5,0.00023807431867725278,0.025505362664868206
4417,Eighth St at Birmingham St,2,1,1,3.849382845494849e-05,0.0063226641145611795
4418,Eighth St at Lake Shore Blvd West North Side,2,1,1,2.5515708352292962e-05,0.00642315326811286
4419,Ellesmere Rd at East Service Rd,2,1,1,0.00010585332137759399,0.0
4420,Ellesmere Rd at East Service Rd,2,1,1,9.569433160616785e-05,0.00010048915355168014
4421,Ellesmere Rd at McCowan Rd East Side,2,1,1,0.00011119836403919073,0.004384010012625495
4422,Ellesmere Rd at Pharmacy Ave,3,1,2,0.00013238104522578435,0.09824258773068019
4423,Ellesmere Rd at Victoria Park Ave,3,1,2,0.00011862368239862854,0.11281137000478762
4424,Ellesmere Rd at West Service Rd East Side,2,1,1,0.0001060988868011946,0.00010048915355168014
4425,Ellesmere Rd at West Service Rd,2,1,1,9.781909913789773e-05,0.0
4427,The Esplanade at Lower Jarvis St East Side,2,1,1,7.68670182576398e-05,0.003919076988515525
4428,Evans Ave at Brown's Line,3,2,1,0.00025701734336081505,0.009666631220757123
4429,Farnboro Rd at Attwell Dr East Side,2,1,1,8.098725994056956e-05,0.0009455227743271221
4431,Finch Ave East at Neilson Rd West Side,2,1,1,2.7661238188908123e-05,0.0005480545259362784
4432,Finch Ave East at Yonge St East Side,2,1,1,2.341370747579829e-05,9.145044661846023e-05
4433,Airport Rd at Beverley St,2,1,1,0.00011062853171393727,0.004733623989791578
4434,Airport Rd at Bresler Dr West Side,2,1,1,6.407895299620196e-05,0.0034081242024670355
4435,Airport Rd at Bresler Dr,4,2,2,0.00012675758349379884,0.003810080816673756
4436,Airport Rd at Victory Cres,2,1,1,4.243031464090069e-05,0.0016025095703955765
4437,Albion Rd at Elmhurst Dr,3,1,2,5.9331187462611676e-05,0.011604100320670397
4438,Albion Rd at Humberline Dr,2,1,1,0.00011062853171393727,0.00702520204168439
4439,Albion Rd at Islington Ave,2,1,1,7.287287545870443e-05,0.003894087622288388
4440,Attwell Dr at Belfield Rd North Side,2,1,1,5.1881549088244125e-05,0.0013302406777257907
4441,Attwell Dr at Disco Rd,2,1,1,6.074666506606202e-05,0.0012364655405198402
4442,Attwell Dr at Marmac Dr South Side,2,1,1,6.952285743958072e-05,0.0011465010814304824
4443,Attwell Dr at McLachlan Dr,2,1,1,7.576611137017473e-05,0.0010460119278788021
4444,Aukland Rd at Dundas St West,3,1,2,8.441511864675638e-05,0.019549201452335394
4446,Avenue Rd at Old Orchard Grove,2,1,1,0.00011062853171393727,0.0013063589961718417
4448,Bathurst St at Elm Ridge Dr,2,1,1,0.00011468602096990525,0.0023528503438116372
4449,Bathurst St at Glencairn Ave,2,1,1,0.00012911177368691846,0.001711505742237346
4450,Bathurst St at St Clair Ave West,2,1,1,0.00011172784155482346,0.001548937115398196
4451,Bathurst St at Steeles Ave West,2,1,1,3.850358871402491e-05,0.0030146746065504043
4452,Bayview Ave at Valleyanna Dr,2,1,1,0.00015027663995952214,0.0068158648295558125
4453,Belfield Rd at Brockport Dr West Side,3,2,1,0.00010261892101813764,0.002778209219811313
4454,Belfield Rd at Brockport Dr,3,1,2,9.095490446195414e-05,0.0057278840720295324
4455,Berry Rd at Park Lawn Rd,3,1,2,0.0001138355585377857,0.01139870240704992
4456,Birchmount Rd at Finch Ave East,2,1,1,0.00012925596534445086,0.0032312845597618034
4457,Birchmount Rd at Highview Ave South Side,2,1,1,8.877149259705572e-05,0.00041932510988231957
4458,Birchmount Rd at Highview Ave,2,1,1,4.2826871085735756e-05,0.0007188430455125479
4459,Birchmount Rd at Steeles Ave South Side,4,3,1,0.00018446301524336392,0.004116546150574224
4461,Bloor St West at Islington Ave West Side,4,2,2,6.434094087893246e-05,0.005140507986188173
4462,Bloor St West at Islington Ave,3,1,2,0.00010531180200044676,0.03627556154889549
4463,Bloor St West at Jane St,2,1,1,6.290091276349295e-05,0.014287048899603656
4466,Broadview Ave at Erindale Ave,2,1,1,5.439322380003676e-05,0.02157494404609994
4468,Church St at Uphill Ave,3,1,2,0.00011062853171393727,0.006330816673755848
4471,Coxwell Ave at Mortimer Ave - Michael Garron Hospital,2,1,1,0.0001122989541416328,0.00554199327540459
4472,Coxwell Ave at Plains Rd,2,1,1,0.00010608027819177491,0.0035714412306819794
4473,3450 Danforth Ave,4,2,2,0.00013520381684360415,0.006237409423041866
4474,Danforth Ave at Main St,2,1,1,5.110901619439506e-05,0.009722844672441448
4475,Keele St at Keelegate Dr,2,1,1,0.00010199323043589358,0.025695534862629876
4476,Keele St at St Clair Ave West,4,2,2,7.244199075122565e-05,0.004537008499183543
4477,Keele St at St Clair Ave West,3,2,1,6.93658597125181e-05,0.006124805047497516
4478,Keele St at Toro Rd,3,1,2,0.00012561269107967934,0.0008175244576775842
4479,Keele St at Wilson Ave North Side,4,2,2,0.00011230979648483409,0.03373924298044237
4480,Wilson Ave at Keele St North Side,2,1,1,3.3277841763858575e-05,0.0286630774863361
4481,Kennedy Rd at Eglinton Ave East,2,1,1,0.00010309871098847923,0.0005263717566992769
4482,Kennedy Rd at Progress Ave,2,1,1,8.66331343979315e-05,0.0025122288387920033
4483,King St West at Shaw St East Side,2,1,1,0.0001321459715716903,0.0043177043332760946
4485,King St West at Strachan Ave,2,1,1,0.00014756912429529572,0.004760369138943346
4486,Kipling Ave at Belfield Rd - Etobicoke North GO Station,3,2,1,0.00010937790271282289,0.0047918407589211415
4487,Kipling Ave at Bloor St West North Side,4,3,1,0.0001842267385608119,0.0063319302527149
4489,Lansdowne Ave at Davenport Rd South Side,2,1,1,0.00011292090996433465,0.004421522756273926
4490,Lansdowne Ave at St Clair Ave West,2,1,1,0.00011062853171393727,0.0010048915355168014
4491,Lawrence Ave East at East Ave - Rouge Hill GO Station,6,3,3,0.00029913899573783513,0.009839461305577103
4492,Lawrence Ave East at Orton Park Rd,4,2,2,9.667974813089942e-05,0.012839242489869883
4493,Lawrence Ave West at Culford Rd,4,2,2,0.00011610646297568499,0.011174241330943267
4494,Lawrence Ave West at Scarlett Rd East Side,5,3,2,0.00021896539647193005,0.011979864932772713
4495,Lawrence Ave West at Varna Dr West Side,6,1,5,0.00011507071382329073,0.000508598164914626
4496,Lawrence Ave West at Weston Rd - Weston GO Station,3,1,2,0.000190561672782964,0.0173711421784896
4497,Leslie St at Eastern Ave,2,1,1,7.946258324270967e-05,0.0014586877924287539
4498,Leslie St at Kirkwood Rd North Side,2,1,1,7.490311167484759e-05,0.006257776694452577
4499,Leslie St at Lawrence Ave East,3,1,2,0.00010772340569320939,0.00235848220615341
4500,Leslie St at Queen St East South Side,4,2,2,0.00015866844091624762,0.0021621118672905146
4501,Lonsdale Rd at Avenue Rd East Side,2,1,1,0.00012345705743452978,0.00035250957039557635
4502,Exhibition Loop at Manitoba Dr,2,1,1,9.478395390719158e-05,0.004885516555018895
4503,Exhibition Loop,4,1,3,0.00014039188312813696,0.018598522073532707
4504,Toronto Zoo,2,1,1,6.60066835602668e-05,0.00017545725223309225
4505,Toronto Zoo,2,1,1,3.662910178071789e-05,0.00017545725223309225
4506,Toronto Zoo,2,1,1,3.1287723275345364e-05,0.00017545725223309225
4507,Rouge Hill Go Station Loop at Lawrence Ave East,2,1,1,0.00010560980081637702,0.0
4509,Rouge Hill GO Station Loop at Lawrence Ave East,2,1,1,0.0001037855227140773,0.0005024457677584007
4511,Long Branch Loop,2,1,1,0.00016007813378867967,0.006779691030648068
4512,Queens Quay Loop at Lower Spadina Ave,2,1,1,5.2247661881920504e-05,0.002394193960017014
4514,Westwood Square Bus Terminal at Morning Star Dr,2,1,1,9.271166240964722e-05,0.0055375372182050195
4515,Lumsden Ave at Westlake Ave,2,1,1,0.0001097041891167362,0.005435939990464661
4516,Progress Ave at Markham Rd East Side,5,3,2,9.680837248479245e-05,0.035598848713337725
4517,Queen St East at Kingston Rd,4,2,2,0.00012451765517413257,0.008110188673512791
4518,Queen St East at Kingston Rd,3,2,1,7.564186781507963e-05,0.002841875797532965
4519,Queen St West at Shaw St,2,1,1,2.4983783367570533e-05,0.0018728509538131425
4520,Queen's Park Cres West at Hoskin Ave,2,1,1,8.223064058454304e-05,0.0036804225124089014
4521,Queen's Park Cres East at St Joseph St North Side,2,1,1,0.00015871142312783658,0.001457890259464058
4524,The Queensway at Morgan Ave,2,1,1,3.5915849473545296e-05,0.00023287962569119524
4525,The Queensway at Stephen Dr,2,1,1,9.899612436667433e-05,0.001364231260020286
4526,The Queensway at Windermere Ave West Side,3,2,1,0.0002046581310423036,0.016572203317737132
4527,Rathburn Rd at Lloyd Manor Rd,2,1,1,8.521944678549273e-05,0.00818979696013983
4536,Renforth Dr at Eglinton Ave West,3,1,2,0.00010759237286949821,0.0001754572522330923
4540,Rogers Rd at Keele St,2,1,1,0.00012164225233152797,0.0018789242602419724
4541,Royal York Rd at Dixon Rd,2,1,1,9.17457106422913e-05,0.0007789238621863037
4543,Sentinel Rd at Finch Ave West,2,1,1,8.727206144049736e-05,0.0007943428328370906
4544,Sentinel Rd at The Pond Rd,2,1,1,0.00011037423474105382,0.0003014674606550404
4545,Sewells Rd at Brenyon Way East Side,2,1,1,0.00012811982113189167,0.005001863136752813
4546,Sewells Rd at Brenyon Way,2,1,1,0.00013902631588573393,0.00793464183271712
4547,Sewells Rd at McLevin Ave,2,1,1,0.0001255213107204646,0.002823426201616334
4550,Sheppard Ave East at Meadowvale Rd,2,1,1,6.0946398514339755e-05,0.00166046363249681
4551,Sheppard Ave East at Victoria Park Ave East Side,2,1,1,7.416573382679605e-05,0.035281428006662445
4552,Sheppard Ave West at Jane St East Side,3,1,2,0.00019439269217921948,0.014369667501811628
4553,Sheppard Ave West at Sentinel Rd,4,2,2,0.00011382197374611435,0.012155967788340072
4554,Sheppard Ave West at William R Allen Rd West Side,2,1,1,0.0003023607329100617,0.0024671239188997587
4555,Sherway Gardens Rd at Sherway Gate (Mall),4,2,2,0.00022752233278928812,0.012708207537535484
4556,Sherway Gardens Rd at Sherway Gate (Mall) West Side,2,1,1,9.512063621761499e-05,0.014374064962505954
4557,Sherway Gardens Rd at Sherway Gate (Mall),3,1,2,0.00011407508789027806,0.006353572080124611
4558,Sherway Gardens Rd at Sherway Gate Mall),3,2,1,0.00015009832741433933,0.006724159064386627
4559,Main St at Danforth Ave,2,1,1,0.00010703768128632649,0.0038181219744384356
4560,Main St at Danforth Ave,4,2,2,0.00019699079082196919,0.010972245463313093
4561,Main St at Doncaster Ave,2,1,1,0.00011057620957034332,0.0008039132284134411
4562,Main St at Gerrard St East,2,1,1,0.0001188231417670883,0.0016173968524032327
4563,Main St at Gerrard St East,5,3,2,0.00016942345371355689,0.017532265028676136
4566,Markham Rd at Passmore Ave North Side,0,0,0,1.6598932385570904e-05,0.0
4567,Martin Grove Rd at Finch Ave West North Side,2,1,1,9.401553521405745e-05,0.0017657636692783628
4568,Martin Grove Rd at John Garland Blvd,2,1,1,8.643372100541777e-05,0.0032257018290089323
4569,Martin Grove Rd at Mercury Rd,2,1,1,5.569534773238382e-05,0.004186516376010209
4570,Westhumber Blvd at Martin Grove Rd North Side,4,2,2,8.386957959019225e-05,0.061233942960001404
4573,McCowan Rd at Steeles Ave East North Side,3,1,2,0.00010741208300584846,0.006739153551680136
4574,McCowan Rd at Steeles Ave East South Side,2,1,1,0.000168244524776322,0.010790621012335177
4576,1020 McNicoll Ave,2,1,1,0.00010962455561720956,0.002444792995888274
4577,McNicoll Ave at Silver Springs Blvd,2,1,1,0.00012161774376060185,0.0058762228838792
4578,McNicoll Ave at Silver Springs Blvd,2,1,1,0.00011062853171393727,0.0033683361690060964
4579,McNicoll Ave at Victoria Park Ave,4,2,2,0.0001760424660432785,0.007198054019566143
4580,Meadowvale Rd at Sheppard Ave East,3,2,1,0.00013340089109970852,0.001734722812987381
4581,Millwood Rd at Overlea Blvd North Side,2,1,1,0.00011193199896075039,0.001453282291223593
4583,Morningside Ave at Casebridge Crt North Side,2,1,1,0.00012078834075452088,0.0025219587409612927
4584,Morningside Ave at John Stoner Dr South Side,3,2,1,0.0001643511284037521,0.008293722529420105
4585,Nightstar Rd at Morningside Ave North Side,3,2,1,0.00012022095449820347,0.00038781369629944706
4586,Morningside Ave at Walkway to Raponi Cir,2,1,1,0.00011889121596311494,0.0002873245427477669
4587,Morning Star Dr at Catalpa Rd,2,1,1,8.581945343660855e-05,0.0009995746490854955
4588,Morning Star Dr at Catalpa Rd,2,1,1,9.540325673772478e-05,0.005437048064653339
4589,Morning Star Dr at Airport Rd East Side,2,1,1,5.224907684986328e-05,0.0015020204168438962
4590,Morning Star Dr at Lancaster Ave,2,1,1,6.098039954165586e-05,0.001401531263292216
4591,Morning Star Dr at Manion Rd,2,1,1,0.00010270320209720645,0.005035091450446619
4592,Morning Star Dr at Reindeer Dr West Side,2,1,1,0.00010128832145421662,0.005135580603998299
4593,Morning Star Dr at Reindeer Dr,2,1,1,6.86575482460541e-05,0.001301042109740536
4594,Mortimer Ave at Coxwell Ave West Side - Michael Garron Hospi,2,1,1,0.00011027760215893685,0.00483300506915458
4595,Mt Pleasant Rd at Eglinton Ave East North Side,3,2,1,5.846535847665887e-05,0.002713207145895364
4599,Neilson Rd at Finch Ave East South Side,2,1,1,7.687795386502745e-05,0.002659196441230682
4600,Neilson Rd at Finch Ave East South Side,3,2,1,9.269792997942662e-05,0.0021416671730368026
4601,Oakwood Ave at Eglinton Ave West South Side,2,1,1,0.00021602399702287323,0.011063227140607425
4602,Oakwood Ave at Rogers Rd,2,1,1,0.0001218805161359371,0.005838974247263554
4603,O'Connor Dr at Pape Ave,2,1,1,3.8082968994718936e-05,0.007226268963561606
4604,Old Weston Rd at St Clair Ave West North Side,4,2,2,0.00016289277200589867,0.02053797031716694
4605,Old Weston Rd at St Clair Ave West,2,1,1,6.421475593747006e-05,0.0026114115573919916
4606,Old Weston Rd at St Clair Ave West,3,2,1,0.00015212665968354424,0.011805478283944895
4608,Ossington Ave at Bloor St West,2,1,1,2.4178655433884634e-05,0.0025920252386915513
4609,Ossington Ave at Bloor St West,4,2,2,3.049823533097215e-05,0.0070373674236652575
4610,Overlea Blvd at Millwood Rd East Side,3,2,1,0.00024118359387094551,0.019588069735453826
4612,Overlea Blvd at Thorncliffe Park Dr (East),4,2,2,0.0001428170362740227,0.05288255949530408
4613,Pape Ave at Lipton Ave North Side,2,1,1,0.00010898519885120604,0.013648575903042087
4614,Pape Ave at O'Connor Dr North Side,2,1,1,0.00010184204538315827,0.00013318800510421099
4615,Parliament St at Carlton St,2,1,1,9.280545885836255e-05,0.0046002906851593875
4616,Parliament St at Gerrard St East,2,1,1,0.00011062853171393727,0.0032708067122076885
4618,Peter Kaiser Gate at Steeles Ave West,2,1,1,9.78881379766756e-05,5.563235502622998e-05
4620,Pharmacy Ave at Ellesmere Rd,2,1,1,0.00010921329428237818,0.006932156529136538
4621,Port Union Rd at Adenmore Rd North Side,2,1,1,0.00011699096307952347,0.0044914888116029065
4623,Finch Ave West at Dufferin St,4,2,2,0.000168219390544056,0.010228705869842621
4627,Finch Ave West at Senlac Rd,4,2,2,0.0001374509021415391,0.014575908485735777
4629,Finch Ave West at Wilmington Ave,2,1,1,0.00016719806651714316,0.0073569591024945985
4630,Fleet St at Bathurst St,3,1,2,0.00016424542383559825,0.004578978550161025
4632,Freshmeadow Dr at Don Mills Rd,4,2,2,0.00014383970858141513,0.030343542717266667
4633,Freshmeadow Dr at Don Mills Rd,2,1,1,5.283548620524883e-05,0.023904899996961784
4635,Front St West at Bay St East Side - Union Station,0,0,0,1.6598932385570904e-05,0.0
4637,Lawson Rd at Kingston Rd (Highway 2A Overpass),2,1,1,8.480464727996138e-05,0.0009044023819651212
4638,Highland Creek Overpass at Kingston Rd,3,1,2,9.619053512011411e-05,0.0018781015170849286
4639,Highland Creek Overpass at Kingston Rd,2,1,1,0.00010349147556143191,0.0005035091450446619
4640,Highway 27 at Queen's Plate Dr - Woodbine Centre,4,3,1,0.00021653303930558847,0.07486073704854765
4642,Humber College Blvd at Humberline Dr South Side,5,3,2,0.000264894364198131,0.009649882290042062
4644,Humberline Dr at Humber College Blvd West Side,4,3,1,0.00020066927423894077,0.006706853466609953
4645,Humberline Dr at Humber College Blvd,4,1,3,0.0001333460447311943,0.00656317088768373
4646,Islington Ave at Bloor St West North Side,8,4,4,0.00032719170948694565,0.026356622918661053
4647,Islington Ave at Bloor St West,2,1,1,2.8238942376187254e-05,0.0
4650,Islington Ave at Finch Ave West,2,1,1,0.00010383025051026191,0.002490005361193818
4651,Jane St at Annette St,2,1,1,0.00015074345253939615,0.03240826596964063
4652,Jane St at Trethewey Dr,3,2,1,0.0001491515480832929,0.01935852562279868
4653,Jane St at Finch Ave West South Side,5,3,2,0.0003371317992572857,0.02486656998657699
4654,Jane St at Heathrow Dr,2,1,1,9.621523082779519e-05,4.1471714164185454e-05
4655,Jane St at Hullmar Dr,2,1,1,8.771484066684581e-05,0.0
4656,Jane St at Hullmar Dr,3,1,2,0.0001168239847245477,0.001101127179923437
4657,Jane St at Lambton Ave,2,1,1,5.940199860839205e-05,0.001957009374003394
4658,Jane St at Pritchard Ave,4,2,2,0.00013360729409487933,0.021559770574767764
4659,Jane St at Wright Ave,3,2,1,0.00013359806760146475,0.005188251876846802
4660,Jane St at Steeles Ave West,4,2,2,0.0001530495171332817,0.018481054372347386
4670,John Garland Blvd at Finch Ave West South Side,2,1,1,0.00011671399322101778,0.0061686991524501225
4671,John Garland Blvd at Finch Ave West,2,1,1,3.415026933478747e-05,0.006373143520487736
4675,Crescent Rd at South Dr (West),2,1,1,0.00011062853171393727,9.038706933219907e-06
4676,Gerrard St East at Blackburn St,4,2,2,0.00018646248825679974,0.006902065447092542
4677,Lansdowne Ave at Seaforth Ave,2,1,1,0.00011062853171393727,0.0030146746065504043
4678,Scarlett Rd at Foxwell St,2,1,1,5.1246318659828204e-05,0.0007092726499361974
4680,Eglinton Ave West at Martin Grove Rd,2,1,1,0.00010554091925088507,0.0019586412696724798
4681,Ranee Ave at Varna Dr - Yorkdale Station,2,1,1,9.225094397706827e-05,0.0
4682,Dixon Rd at 950 Dixon Rd,3,2,1,0.00014008285049868472,9.729902169289664e-05
4683,McCowan Rd at Kenhatch Blvd,2,1,1,8.22783544443467e-05,0.008045512547851979
4684,Bloor St West at Markland Dr (East) East Side,2,1,1,0.00010395695295699393,0.005031901318587834
4686,Belfield Rd at Kipling Ave - Etobicoke North GO Station,2,1,1,9.481068816685268e-05,0.0008437538815979041
4687,Lloyd Manor Rd at Firwood Cres North Side,2,1,1,9.540073858944415e-05,0.00788832949948479
4688,McCowan Rd Loop at Steeles Ave East,2,1,1,7.798109910264669e-05,0.0015461505742237346
4689,Maybrook Dr at Newmill Gate,2,1,1,0.00011254222180235899,0.010352066496526301
4690,Queen St West at Soho St,2,1,1,0.00011167142027828362,0.0055508884188866904
4691,Steeles Ave East at Don Mills Rd,4,2,2,0.00012687172148221712,0.0192367007401833
4695,Midland Ave at Steeles Ave East South Side,2,1,1,0.00010664938574419627,0.006053956964092151
4696,Kingston Rd at McNab Blvd East Side,2,1,1,0.00010541485522982087,0.00029987239472564867
4697,Kipling Ave at Jutland Rd,2,1,1,0.00010628766299740133,0.0
4700,Oakdale Rd at Sheppard Ave West North Side,4,2,2,4.271092731555666e-05,0.012802348057797872
4701,Parkside Dr at High Park Blvd,2,1,1,0.0001039166681183057,0.00377711612079966
4702,Midland Ave at Boarhill Dr,2,1,1,0.00011062853171393727,0.00573000850701829
4703,Eglinton Ave East at Wynford Dr West Side,2,1,1,0.00010102980146883998,0.019413348384211847
4705,Chaplin Cres at Avenue Rd,4,2,2,0.00017772382204240815,0.0035294074456664846
4706,Ellesmere Rd at Helicon Gate West Side,2,1,1,0.00021089679814193687,0.0164537738425868
4707,Glencairn Ave at Danesbury Ave,2,1,1,0.00011062853171393727,0.006766078757252725
4708,The Esplanade at Princess St,2,1,1,9.088502418946718e-05,0.0028239756132142353
4709,Davisville Ave at Pailton Cres,2,1,1,0.00015008041695610563,0.013326453928579425
4710,Jane St at Dundas St West,5,3,2,0.00016328226619681023,0.04066204154709887
4714,1100 Bellamy Rd North,2,1,1,9.469420448649248e-05,0.006346235644406636
4715,Wellesley St East at Ontario St,2,1,1,0.0001299664723521945,0.00221398948775597
4716,Davisville Ave at Belle Ayre Blvd,2,1,1,0.00013482908422808183,0.013024986467924386
4717,Danforth Ave at Woodbine Ave,2,1,1,7.399955503293916e-05,0.009421377211786408
4719,Henrietta St at Runnymede Rd,2,1,1,0.0001479542465189263,0.0015021723278847907
4720,Waterbury Dr at Martin Grove Rd,2,1,1,0.00010856473746673686,0.000931518502764781
4721,St Clair Ave East at Denvale Rd,2,1,1,6.51326943499777e-05,0.0015567843470863463
4722,Birchmount Rd at Ashtonbee Rd,2,1,1,9.325827943822428e-05,0.011281369629944705
4723,McCowan Rd at Sandhurst Cir (North),2,1,1,9.34268986854568e-05,0.007643555933645257
4724,Clonmore Dr at Cornell Ave,2,1,1,9.60893735592292e-05,0.011490864206331029
4725,Queen St East at Jones Ave,4,2,2,0.0002496155946690285,0.0062941163472852125
4726,Leslie St at Commissioners St,2,1,1,8.811239988345168e-05,0.0012577094853253935
4727,16 The Donway East - Opposite Don Mills Collegiate,2,1,1,0.00011047255575899199,0.0005832624415142493
4728,Victoria Park Ave at Sloane Ave,4,2,2,0.00015965307298498044,0.009806057705940733
4729,1915 Martin Grove Rd,2,1,1,0.00014616463164629186,0.004388530576977215
4730,Avenue Rd at Dupont St,2,1,1,0.0001017755556308842,0.00286473840918758
4732,Shorncliffe Ave at North Queen St,2,1,1,9.224355407014251e-05,0.0016741038629596691
4733,High Park Ave at Glenlake Ave,2,1,1,9.116612216465863e-05,0.005663547426626968
4734,The Westway at Sun Row Dr East Side,2,1,1,0.00011228607343312491,0.00020097830710336028
4735,O'Connor Dr at Ralston Ave West Side,3,1,2,0.00015971190727422167,0.013548683548753278
4737,Finch Ave West at Woodbine Downs Blvd,3,1,2,0.00016035031075580775,0.0055302929604423645
4738,Eglinton Ave West at Blackthorn Ave,2,1,1,7.971004296930862e-05,0.023170881935384788
4739,Yonge St at Shuter St,2,1,1,0.00011062853171393727,0.003977934921310081
4740,Dufferin St at Dufferin Park Ave,2,1,1,0.00012784413804545867,0.014180838355604417
4742,Keele St at Broadoaks Dr,2,1,1,0.00011125206176887647,9.198213526159082e-05
4743,Wilson Heights Blvd at Codsell Ave,2,1,1,5.2455843292004645e-05,0.007441332636416196
4745,Davisville Ave at Mt Pleasant Rd,2,1,1,0.00014648644680411165,0.0083902113588949
4746,Sheppard Ave East at Brownspring Rd,2,1,1,0.00011723598883777554,0.0
4748,Mt Pleasant Rd at Glengowan Rd,2,1,1,8.733266347410066e-05,0.002210761378136963
4749,Maybrook Dr at McNicoll Ave North Side,2,1,1,0.00011327962456069595,0.010553044803629662
4750,Gentian Dr at Wellesworth Dr,2,1,1,0.00012097985009861542,0.002210761378136963
4751,Kennedy Rd at Jade St,2,1,1,0.00011062853171393727,0.00503562313908975
4752,Finch Ave West at Grantbrook St West Side,4,2,2,0.000135129597267241,0.009608486003929433
4753,Brimley Rd at Dennett Dr,2,1,1,0.00010134145760153546,0.0
4755,Queen St East at Coxwell Ave,3,1,2,0.00012562835352820164,0.009371088290696968
4756,Finchdene Sq at Torham Pl,2,1,1,9.559168754041367e-05,0.000884995746490855
4757,Annette St at Keele St,2,1,1,0.00011062853171393727,0.002555868206655106
4758,Uphill Ave at Church St,2,1,1,9.588363762121562e-05,0.0050017073113096085
4759,Kennedy Rd at Ranstone Gardens,2,1,1,0.0001263331368355083,0.014698689197605884
4760,Kennedy Rd at Park St,2,1,1,9.872899348437346e-05,0.0014742225339937707
4761,Islington Ave at Nordin Ave,2,1,1,0.00010666726143188654,0.005349922018999007
4762,Neilson Rd at Opp Walkway to Blackwater Cres & Kessack Crt,2,1,1,0.00010312188039033956,0.008314768538210691
4763,Shorncliffe Rd at Dundas St West,2,1,1,0.00012411467236873042,0.0047336239897915805
4764,Sloane Ave at Trophy Dr,2,1,1,8.483515889318199e-05,0.003806057705940734
4765,Sheppard Ave West at Jane St,4,2,2,0.00010829938598236051,0.010077065193699495
4766,Nightstar Rd at Pogonia St,2,1,1,0.00016523480867679545,0.0010125478519778816
4769,Dixon Rd at Islington Ave East Side,4,2,2,0.00011440541119303471,0.012739116315163185
4770,Greenwood Ave at Dundas St East,2,1,1,0.00011062853171393727,0.0004560116262583298
4771,Kingston Rd at Glen Manor Dr,2,1,1,0.00010255959433183779,0.006776903445342408
4772,Davenport Rd at Dufferin St,2,1,1,8.19629921653655e-05,0.007757178168492502
4773,Gerrard St East  at Norwood Rd,2,1,1,0.00012143528428030864,0.0050365092868283005
4774,Hullmar Dr at Bamford Cres,2,1,1,8.927213407031195e-05,0.0003570998156812704
4776,Kennedy Rd at Dancy Ave North Side,2,1,1,0.00010949634176869003,0.0008039132284134411
4777,Van Horne Ave at Hobart Dr,2,1,1,5.4479857687677714e-05,0.0019002197646391609
4778,Eglinton Ave East at Jonesville Cres East Side,2,1,1,9.650441884549813e-05,0.006223880279041927
4779,Jane St at Church St,3,1,2,0.00015499435423835966,0.01681601835394034
4780,St Clair Ave East at Brimley Rd West Side,4,2,2,0.0001639559991841477,0.018513349182718603
4781,St Clair Ave East at Clifton Rd,2,1,1,8.130980902521708e-05,0.0006324968098681412
4782,St Clair Ave East at Danforth Rd,4,2,2,0.0001273634059998399,0.024789192909859648
4783,St Clair Ave East at Elfreda Blvd,3,1,2,0.0002630493337764856,0.016318382616367515
4784,St Clair Ave East at Kennedy Rd,2,1,1,0.0001222952385693381,0.0
4785,St Clair Ave East at Victoria Park Ave,2,1,1,9.19787302819706e-05,0.003765773429746207
4787,St Clair Ave West at Caledonia Rd East Side,2,1,1,0.00011013947722437846,0.004722990216928967
4788,St Clair Ave West at Caledonia Rd,2,1,1,0.00011062853171393727,0.0009044023819651212
4791,St Clair Ave West at Old Stock Yards Rd,2,1,1,8.316927116996007e-05,0.0032781972210406914
4792,St Clair Ave West at Runnymede Rd,2,1,1,7.462038165835867e-05,0.004234914543134448
4793,St Dennis Dr at Linkwood Lane,3,1,2,0.00011499419546237653,0.005525840068056146
4795,Steeles Ave East at Birchmount Rd West Side,2,1,1,9.847698602968597e-05,0.01406295193534666
4796,Steeles Ave East at Birchmount Rd,4,2,2,0.00012094939842757592,0.010617934156825862
4798,Steeles Ave East at Dudley Ave,3,1,2,0.00010933230652776345,0.0
4799,Steeles Ave East at Middlefield Rd,2,1,1,0.00010368793646958573,0.0030566398894585106
4801,Steeles Ave East at Warden Ave,4,2,2,0.00011907075133862604,0.009255880775286095
4802,1750 Steeles Ave West,2,1,1,8.876840874632788e-05,0.0
4803,Steeles Ave West at Bathurst St East Side,3,2,1,0.0001063930208586365,0.004484793704806466
4806,Steeles Ave West at Islington Ave Loop,2,1,1,9.751286160144022e-05,0.001356058592088473
4807,Steeles Ave West at Jane St,3,2,1,0.0002695360726914551,0.007914596134072513
4808,Steeles Ave West at Keele St East Side,3,2,1,0.00018602058834208378,0.021286129658524805
4809,Steeles Ave West at Martin Grove Rd West Side,3,1,2,0.00012228231469806427,0.002385978471490188
4810,Steeles Ave West at Martin Grove Rd,4,2,2,0.0002478042447831965,0.003560057763989834
4811,Steeles Ave West at Village Gate,2,1,1,9.688119539912225e-05,0.00020097830710336028
4812,Steeles Ave West at Weston Rd,3,2,1,0.00019619838034161584,0.0033060190952178404
4813,Stephen Dr at The Queensway North Side,2,1,1,8.373738511091445e-05,0.015162165036154827
4814,Strachan Ave at Fleet St North Side,3,1,2,2.9859740391153063e-05,0.00861722932533226
4815,Strachan Ave at Fleet St,4,2,2,6.405603281320068e-05,0.013718194306986314
4816,Wellness Way at Hospital Rd - Odette Cancer Centre,3,2,1,0.0001727627016447025,0.007497322567904246
4817,Wellness Way at Hospital Rd - Odette Cancer Centre,3,2,1,0.0001025395903519601,0.005057885702132827
4818,Tapscott Rd at Finch Ave East North Side,2,1,1,3.423803147582172e-05,0.0002175847157238055
4819,Transit Rd at Wilson Ave North Side,4,2,2,3.731210002357361e-05,0.000992833986687666
4820,Transit Rd at Wilson Ave,2,1,1,3.92276448937012e-05,0.002137240654095184
4821,Tuscan Gate at St Regis Cres (South),3,1,2,5.8711228976171697e-05,0.003304533531830427
4822,University Ave at Dundas St West North Side (St Pa,0,0,0,1.6598932385570904e-05,0.0
4823,University Ave at Dundas St West (St Patrick Stati,0,0,0,1.6598932385570904e-05,0.0
4825,University Ave at Queen St West North Side (Osgood,0,0,0,1.6598932385570904e-05,0.0
4826,University Ave at Queen St West (Osgoode Station),0,0,0,1.6598932385570904e-05,0.0
4827,Vaughan Rd at Maplewood Ave,2,1,1,9.650161153712487e-05,0.008378241356161586
4828,Victoria Park Ave at Craigton Dr,2,1,1,0.00011502068634523186,0.0005024457677584007
4829,Victoria Park Ave at Lawrence Ave East South Side,2,1,1,4.791815541249265e-05,0.008255423224159933
4831,Victoria Park Ave at Sheppard Ave East North Side,2,1,1,2.1938170170076254e-05,0.005657805189281158
4832,Victoria Park Ave at Sheppard Ave East South Side,3,2,1,0.00011277212171111113,0.011177610899386512
4833,Warden Ave at Danforth Rd South Side,4,3,1,0.00014247659972960189,0.017358524455541657
4834,Warden Ave at Sheppard Ave East North Side,2,1,1,2.0406176675112827e-05,0.011229621824368742
4835,Warden Ave at Steeles Ave East North Side,2,1,1,4.244416996203634e-05,0.0038010421097405362
4836,Warden Ave at Steeles Ave East South Side,2,1,1,0.00015741151455062475,0.00040195661420672056
4837,The West Mall at Sherway Dr - Trillium Health Centre (South,2,1,1,9.122360994699515e-05,0.014474554116057635
4838,The West Mall at The Queensway South Side,4,2,2,0.00020409030848700296,0.027381613206123957
4839,Weston Rd at Rogers Rd South Side,4,2,2,0.00010491356158236258,0.005684968034234306
4840,Weston Rd at Bradstock Rd,4,2,2,8.249465350023923e-05,0.012214046453059298
4841,Weston Rd at Eglinton Ave West South Side,3,2,1,0.00012049904468855075,0.002675768509651776
4842,Weston Rd at Finch Ave West,3,1,2,0.00010320314716554498,0.011611111531749216
4843,Weston Rd at Oak St North Side,5,3,2,0.00024827704783154925,0.026402409795953645
4844,Weston Rd at Rogers Rd North Side,3,1,2,0.0001280107597808796,0.0031754284338150404
4845,Weston Rd at Steeles Ave West,2,1,1,2.195730219596018e-05,0.00617598800808913
4846,Wheeltrans Exit at Commissioners St,4,1,3,0.00017202442841230802,0.015121680743756458
4848,Wilson Ave at Billy Bishop Way,4,2,2,2.2775574056290633e-05,0.0655065319177222
4849,Wilson Ave at Keele St East Side,2,1,1,7.689459822362652e-05,0.03713773743199746
4850,Wilson Ave at Keele St,3,1,2,0.00014927207516740465,0.11983263186285943
4851,Wilson Ave at Lady York Ave,3,2,1,0.00024217965721917342,0.0009020983978448888
4852,Opposite 675 Wilson Ave,9,8,1,0.0002699882838898681,0.02191820709234596
4853,Wilson Ave at Transit Rd West Side,5,3,2,0.00016518862422474061,0.0268979878202284
4854,Woodbine Race Track Loop (Main Entrance),3,1,2,6.591815316058717e-05,0.0023363728200765633
4855,Woodbine Racetrack Loop (Main Entrance),3,2,1,0.00012253317121135496,0.0015655627481213667
4856,5800 Yonge St,6,2,4,0.00025596110279546406,0.0125638650330787
4857,Yonge St at Front St East North Side,2,1,1,5.9675417757505516e-05,0.0021224124486034315
4858,Yonge St at Heath St East,2,1,1,0.00014021842133790074,0.009449613639585993
4859,Yonge St at Hendon Ave,2,1,1,3.706748850719196e-05,0.009622563459280312
4860,Yonge St at Wilson Ave South Side,2,1,1,5.5928159601091746e-05,0.0
4861,Yonge St at York Mills Rd,4,1,3,0.00010260987441078988,0.0056271976463916065
4867,York Mills Rd at Lesmill Rd West Side,2,1,1,0.00012782771809989775,9.995746490854956e-05
4868,York Mills Rd at Sandover Dr (1222 York Mills),4,2,2,0.00012773723473654279,0.11587176983464727
4869,York Mills Rd at Yonge St East Side,2,2,0,2.700794348656867e-05,0.0
4870,York Mills Rd at Yonge St,1,0,1,1.6598932385570904e-05,0.0
4871,York Mills Rd at York Ridge Rd,2,1,1,8.316542855632658e-05,0.0
4872,Bloor St West at Wilmar Rd,2,1,1,0.00014212040409261893,0.020652678878503646
4873,St Clair Ave West at Cobalt Ave,2,1,1,8.373011829025743e-05,0.004033936236031088
4874,Markham Rd at Greencrest Circt North Side,2,1,1,0.00010831155846024806,0.0
4876,Scarlett Rd at Bernice Cres,2,1,1,0.00010755501820451516,0.005247929368117586
4877,Steeles Ave East at Opposite Walkway to Whitman St,2,1,1,0.00010966788976556088,0.0003014674606550404
4878,Sentinel Rd at Murray Ross Pkwy South Side,2,1,1,7.883369609588484e-05,0.000995321139940451
4879,Berkeley St at Front St East South Side,2,1,1,8.731665661791251e-05,0.002924464766765916
4881,Midland Ave at Danforth Rd,2,1,1,7.790783983579387e-05,0.0019791223592797395
4882,Eglinton Ave West at Scarlett Rd,3,1,2,0.00012567113168417054,0.005341843870151208
4883,Crow Trail at Baldoon Rd,2,1,1,8.837718578025489e-05,0.00032063357031455715
4884,Warden Ave at Lupin Dr,2,1,1,9.911332382163328e-05,0.0
4885,Overlea Blvd at William Morgan Dr,4,2,2,0.00017014901914109957,0.007523128455976181
4886,Jones Ave at Queen St East,2,1,1,0.00010569881756317023,0.001978590670636609
4887,Bloor St West at Palmerston Ave,2,1,1,0.00010931981462047305,0.009479685732983061
4888,Wilson Ave at Julian Rd East Side - Humber River Hospital,4,2,2,0.00013998133371394516,0.10477038835556987
4889,St Clair Ave West at Mariposa Ave,3,1,2,0.00011082947988746094,0.006634484734628291
4890,Steeles Ave West at Scholes Rd/Barmac Dr,2,1,1,0.00012644384722018703,0.004092942436627498
4891,York Mills Rd at Leslie St West Side,5,3,2,0.000273047801902638,0.15097023927583764
4892,King St West at Spencer Ave,2,1,1,0.00011797197995498825,0.004875739254660457
4893,Pharmacy Ave at Sundridge Dr North Side,2,1,1,0.0001104046423080436,0.004101977881752446
4894,Vanderhoof Ave at Brentcliffe Rd,2,1,1,8.260303968068801e-05,0.0014904452558642263
4895,Yonge St at Eglinton Ave East (Eglinton Station),2,1,1,9.649424472614514e-05,0.007636980717425209
4897,Spadina Rd at Ardmore Rd,2,1,1,7.81484690508755e-05,0.008031958718307908
4899,Thirtieth St at Horner Ave South Side,0,0,0,1.6598932385570904e-05,0.0
4900,Steeles Ave East at Bestview Dr East Side,2,1,1,0.0001104094488990823,0.00010048915355168014
4901,King St West at Tecumseth St,2,1,1,0.00010686365272581712,0.0060632211554691355
4902,Dufferin St at Glencairn Ave,4,2,2,0.00014517193708587768,0.0162911105801897
4903,Bloor St East at Parliament St,2,1,1,0.00010098791892789949,0.010585066422051542
4904,Wilson Ave at Wendell Ave,2,1,1,0.0001918535321833876,0.0
4905,Lawrence Ave East at Fortune Gate East Side,3,1,2,0.00011261166404948398,0.014358808631937088
4906,Lawrence West Station,3,2,1,5.301858825094043e-05,0.0
4907,Kipling Ave at Widdicombe Hill Blvd,2,1,1,0.00012610481236912082,0.0
4908,Brimley Rd at Walkway to McCool Crt,2,1,1,6.892532819854227e-05,0.0
4909,Gerrard St East  at Bowmore Rd,2,1,1,9.805844561223452e-05,0.004521546049300196
4911,Mortimer Ave at Coxwell Ave - Michael Garron Hospital,2,1,1,0.00010173065999311448,0.007066076628603211
4912,O'Connor Dr at Don Mills Rd West Side,2,1,1,8.610493565437338e-05,0.009273818243209539
4913,Duncan Mill Rd at Valleybrook Dr,2,1,1,8.217027103122964e-05,0.006667907273500639
4914,Lawrence Ave East at Leslie St West Side,2,1,1,5.6668056111444986e-05,0.0032177290312126556
4916,Wilson Ave at Yonge St,4,1,3,0.00012038702882020291,0.013486412708233215
4917,Gerrard St East at Marjory Ave,3,2,1,0.0001260036329299837,0.01822846752480209
4918,Faywood Blvd at Goodwill Ave,2,1,1,0.00011062853171393727,0.0063802637175669925
4921,Eglinton Ave West at Royal York Rd East Side,2,1,1,0.00011758841847702337,0.0014912243503107806
4922,Anglesey Blvd at Pinehurst Cres North Side,2,1,1,6.253409249946975e-05,0.0008163192967531547
4924,Dupont St at Christie St,2,1,1,0.00010600734826394844,0.003962716356378628
4926,Sheppard Ave West at Northwood Park,4,2,2,0.00015997807416489926,0.0016290940025521054
4927,Harbord St at Spadina Ave,2,1,1,9.533074851179744e-05,0.0033789550517538606
4929,South Service Rd at Transway Cres,3,1,2,4.737476505820738e-05,0.0030090350631411
4930,Roncesvalles Ave at Fermanagh Ave,2,1,1,0.00010016841913486002,0.0016284061831169443
4932,Sheppard Ave West at Bathurst St East Side,4,2,2,0.00013844299642050382,0.025606826586795216
4934,Pharmacy Ave at Eglinton Sq (East Entrance),2,1,1,8.250393767017996e-05,0.0029754317088696077
4935,Drewry Ave at Yonge St,2,1,1,0.00011062853171393727,0.0
4936,Attwell Dr at McLachlan Dr North Side,2,1,1,0.00011978302585512966,0.003077901654752035
4937,McCowan Rd at Meldazy Dr (North),2,1,1,0.00010334657921299133,0.0014031263292216079
4938,Warden Ave at Cachet Pkwy (South),2,1,1,0.00011062853171393727,0.006932156529136538
4939,Elmhurst Dr at Muncey Ave,2,1,1,8.187376265413008e-05,0.0
4940,Pharmacy Ave at Dolphin Dr North Side,2,1,1,0.00010984184949591416,0.005106869417269247
4941,Kingston Rd at Victoria Park Ave,2,1,1,0.00011190088986230332,0.00016005347268639486
4942,361 The West Mall,2,1,1,0.00012881495285174487,0.004153992467172514
4943,Royal York Rd at Bloor St West,3,1,2,0.00014281738177071476,0.0022203317737133138
4944,Sheppard Ave East at Kingston Rd North Side,5,3,2,0.0002068695152185829,0.0020950263133752006
4946,125 Milner Ave,2,1,1,7.990911213883768e-05,0.002110272224585283
4947,Marlee Ave at Glencairn Ave,2,1,1,0.0001000686758490047,0.0009243407060825181
4948,McCowan Rd at Denison St,2,1,1,0.00011062853171393727,0.009646427052318163
4949,Don Mills Rd at Havenbrook Blvd,4,2,2,0.00018443430296538434,0.03483369436476492
4950,Warden Ave at Carlton Rd,2,1,1,0.00010068647114262045,0.007334113143343258
4951,Overlea Blvd at Thorncliffe Park Dr (West),4,2,2,0.00017186797683137555,0.05453854454797084
4952,College St at Spadina Ave,2,1,1,0.00010707142030871592,0.00447667655482785
4953,Middlefield Rd at Walkway to Buckhurst Cres,2,1,1,0.00011062853171393727,0.00485431731178222
4955,Kipling Ave at Evans Ave,3,1,2,0.0001232815858679426,0.0
4956,Meadowvale Rd at Generation Blvd,2,1,1,0.00010020739543848659,0.0007854813554515809
4957,Carlton St at Church St,2,1,1,0.00010037152478803142,0.004198334070952666
4958,Sheppard Ave East at Scunthorpe Rd West Side,2,1,1,0.00013109187131454827,0.00010048915355168014
4959,Bathurst St at Sheppard Ave West,2,1,1,0.00011991560582633913,0.002575499787324543
4961,Jane St at Stong Crt,2,1,1,7.309840095025329e-05,0.00020097830710336028
4962,Leslie St at McNicoll Ave,2,1,1,0.00011136093755412704,0.0007060825180774139
4963,Islington Ave at Fletcher Place,2,1,1,0.00013877379013318907,0.0
4964,Progress Ave at Brimley Rd West Side,2,1,1,4.497752919930418e-05,0.002194967377103968
4965,Glencairn Ave at Haven Rd,2,1,1,0.00010181355691434864,0.007871459446321206
4967,Kipling Ave at Penlea Ave,2,1,1,9.762451520651372e-05,0.000703424074861761
4968,Wilson Ave at Avenue Rd,4,2,2,0.00013445706389581203,0.13305151148413766
4969,Varna Dr at Lawrence Ave West North Side,2,1,1,0.00010254702585572048,0.004019566142067206
4970,Kingston Rd at Victoria Park Ave,2,1,1,9.802073457424948e-05,0.0031874734155678437
4971,Queens Quay West at Bathurst St East Side Billy Bishop Airpo,2,1,1,6.997750031926639e-05,0.004076532782402625
4972,Spadina Rd at Dupont St - Dupont Station,2,1,1,0.00011062853171393727,0.0066517974794240205
4973,Faywood Blvd at Invermay Ave,2,1,1,0.00011062853171393727,0.01098628243300723
4974,Brimley Rd at Pitfield Rd,2,1,1,0.00011062853171393727,0.0
4975,Belfield Rd at City View Dr,2,1,1,8.784336407765758e-05,0.0010245671526058688
4976,Millwood Rd at Southvale Dr,2,1,1,9.70906778073131e-05,0.00528112177508851
4977,Carlingview Dr at Disco Rd South Side,2,1,1,0.00013188977959242428,0.001539076328192533
4978,Barber Greene Rd at Broadpath Rd West Side,2,1,1,5.7043208340481195e-05,0.004236774762880676
4979,College St at Dufferin St,2,1,1,0.00011062853171393727,0.0024900184605741024
4980,2395 Bayview Ave - Bob Rumball Centre For The Deaf,4,2,2,7.939448127039365e-05,0.011865028306090623
4981,Thistle Down Blvd at Bentwick Cres (East),2,1,1,9.185218548728443e-05,0.005230752871118673
4982,Danforth Ave at Carlaw Ave,2,1,1,0.00010618742920757873,0.00644906046713874
4983,Birchmount Rd at Ferguson Gate,2,1,1,0.00011062853171393727,0.0003014674606550404
4984,North Queen St at Index Rd,2,1,1,8.70617763151502e-05,0.00010421097405359422
4985,Progress Ave at Cosentino Dr,2,1,1,7.5156616403466e-05,0.0001999149298170991
4986,Morningside Ave at Tefft Rd,2,1,1,0.00012476187128328376,0.0
4987,Van Horne Ave at Houston Cres (West),2,1,1,6.298206431663389e-05,0.0017997306110874808
4988,Islington Ave at Princess Margaret Blvd South Side,2,1,1,0.00012088829893478387,0.0003014674606550404
4989,Don Mills Rd at Gateway Blvd (South) North Side,4,2,2,0.00010317189841276052,0.05202095804911097
4990,Grantbrook St at Finch Ave West North Side,2,1,1,0.00010010100161819758,0.003108783496384517
4992,Hullmar Dr at Peter Kaiser Gate,2,1,1,6.893935002538357e-05,0.0007996597192683965
4993,Park Lawn Rd at Lake Shore Blvd West,2,1,1,0.00011763715476496487,0.0030145859917765495
4994,Lansdowne Ave at Bloor St West,2,1,1,0.00011062853171393727,0.0019092939174819227
4995,Duncan Mill Rd at Don Mills Rd West Side,2,1,1,0.00010583493515198451,0.005432262866865164
4996,Dundas St West at East Mall Cres West Side,2,1,1,6.390085935742103e-05,0.021098265667416658
4997,Pharmacy Ave at Stamford Sq,2,1,1,9.854601657618463e-05,0.0024729859411112072
4998,Church St at Rosemount Ave,2,1,1,5.031474709542308e-05,0.0019378928588307577
4999,Donlands Ave at Elmsdale Rd,2,1,1,7.026256294406492e-05,0.004384785602884285
5000,Kipling Ave at Lake Shore Blvd West,2,1,1,0.00011626538750465822,0.0
5001,Dundas St East at River St,2,1,1,6.378791840722212e-05,0.005387793581582899
5002,Midland Ave at Huntingwood Dr,2,1,1,9.355290531201971e-05,0.0025416217875715206
5003,Dundas St West at Dufferin St,2,1,1,0.00010812978206006145,0.009051534976673214
5004,Warden Ave at Bamburgh Cir (South),2,1,1,0.00011285464195477256,0.00020097830710336028
5005,Harbord St at Brunswick Ave,2,1,1,9.548647413281982e-05,0.0032784658982021805
5006,Bathurst St at Queen St West,3,1,2,0.00011874746158080702,0.001537354924955946
5008,Queen St East at Carroll St,4,2,2,0.00017801581908783194,0.016828743684620857
5009,Birchmount Rd at Walkway to River Grove Dr,2,1,1,0.00017341519649999643,0.004016056997022543
5010,Lake Shore Blvd West at Thirty Seventh St,3,2,1,0.00012543350582471083,0.01116629312131226
5011,John Garland Blvd at Jamestown Cres (East),2,1,1,7.613635098260453e-05,0.003961608942672736
5012,Morningside Ave at Morningside Park,3,2,1,0.00013396421679716814,0.004043226286686516
5013,Neilson Rd at Sewells Rd,2,1,1,0.00010568987307232449,0.0018087668633074855
5014,Royalcrest Rd at Martin Grove Rd West Side,2,1,1,2.3099212646924514e-05,0.0012991280306252659
5015,Royal York Rd at Mimico Ave,2,1,1,8.525942610774045e-05,0.000901409194884765
5016,Midland Ave at Park St,2,1,1,9.530025182714606e-05,0.0014766765915213385
5018,McCowan Rd at Sheppard Ave East,5,3,2,0.0003759596894481137,0.03305976336154984
5019,Military Trail at Lash Crt,2,1,1,5.401402412531368e-05,0.001406848149723522
5020,Renforth Dr at Convair Dr,4,2,2,9.335834441581773e-05,0.0013063589961718417
5021,Warden Ave at Fairfax Cres,4,2,2,0.00011955065621127882,0.010533939458386501
5022,Wineva Ave at Williamson Rd South Side,2,1,1,0.00011420616450444579,0.0009139727775414717
5023,McNicoll Ave at Hutchcroft Ave East Side,2,1,1,0.00011062853171393727,0.00527328796256912
5025,1360 Birchmount Rd,2,1,1,0.00011062853171393727,0.0014224797958315612
5026,Lawrence Ave East at Overture Rd West Side,2,1,1,0.0001270053702678684,0.0
5027,Sentinel Rd at Fountainhead Rd,2,1,1,8.418889150172611e-05,0.0008948319863887708
5029,Sheppard Ave West at Bathurst St,2,1,1,0.00014983582468762756,0.0
5030,York Mills Rd at Highland Cres,2,1,1,0.00014288555032748008,0.00040195661420672056
5031,170 Nugget Ave,2,1,1,0.00011569731813268502,0.006728771990096959
5032,Bathurst St at Steeles Ave West,2,1,1,0.00011062853171393727,0.00010048915355168014
5033,Sheppard Ave West at Oakdale Rd,3,2,1,0.00018933867778092716,0.0019849926852532123
5034,Yonge St at Cummer Ave,2,1,1,0.00024381164985335724,0.009802773666595113
5035,Martin Grove Rd at Vulcan St South Side,2,1,1,9.17451714976169e-05,0.0034830923011484475
5036,Warden Ave at Enterprise Blvd,2,1,1,0.00011062853171393727,0.005324330072309656
5037,Mountcastle Gate at Steeles Ave East,2,1,1,4.7732095056573225e-05,6.401531263292217e-05
5038,Ellesmere Rd at Markham Rd,3,1,2,0.00018392131757111305,0.01625279553548344
5039,Sheppard Ave East at Maris Shepway,2,1,1,0.00010151719506212533,0.010521797335480343
5040,Warden Ave at Kingston Rd North Side,2,1,1,7.069100631865746e-05,0.0003705869842620162
5041,Lansdowne Ave at Paton Rd,2,1,1,0.00011062853171393727,0.003919076988515525
5042,Avenue Rd at Roselawn Ave South Side,2,1,1,0.00011062853171393727,0.0
5043,Queen St West at O'Hara Ave,2,1,1,0.00011062853171393727,0.004244529422714848
5044,Scarlett Rd at Alma Dr,2,1,1,7.59275060895335e-05,0.002001586204452006
5045,Rathburn Rd at Kipling Ave West Side,4,2,2,0.00013941040611948542,0.013456535135076183
5046,Roncesvalles Ave at Boustead Ave South Side,3,2,1,0.00011466721233393024,0.005177251022702426
5047,Jane St at Sheppard Ave West,5,2,3,0.00019021088101935817,0.0267958609289481
5048,Finch Ave West at Yonge St - Finch Station,3,1,2,0.0001160114645970397,0.002023961434850418
5049,Lawrence Ave West at Royal York Rd  East Side,3,2,1,0.00012733973884003597,0.0007895576350489153
5050,151 Norfinch Dr,2,1,1,9.887158774855864e-05,0.0011001878633205729
5051,Bellamy Rd North at Lawrence Ave East,2,1,1,8.731975246172038e-05,0.0010048915355168014
5052,Judson St at Magnificent Rd,2,1,1,0.00011634716539168344,0.008589258739811697
5053,Gerrard St East at Prust Ave,2,1,1,0.00011178070845250108,0.003830639444208139
5054,Neilson Rd at Tapscott Rd,2,1,1,9.384528081909189e-05,0.0038772951226428475
5055,Lawrence Ave West at Marlee Ave,3,1,2,0.00013336661237741337,0.005174944329071483
5056,Jane St at Falstaff Ave,4,2,2,0.00015239362206328458,0.02554844848034466
5059,Coxwell Ave at Dundas St East,2,1,1,8.466251408275924e-05,0.014403800952344123
5060,Marlee Ave at Wenderly Dr South Side,2,1,1,8.599101931324734e-05,0.0007739107978367867
5061,9350 Markham Rd,2,1,1,0.00011062853171393727,0.0014064366921805968
5062,Sheppard Ave West at Buckland Rd,2,1,1,9.979839510629342e-05,0.00020097830710336028
5063,Arleta Ave at Grandravine Dr,2,1,1,8.659475957874428e-05,0.0011000638026371758
5064,Laird Dr at Kenrae Rd,2,1,1,0.00011071100001836272,0.010774114780016528
5066,Jane St at Milo Park Gate,2,1,1,7.152399666033414e-05,0.00030040408336877927
5067,Spadina Ave at Dundas St West North Side,2,1,1,0.00011075544931280209,0.0017035304125903872
5068,Weston Rd at Gaydon Ave,2,1,1,5.986816216724822e-05,0.004707349709343542
5069,Bloor St West at Jane St,2,1,1,8.814776435446908e-05,0.0052467747407522105
5070,Bloor St West at Runnymede Rd,2,1,1,7.950347834559453e-05,0.005447753047855571
5071,Lawrence Ave East at The Donway East,3,2,1,0.00019648337736873344,0.03514358204087736
5073,Bloor St West at Clendenan Ave,2,1,1,7.400802013419699e-05,0.005548242201407251
5074,Dawes Rd at Park Vista,2,1,1,0.00010334497844251701,0.0016946689352048774
5075,Morningview Trail at Old Finch Ave South Side,2,1,1,0.00010818233643416236,0.003030616404366936
5077,Davisville Ave at Yonge St East Side,2,1,1,0.00015714247585919808,0.013426943082131106
5078,Dovercourt Rd at Hallam St,2,1,1,9.810735127910319e-05,0.001466928966397278
5079,Prince Edward Dr South at Glenaden Ave East,2,1,1,0.00014398614180275105,0.023220098792559138
5081,Sutherland Dr at Bessborough Dr,2,1,1,9.173181903106482e-05,0.010582763300477905
5083,Pharmacy Ave at Ellesmere Rd South Side,2,1,1,0.00011062853171393727,0.006027754147171416
5084,Peckham Ave at Pleasant Ave South Side,2,1,1,0.00011062853171393727,0.0019029136537643556
5085,Anglesey Blvd at Royal York Rd West Side,2,1,1,4.661986792107339e-05,0.001017297603856515
5086,Glencairn Ave at Bathurst St,2,1,1,0.00011062853171393727,0.006062654682390964
5087,King St East at River St,2,1,1,0.00011625515325565307,0.009670028808907282
5088,Keele St at Victory Dr,3,1,2,0.00017072351843539643,0.03983618072360589
5089,Sewells Rd at Empringham Dr,2,1,1,0.00010665539528793155,0.005886945271515667
5091,Don Mills Rd at Godstone Rd,4,2,2,0.00018982053848949252,0.030033615195700376
5092,Bathurst St at Southbourne Ave,3,2,1,0.00011801299773983364,0.010011697150148872
5093,Leslie St at Denlow Blvd,2,1,1,0.000113880250357606,0.002122170771947463
5094,Steeles Ave East at Birchmount Rd,4,2,2,0.00016189929767159282,0.015354310268043785
5095,Wilson Ave at Yonge Blvd,2,1,1,0.0001494113567492642,0.02148056154489431
5096,Warden Ave at Ionson Blvd,2,1,1,7.604806361405603e-05,0.000270097830710336
5097,Islington Ave at Fairway Rd,2,1,1,0.00011023689418415889,0.00010048915355168014
5098,Sheppard Ave West at Arrow Rd West Side,2,1,1,9.47512812966365e-05,0.0021088569392349703
5099,Wilson Ave at Faywood Blvd,5,1,4,0.0001371128914657244,0.02960921463986648
5100,Ossington Ave at Hepbourne St,5,3,2,0.00017658000867301407,0.01093381591644217
5101,Ironside Cres at McNicoll Ave North Side,2,1,1,2.4519683605111784e-05,0.0006029349213100808
5102,Victoria Park Ave at Sloane Ave,2,1,1,0.00011228019593769175,0.0
5103,McNicoll Ave at Myers Lane,2,1,1,0.00010250817545485227,0.006376595065929392
5104,Sheppard Ave East at Shaughnessy Blvd,3,1,2,0.00010726734281398445,0.013498821423507727
5105,Islington Ave at Rowntree Mill Rd South Side,2,1,1,0.0001041982697987278,0.004331614479381387
5106,Church St at Pine St,2,1,1,7.912842048929329e-05,0.0015359362446240373
5108,Marlee Ave at Stayner Ave,2,1,1,9.359762806889063e-05,0.0011253190131858784
5109,Keele St at Annette St,2,1,1,0.0001783027922263621,0.000703424074861761
5110,3200 Pharmacy Ave,2,1,1,0.00011062853171393727,0.0008039132284134411
5111,Brimley Rd at Progress Ave,2,1,1,0.00011062853171393727,0.0
5113,Pharmacy Ave at Lawrence Ave East,2,1,1,0.00011062853171393727,0.005424819225861336
5114,Wilson Ave at Ridley Blvd,2,1,1,0.00013374361532597566,0.0
5115,Kennedy Rd at Eglinton Ave South Side,2,1,1,5.0542925597782405e-05,0.011665615156560472
5116,Walsh Ave at Weston Rd East Side,3,1,2,0.0002331431465621749,0.09578143530698793
5117,Queen St East at Greenwood Ave,2,1,1,0.00016036151496214997,0.001260619962767985
5118,Kingston Rd at Birchcliff Ave,3,1,2,0.00017025270410124302,0.004067038563074405
5119,Norfinch Dr at Steeles Ave West South Side,2,1,1,1.9372641184218726e-05,0.0015173455600870716
5120,Opposite 100 Antibes Dr,2,1,1,0.00011062853171393727,0.0010048915355168014
5121,Victoria Park Ave at Hare Gate,2,1,1,0.00012091542804117564,0.004907539344959592
5122,Dundas St West at Sorauren Ave,2,1,1,0.00019054929097003795,0.004963626589158278
5123,Rogers Rd at Dufferin St,2,1,1,8.382711103769564e-05,0.0008039132284134411
5125,Parliament St at Carlton St,2,1,1,9.308247955044e-05,0.0012731664337364043
5126,Lawrence Ave West at Chatsworth Dr,2,1,1,0.00010390566467640168,0.009115123250491177
5127,Weston Rd at Finch Ave West South Side,3,2,1,0.00014234885947679183,0.004365271237975008
5128,Gerrard St East  at Glenmount Park Rd,2,1,1,0.00010464480383965276,0.004119589435093476
5130,Warden Ave at Lowcrest Blvd,2,1,1,9.294817937041984e-05,0.0003014674606550404
5131,Wilson Ave at Clayson Rd,4,2,2,0.00018372685278690416,0.09547996784633289
5133,Lawrence Ave East at Fern Meadow Rd,2,1,1,0.00010979720480838463,0.0032377002693889127
5134,Cummer Ave at Silverview Dr,2,1,1,0.00011062853171393727,0.004872483340422516
5136,250 Norfinch Dr,2,1,1,4.471659519854693e-05,0.0013163672529837114
5137,Dundas St West at Spadina Ave,2,1,1,0.00010544237131957884,0.0040814345854110565
5139,Dundas St West at Islington Ave,2,1,1,9.68765254833951e-05,0.012324587055153834
5140,Carlaw Ave at Commissioners St North Side,3,2,1,0.00010440830258402514,0.01485444574566225
5141,Bayview Ave at Ruth Ave,2,1,1,0.00010919494070619031,0.00812951935346661
5142,Steeles Ave East at Ferrier St,2,1,1,0.00014941452463004812,0.00010048915355168014
5143,Yonge St at Merton St North Side,2,1,1,0.0001357787204582819,0.009349124486034314
5144,Parliament St at King St East,2,1,1,9.077808949044334e-05,0.005643682827168577
5145,Roncesvalles Ave at Boustead Ave North Side,2,1,1,0.00010421159336756431,0.001326938722461904
5146,Harbord St at Ossington Ave,2,1,1,0.00010515628031190882,0.00277602013044378
5147,Spadina Rd at Dupont St - Dupont Station,2,1,1,0.00011062853171393727,0.010586825127233464
5148,166 Norfinch Dr,2,1,1,5.461633827840997e-05,0.0012158780994320313
5149,Opposite 2111 Lake Shore Blvd West,3,2,1,0.00011240150682890988,0.002745821835108919
5151,Greenwood Ave at Queen St East North Side,2,1,1,5.288393840404186e-05,0.0022648163901885718
5153,1150 Finch Ave West,2,1,1,0.00010966040535782899,0.006047634238723136
5154,Albion Rd at Humberline Dr East Side,2,1,1,0.00011062853171393727,0.006321777966822629
5155,Lake Shore Blvd West at Twenty Eighth St,2,1,1,0.0001195138184058371,0.005606596270058626
5156,1290 Danforth Rd,2,1,1,0.00011331050765523749,0.0051371756699276905
5157,100 Norfinch Dr,2,1,1,8.130487298707744e-05,0.0008139214852253108
5159,McCowan Rd at Middlefield Rd,3,1,2,0.00010887191365951428,0.017124716432723664
5160,Bathurst St at Lyonsgate Dr,2,1,1,0.00011062853171393727,0.001972564866014462
5161,Westhumber Blvd at Martin Grove Rd East Side,4,2,2,8.544361598861969e-05,0.09027274343270392
5162,Sheppard Ave East at Bay Mills Blvd,2,1,1,9.040023420816995e-05,0.0
5163,Eglinton Ave West at Old Forest Hill Rd East Side,2,1,1,9.396772388342079e-05,0.014895109367194665
5165,McLevin Ave at Greenspire Rd,2,1,1,0.00010037325881121279,0.0069832163618318436
5166,Bellamy Rd North at Eglinton Ave East North Side - Eglinton,2,1,1,4.2303337042589196e-05,0.0017083156103785623
5168,Vaughan Rd at Humewood Dr,2,1,1,0.00010214284284031322,0.008177263049058227
5169,Steeles Ave West at Rossdean Dr,2,1,1,0.00010419493989815036,0.003432560992282919
5170,Christie St at Yarmouth Rd South Side,2,1,1,9.448570386287266e-05,0.0013106125053168865
5171,Islington Ave at The Kingsway,2,1,1,0.00011096255077877758,0.00010048915355168014
5172,Markham Rd at 16Th Ave,2,1,1,0.00011062853171393727,0.006037324542747767
5173,1051 Martin Grove Rd @ Highway 409,2,1,1,0.00010166777980686223,0.007525867808333179
5174,Upper Canada Dr at Normandale Cres (West),2,1,1,0.00011062853171393727,0.000703424074861761
5175,Sheppard Ave West at Min Ave,2,1,1,0.00017829785273388215,0.006862197745415489
5177,Leslie St at Sheppard Ave East,2,1,1,0.00010402439012289599,0.001383569048631788
5178,Lake Shore Blvd West at Tenth St,3,2,1,0.0001738045200985212,0.006713986955905288
5179,McNicoll Ave at Morbank Dr,2,1,1,0.00012356123155858798,0.005976712037430881
5180,Queen St East at Sarah Ashbridge Ave,2,1,1,7.684247075981062e-05,0.0008039132284134411
5182,Bathurst St at Ellerslie Ave North Side,2,1,1,0.00011232837362457727,0.009006805614632072
5183,Parliament St at Adelaide St East,2,1,1,0.0001002995369895979,0.0005697423588746429
5185,1245 Dupont St,2,1,1,0.00011062853171393727,0.010041941757747244
5186,Yonge St at Elmwood Ave,2,1,1,0.00013204398747240144,0.004920051751027932
5187,St Clair Ave East at Maybourne Ave,2,1,1,8.807766244183464e-05,0.01048193072126034
5188,Gerrard St East  at Kingsmount Park Rd,2,1,1,0.00011667042712261392,0.00463455267262158
5190,Bathurst St at Mcallister Rd North Side,2,1,1,0.00011439334232413829,0.009408762228838793
5191,700 Arrow Rd,2,1,1,0.00011666503337410413,0.0055104654047922865
5192,Sherbourne St at Maple Ave,2,1,1,0.00011187597127874203,0.002210761378136963
5193,636 Finch Ave East (Plaza),2,1,1,9.694802971870376e-05,0.0003014674606550404
5194,Curity Ave at Cranfield Rd,2,1,1,7.755365598854472e-05,0.002459272649936198
5195,Moore Ave at Lumley Ave,2,1,1,9.733342787367829e-05,0.00023054019566142068
5196,Keele St at Glenlake Ave,5,1,4,0.0001554159055277472,0.00040195661420672056
5197,Dufferin St at Preston Rd South Side,2,1,1,0.00010104676476446712,0.00020097830710336028
5198,Drewry Ave at Fairchild Ave,2,1,1,0.00011062853171393727,0.00020097830710336028
5199,The Donway East at Wingreen Crt South Side,2,1,1,0.00010850947435665217,0.0007842407486176096
5200,Eglinton Ave East at Kingston Rd West Side,2,1,1,0.0001668090265031493,0.00010048915355168014
5201,80 Cosburn Ave,2,1,1,0.00011801367350879643,0.005548805104579244
5202,Cosburn Ave at Glebemount Ave,2,1,1,9.455275150496714e-05,0.0031151637601020844
5203,St Clair Ave East at Welland Ave,2,1,1,8.789002965236655e-05,0.0005320076563164611
5204,44 Kodiak Cres,2,1,1,0.00011062853171393727,0.0003014674606550404
5205,Christie St at Dupont St,2,1,1,9.17294088817481e-05,0.0014111016588685666
5206,Varna Dr at Ranee Ave South Side,2,1,1,6.361373204975408e-05,0.00020097830710336028
5207,Spadina Ave at Sullivan St North Side,2,1,1,0.00011351933797527016,0.0018040195661420673
5208,Kennedy Rd at Lovering Rd,2,1,1,0.000103506780409783,0.0011005954912803064
5209,Bloor St West at The East Mall,2,1,1,0.00011062853171393727,0.004754739242789873
5210,Greenwood Ave at Gerrard St East,2,1,1,7.949316477579401e-05,0.0018628597759818516
5211,Humberline Dr at Claireville Dr (North),2,1,1,9.806104411924559e-05,0.005633241173968525
5212,Dovercourt Rd at Hallam St,2,1,1,7.6246263747912e-05,0.00397088490281519
5213,Gateway Blvd at Sunny Glenway (West),2,1,1,0.00010028142030123929,0.003902062951935347
5214,Queens Quay West at Dan Leckie Way West Side,2,1,1,7.25596020877751e-05,0.009836315853436226
5215,Opposite 2900 Warden Ave - Bridlewood Mall,2,1,1,0.00011690234377420081,0.00020097830710336028
5216,Norfinch Dr at Walkway to Shoreham Dr,2,1,1,0.00010064671883267963,0.0010052566818211292
5217,Lake Shore Blvd West at Miles Rd,2,1,1,9.938086408946701e-05,0.00039896342712636445
5218,Queen St East at Parliament St,2,1,1,0.00011062853171393727,0.0011532834663941533
5219,Queen St East at River St,2,1,1,0.00011062853171393727,0.005584458775986894
5220,Weston Rd at Church St,4,2,2,0.00012696520515312085,0.023924520658943394
5221,Pleasant Blvd at Avoca Ave,3,2,1,0.00016151955789269718,0.002665522270158595
5222,Senlac Rd at Sheppard Ave West,2,1,1,0.00011062853171393727,0.004732560612505317
5223,Don Mills Rd at The Donway East (North),2,1,1,8.21366359274145e-05,0.0005024457677584007
5224,Pape Ave at Floyd Ave,2,1,1,9.079394524516454e-05,0.017497910839573957
5225,Ellesmere Rd at Birchmount Rd,4,2,2,0.00012917647069325024,0.0976396528093701
5228,53 St Regis Cres (South),2,1,1,6.911404971925424e-05,0.001012772797173052
5229,Islington Ave at Aylesbury Rd,2,1,1,0.00011087869245097033,0.0
5230,Coxwell Ave at Sammon Ave,2,1,1,0.00010544209252316017,0.012767972226979032
5232,Barber Greene Rd at Don Mills Rd West Side,2,1,1,3.647932857597131e-05,0.004437753069984036
5233,Glencairn Ave at Dalemount Ave,2,1,1,0.00011062853171393727,0.006263632989494324
5234,Islington Ave at Fairway Rd North Side,2,1,1,0.0001138286231127582,0.00020097830710336028
5235,Brimley Rd at Finch Ave East,2,1,1,9.840973798819794e-05,0.0010048915355168014
5236,1919 Albion Rd,2,1,1,0.00011062853171393727,0.006221288813270949
5237,Sheppard Ave West at Rivalda Rd,3,2,1,0.00010267914308283719,0.0052615072241512
5238,Bathurst St at Lawrence Ave West,2,1,1,0.00012081774553654665,0.0013095491280306253
5239,Danforth Ave at Sibley Ave,3,2,1,0.00016452530657896206,0.015818928699867882
5240,Dundas St West at Willard Ave West Side,2,1,1,0.00011350315967970678,0.007057481139044976
5242,Opposite 15 Fenmar Dr,2,1,1,0.00011062853171393727,0.004930880476393025
5243,Middlefield Rd at McNicoll Ave,2,1,1,0.00011397927005409205,0.005457252233092302
5244,Lawrence Ave East at Howden Rd,2,1,1,9.391713247101761e-05,0.00010048915355168014
5247,Brimley Rd South at Kingston Rd South Side,2,1,1,4.8941932312063323e-05,0.008434226098432807
5248,Huntingwood Dr at Brimley Rd,2,1,1,7.974967806466756e-05,0.0017337480504749751
5250,Scarborough Golf Club Rd at Brimorton Dr,2,1,1,6.883583950443335e-05,0.0007156529136537644
5251,Midland Ave at Kilcullen Castle Gate South Side,2,1,1,7.497624678659465e-05,0.0030440675553299215
5252,Millwood Rd at Village Station Rd,4,2,2,0.00013399056299041387,0.012851046160701629
5253,Yonge Blvd at Esgore Dr South Side,2,1,1,2.4469298273789767e-05,0.005710561592101362
5254,McCowan Rd at Brimorton Dr,2,1,1,0.00010140995943882917,0.001503615482773288
5255,Martin Grove Rd at Eglinton Ave West North Side,3,2,1,0.00020163543939498023,0.009628164703271503
5257,Kipling Ave at Farr Ave North Side,2,1,1,0.00010191279393427437,0.0005024457677584007
5258,Bayview Ave at Heathcote Ave,2,1,1,9.30721282270581e-05,0.004962215926353527
5259,Lawrence Ave West at Duval Dr,2,1,1,0.00011771781238372649,0.0
5260,1050 McNicoll Ave,2,1,1,0.00010944714703406446,0.002545282149439954
5261,Kennedy Rd at Purcell Sq South Side,2,1,1,9.316227345554557e-05,0.0019045087196937474
5263,Baldoon Rd at Crow Trail,2,1,1,7.606989814308531e-05,0.0008887175669927691
5264,Wilson Heights Blvd at Clifton Ave,2,1,1,7.487925351230758e-05,0.007139865175761156
5265,Woodbine Ave at Gerrard St East,2,1,1,0.00011812588509501677,0.005933645257337304
5266,Sheppard Ave West at Laura Rd,2,1,1,0.0001309772400289454,0.012875139068566332
5267,Danforth Ave at Linnsmore Cres,2,1,1,0.00010186834573390672,0.01198880863371874
5268,Lake Shore Blvd West at Third St,2,1,1,0.00012176997129812668,0.005630051042109741
5269,Steeles Ave East at Brimley Rd,4,2,2,0.00010979041441026296,0.006593676495181174
5271,York Mills Rd at Bayview Ave West Side,5,2,3,0.00019050267899396273,0.15046779350807923
5272,Danforth Rd at Warden Ave,2,1,1,8.738002513168145e-05,0.0027569964484197114
5273,230 Ian MacDonald Blvd,5,4,1,0.00013094789565497745,0.0030762218634666537
5274,Windermere Ave at Coe Hill Dr,2,1,1,0.0001049185079768076,0.0015004841305634937
5275,Glenorchy Rd at Saintfield Ave South Side,2,1,1,7.639270556428936e-05,0.00559645338356525
5276,Eglinton Ave West at Elmsthorpe Ave,2,1,1,0.00010070907029073194,0.014493152752987945
5277,Willowdale Ave at Centre Ave,2,1,1,8.283754797497282e-05,0.001956082518077414
5278,Sheppard Ave East at Birchmount Rd,3,2,1,0.00016135532527941925,0.045935495047441134
5279,Wilmington Ave at Codsell Ave,2,1,1,7.876510249257704e-05,0.0075537005529561895
5280,Markham Rd at Kingston Rd,3,2,1,0.00011915685496892615,0.010818437189848292
5281,Humber College Blvd at Finch Ave West South Side,2,1,1,0.0001275206855453755,0.0027097511697150144
5282,Birchmount Rd at Denison St,2,1,1,0.00011062853171393727,0.00040195661420672056
5283,Markham Rd at McNicoll Ave,3,2,1,0.0001674723821576383,0.018217888833194477
5284,Willowdale Ave at Silverview Dr,2,1,1,9.811768111504804e-05,0.0011298383666524883
5285,Rockcliffe Blvd at Caesar Ave North Side,2,1,1,8.934945864027551e-05,0.005237133134836241
5286,Islington Ave at Aviemore Dr,2,1,1,0.00010604465170902818,0.004130636172278027
5287,Chesswood Dr at Vanley Cres (South),2,1,1,7.886426575414885e-05,0.0014012654189706508
5288,Faywood Blvd at Clanton Park Rd,2,1,1,0.00011062853171393727,0.010785304125903871
5289,Horner Ave at Beta St,2,1,1,0.00010222839409077141,0.0002705231816248405
5290,Sheppard Ave East at Vandorf St,2,1,1,0.00010025053308572104,0.0014190769885155253
5291,Lawrence Ave East at Blaine Dr,2,1,1,6.537318750233451e-05,0.0031172398776609755
5293,Shaw St at King St West North Side,4,3,1,0.00010906263513650664,0.006845237918185601
5294,Yonge St at St Clair Ave East - St. Clair Station,3,2,1,0.00014544191480835218,0.009550102793137673
5296,Jane St at Weston Rd,3,1,2,0.0001448988652322322,0.019258036469246998
5297,Avenue Rd at Lawrence Ave West,2,1,1,9.511419950730048e-05,0.002813696299447044
5299,Vaughan Rd at Louise Ave,2,1,1,9.369190956588671e-05,0.008478730509713267
5301,King St East at Parliament St,2,1,1,0.00016094718289596364,0.007932106736073134
5302,Yonge St at Glengrove Ave East,2,1,1,0.00010945082531935144,0.007034045796115129
5303,Parkside Dr at High Park Blvd,2,1,1,0.00011062853171393727,0.0029732028923862186
5305,Donlands Ave at Millwood Rd,2,1,1,0.00011216241059420923,0.0015537714447752728
5306,Weston Rd at Craydon Ave,2,1,1,8.510230271101846e-05,0.0
5307,Royal York Rd at Trehorne Dr South Side,2,1,1,9.490210152750654e-05,0.0034314507385259504
5308,Senlac Rd at Elmhurst Ave South Side,2,1,1,0.00011062853171393727,0.004833049766056997
5309,King St West at Dowling Ave,2,1,1,0.00012472425665277092,0.005177206715315498
5310,Finch Ave West at Highway 27 West Side,3,2,1,0.00017156718592682007,0.005630782113994044
5311,90 Commander Blvd,2,1,1,5.239738105065782e-05,0.0021357046646816955
5312,Victoria Park Ave at Lawrence Ave East,4,2,2,0.00013231445343348615,0.01993343751821574
5313,Leslie St at Rippleton Rd,2,1,1,0.0001133909845967862,0.0020216816183957825
5314,College St at Bathurst St,2,1,1,0.00010658353407562516,0.004778144015482891
5315,The Queensway at The East Mall,2,1,1,8.455513418844634e-05,0.0054329915002867225
5316,Avenue Rd at Boswell Ave,2,1,1,0.00014016051039568444,0.0011564227988090175
5317,Dawes Rd at Dentonia Park Ave,2,1,1,0.00010828055035914813,0.007600311924003972
5318,Belfield Rd at McCulloch Ave,2,1,1,8.500279037490418e-05,0.0011452213422529442
5319,Corporate Dr at Lee Centre Dr (West),4,2,2,7.395217940051915e-05,0.03518386572737431
5320,Bay St at Queen St West,2,1,1,9.436889498868448e-05,0.003523009848509636
5321,Teak Ave at Carnforth Rd,2,1,1,0.00011062853171393727,0.0006504678860059549
5322,Kingston Rd at Manse Rd,2,1,1,8.531164688778311e-05,0.002280058131291649
5323,Bay St at Grosvenor St,2,1,1,0.0001054092083338938,0.002819585773647875
5324,O'Connor Dr at Derwyn Rd,2,1,1,8.241470724975716e-05,0.006623334042251525
5325,Dufferin St at Lawrence Ave West North Side,4,2,2,0.00014039313623090253,0.0077572121719505826
5326,Dundas St West at Dovercourt Rd,2,1,1,0.0001104969541494231,0.008750067516018175
5327,Martin Grove Rd at Bethridge Rd North Side,2,1,1,0.0001049900196171609,0.0072244003476781395
5328,Kingston Rd at Bellamy Rd South,2,1,1,0.00013325838752481975,0.0003014674606550404
5329,333 Rathburn Rd at Walkway to Alanmeade Cres,2,1,1,0.00011062853171393727,0.007895406826573952
5330,Roywood Dr at Marbury Cres (East),2,1,1,9.404611580353077e-05,0.006236176095278605
5331,Warden Ave at Cass Ave,2,1,1,0.00010936124153705578,0.0
5332,Victoria Park Ave at Amsterdam Ave,2,1,1,0.00011620604623912998,0.0003014674606550404
5334,Sheppard Ave East at Bayview Ave East Side - Bayview Station,2,1,1,0.00010506309974464144,0.014604202112576209
5335,Kipling Ave at Evans Ave North Side,3,2,1,0.00010930463806147991,0.0
5336,Mt Pleasant Rd at Roslin Ave,2,1,1,9.974663400465753e-05,0.0016078264568268822
5338,Queen's Plate Dr West at Janda Crt,3,1,2,7.006349047193312e-05,0.0019386697150148874
5341,Sheppard Ave East at Walkway to Burrows Hall Blvd,2,1,1,0.0001274556466018903,0.0
5342,Dupont St at Spadina Rd West Side - Dupont Station,2,1,1,0.00011104538257235245,0.004364672970585348
5343,Maple Leaf Dr at Jane St,2,1,1,0.00011062853171393727,0.006431305827307529
5344,Markham Rd at Milner Ave,2,1,1,0.0001341099572607307,0.0019265737983836667
5345,Finch Ave East at Middlefield Rd,2,1,1,9.461425118545655e-05,0.001995403689950243
5346,Davean Dr at Woodsworth Rd West Side,2,1,1,0.0001012086031090617,0.005332837090599745
5347,Royalcrest Rd at Leading Rd East Side,2,1,1,3.1273632259880204e-05,0.004109775981851695
5348,Eglinton Ave West at Marlee Ave,7,2,5,0.0002580483336444544,0.029951900175985605
5349,Bloor St West at Mapledawn Rd,2,1,1,7.574971537206105e-05,0.006036792854104635
5350,Lawrence Ave West at Good Shepherd Crt,2,1,1,0.00015479988835533375,0.0
5351,Spadina Rd at Davenport Rd,2,1,1,0.00011062853171393727,0.010486335973681784
5352,Eglinton Ave East at Ionview Rd,2,1,1,0.00010949596170022977,0.005346743302231092
5353,Cosburn Ave at Woodbine Ave,2,1,1,9.92648138782611e-05,0.002914185452998724
5355,Jane St at St Clair Ave West,2,1,1,9.72832339122367e-05,0.0080594023570283
5356,Belfield Rd at Martin Grove Rd,2,1,1,7.901266750137836e-05,0.0012457104958046243
5358,Carlingview Dr at Dixon Rd,2,1,1,0.00012490653668173374,0.0012376088675374926
5359,Victoria Park Ave at Deanvar Ave South Side,2,1,1,0.0001234213119768602,0.0047378774989366235
5360,Scarlett Rd at Eglinton Ave West,2,1,1,0.00012341690274398715,0.0002068268821777967
5361,Gerrard St East at Clonmore Dr,2,1,1,9.049658273084285e-05,0.01169184251343439
5362,Pharmacy Ave at Dewey Dr,2,1,1,0.00011062853171393727,0.005826775840068056
5363,Church St at Uphill Ave,2,1,1,8.376116455609733e-05,0.0014354470910723572
5364,Sheppard Ave West at Magellan Dr,3,2,1,0.00018913250249051256,0.00696268689896717
5365,College St at McCaul St,2,1,1,0.00010535748965014166,0.00427569824772449
5367,Eglinton Ave East at Sutherland Dr,2,1,1,0.00011674593336009236,0.02128532458583396
5368,Brimley Rd at Steeles Ave East North Side,1,1,0,0.00011062853171393727,0.0
5370,Kennedy Rd at Lawrence Ave East,2,1,1,0.00010780091309881958,0.003918013611229264
5371,Warden Ave at Minford Ave North Side,2,1,1,0.00010954650294391625,0.00020097830710336028
5372,111 Cactus Ave,2,1,1,0.00011062853171393727,0.002204381114419396
5373,Victoria Park Ave at Swanwick Ave,2,1,1,0.0001277497174515396,0.0043590493407060825
5374,Danforth Ave at Greenwood Ave,3,2,1,0.00010035812419635282,0.012089297787270421
5375,Donlands Ave at Wolverton Ave,2,1,1,0.00011243348907791166,0.001654260598326953
5376,Warden Ave at Steeles Ave East,4,2,2,0.00011773784901160673,0.017944973447791397
5377,Caledonia Rd at Cartwright Ave,2,1,1,7.923066000113798e-05,0.00014834113143343257
5378,Pritchard Ave at Jane St East Side,2,1,1,6.842672214613273e-05,0.00020854010113899524
5379,Bayview Ave at Byng Ave North Side,2,1,1,0.00011062853171393727,0.003856835237285046
5380,Maple Leaf Dr at Roadway to 290-300 Queens Dr Apartments,2,1,1,0.00016041020203969215,0.006236176095278605
5382,Bingham Loop,3,2,1,0.00011883769723245398,0.006274457677584007
5383,Pharmacy Ave at Stellarton Rd,2,1,1,9.641176178118468e-05,0.0025734750946628873
5385,Vaughan Rd at Maplewood Ave South Side,2,1,1,0.00010485865304938455,0.006143686523838305
5386,Ellesmere Rd at Dundalk Dr West Side,2,1,1,9.901593267179658e-05,0.00010048915355168014
5387,Kennedy Rd at Cornwallis Dr South Side,2,1,1,0.00013245184606379043,0.015100645811812604
5388,Opposite 2791 Victoria Park Ave,3,1,2,0.0001539560973305939,0.00669734256952462
5389,Morning Star Dr at Collett Rd,2,1,1,0.00010412757983525601,0.004934602296894938
5390,Lawrence Ave West at Via Bagnato,2,1,1,0.0001922058190430777,0.0039366414792203555
5391,Lambton Ave at Guestville Ave,2,1,1,9.475884920634973e-05,0.004935665674181201
5392,Mt Pleasant Rd at Lawrence Cres,2,1,1,0.00011062853171393727,0.000703424074861761
5393,Lawrence Ave West at Marlee Ave West Side,6,5,1,0.00022628758674294499,0.004137619786323716
5394,Yonge St at Irwin Ave,2,1,1,0.00010555344005519978,0.004781848149723523
5395,St Clair Ave West at Avenue Rd East Side,3,2,1,0.00012580167691417576,0.0009913334751169714
5396,Royal York Rd at Castlebar Rd South Side,2,1,1,0.00010982176520763821,0.0008990854955338155
5397,Roselawn Ave at Chaplin Cres,2,1,1,0.0001170453159428531,0.018858306309158666
5398,Cosburn Ave at Todmorden Lane,2,1,1,0.00012081038513582612,0.005749783411682604
5399,Markham Rd at Highglen Ave,2,1,1,0.00011062853171393727,0.005032433007230966
5400,Ormskirk Ave at Ripley Ave East Side,2,1,1,9.77580904468571e-05,0.0019948957890259466
5401,Carlaw Ave at Dundas St East,2,1,1,0.00010780963660382589,0.014351999977903849
5403,Warden Ave at Walkway to Seagrave Cres,2,1,1,0.00011279656095069117,0.0003014674606550404
5404,Dixon Rd at Chetta Pl,2,1,1,0.00010622811640312687,0.00010048915355168014
5405,Birchmount Rd at Canadian Rd,2,1,1,0.00011062853171393727,0.0018244364100382814
5407,44 Milner Ave,2,1,1,0.00010604401320756987,0.005020523181624841
5408,Bayview Ave at Byng Ave South Side,2,1,1,0.0001100840293029719,0.0075265844321565295
5409,York Mills Rd at Banbury Rd (East),2,1,1,0.00022764622036599688,0.0
5410,Brimley Rd at Walkway to Goldhawk Trail,2,1,1,0.00011062853171393727,0.0005024457677584007
5411,Albion Rd at Beaumonde Heights Park West Side,2,1,1,8.698195056878124e-05,0.008331561037856232
5412,Runnymede Rd at Glenwood Ave,2,1,1,0.00013527993405265874,0.0030104210974053595
5414,3636 Weston Rd,2,1,1,0.00011961535707522998,0.0002779136537643556
5415,Gary Dr at Langside Ave,2,1,1,8.16329282139384e-05,0.006294329540621013
5416,Summerhill Ave at Maclennan Ave,2,1,1,0.00011062853171393727,1.0633772862611655e-05
5417,Birchmount Rd at Raleigh Ave,2,1,1,5.3467872743543614e-05,0.0006183538919608678
5418,Lesmill Rd at York Mills Rd North Side,2,1,1,3.60659338031878e-05,0.002531901318587835
5419,Eringate Dr at Sanctbury Pl,2,1,1,0.00011293835832526994,0.0018088047639302424
5420,Markland Dr (West) at Bloor St West North Side,2,1,1,8.987240701379705e-05,0.005735325393449595
5421,York Mills Rd at Bayview Ave,5,3,2,0.00015875017873537005,0.13017059770062925
5423,Annette St at Durie St,2,1,1,0.00011062853171393727,0.0017519549782416648
5424,Steeles Ave West at Petrolia Rd,3,1,2,0.00017447693839653129,0.021185640504973124
5425,Keele St at Sir William Hearst Ave,2,1,1,0.00010016760358120722,0.0
5426,Kingston Rd at Birchcliff Ave,3,2,1,0.00020687062294162328,0.0014350428389135323
5427,Pharmacy Ave at Comstock Rd,2,1,1,0.00011039201873481498,0.004202467035304126
5428,Tapscott Rd at Lighthall Cres North Side,2,1,1,4.961973419217426e-05,0.0014734510137530128
5429,St Clair Ave West at Bathurst St,0,0,0,1.6598932385570904e-05,0.0
5430,Glencairn Ave at Glenmount Ave,2,1,1,0.00011062853171393727,0.006163143835942644
5431,Nugget Ave at Markham Rd West Side,2,1,1,0.00012033296713133987,0.007130728604303679
5432,The Bridle Walk at Major Mackenzie Dr East,2,1,1,0.00011062853171393727,0.0070177584006805615
5433,Bloor St West at Brunswick Ave,2,1,1,0.0001088159989786739,0.00968066404008642
5435,Jane St at Yewtree Blvd North Side,2,1,1,0.000105456908295578,0.0
5436,Mortimer Ave at Woodycrest Ave,2,1,1,7.708135514649436e-05,0.0030305598272420903
5438,Chaplin Cres at Oriole Pkwy,2,1,1,8.825017701871528e-05,0.009821456055333997
5439,Southwood Dr at Williamson Rd,2,1,1,0.00011483958565453061,0.001014461931093152
5441,Finch Ave East at Birchmount Rd,4,2,2,0.00015165278246369757,0.011779810009924858
5442,Coxwell Ave at Springdale Blvd,2,1,1,0.00010452506328036503,0.012868461380530712
5443,Queens Quay/Ferry Docks Station,2,1,1,0.00012718089526595803,0.0058135595795102395
5444,McNicoll Ave at Boxdene Ave,2,1,1,0.00011018375979680772,0.004172249397419538
5446,Cosburn Ave at Roosevelt Rd East Side,2,1,1,9.327877180997633e-05,0.0056886507261347755
5447,The Westway at Martin Grove Rd East Side,2,1,1,0.00011780641374380628,0.0011053806890684815
5449,Islington Ave at Beaumonde Heights Dr North Side,2,1,1,0.00010254993614519257,0.002590494514745498
5450,Martin Grove Rd at Silverstone Dr,3,1,2,0.00013509743192866185,0.004187552269873855
5451,Markham Rd at Progress Ave,5,2,3,0.00011221348947239835,0.02513579910448265
5452,Eglinton Ave East at Rosemount Dr,2,1,1,7.260273539858275e-05,0.02041823991972865
5453,Faywood Blvd at Almore Ave,2,1,1,0.00011062853171393727,0.010684814972352191
5456,Mortimer Ave at Woodycrest Ave,2,1,1,0.00011062853171393727,0.004129580994292819
5457,College St at Bathurst St,2,1,1,0.00011062853171393727,0.0031934425354358644
5458,Kipling Ave at North Heights Rd,2,1,1,0.00011118009964336217,0.00010048915355168014
5459,Weston Rd at Habitant Dr,2,1,1,0.00012456568325048124,0.00020097830710336028
5461,Steeles Ave East at Walkway to Joycedale St,2,1,1,0.00010496424897923163,0.0072971005700429355
5462,4325 McCowan Rd (Milliken Park Rec Centre),2,1,1,0.00010259942793580437,0.006940131858783497
5464,The East Mall at Yarn Rd,2,1,1,6.901458119221567e-05,0.004051085735475356
5465,Vaughan Rd at Oakwood Ave East Side,2,1,1,9.383466851581662e-05,0.006646132291596703
5466,Danforth Ave at Monarch Park Ave,2,1,1,9.311412623924347e-05,0.008918931444028009
5467,Norelco Dr at Ormont Dr,2,1,1,9.567738742579271e-05,0.005332837090599746
5468,Davenport Rd at Ossington Ave East Side,2,1,1,9.427879188803067e-05,0.007455710707837462
5469,Airport Rd at Hull St,2,1,1,9.997107750195819e-05,0.0025037218205019142
5470,Sentinel Rd at Fountainhead Rd North Side,2,1,1,8.392347851697348e-05,0.0017497316238277534
5472,King St East at Ontario St,2,1,1,0.00015029234741992476,0.007831617582521454
5473,Davenport Rd at Caledonia Park Rd East Side,2,1,1,5.970216984861204e-05,0.00342019390647634
5474,Donlands Ave at Floyd Ave,2,1,1,8.79282782761965e-05,0.003982828988677564
5475,Keele St at Flamborough Dr,2,1,1,0.00010746274938391753,0.0
5476,Danforth Ave at Playter Blvd,2,1,1,0.00011062853171393727,0.020448788584843978
5477,Don Mills Rd at Moatfield Dr South Side,2,1,1,0.00010808370890190983,0.0
5478,Main St at Swanwick Ave,2,1,1,0.00011062853171393727,0.00011005954912803063
5479,Nugget Ave at Dovedale Crt,2,1,1,8.199132948275378e-05,0.0074856621295902445
5480,Sheppard Ave East at Durnford Rd,2,1,1,0.00010147514434108277,0.0013185878349638452
5481,The East Mall at The Queensway,2,1,1,6.61774669363619e-05,0.0055338153977031075
5482,Cosburn Ave at Greenwood Ave,2,1,1,0.00012477342271188417,0.0059507617187859645
5483,Lake Shore Blvd West at Twenty Second St,2,1,1,0.00015598554626118598,0.006412519495250248
5484,Varna Dr at Lawrence Ave West,2,1,1,0.0001557654676084066,0.0
5485,Bellamy Rd North at Painted Post Dr,2,1,1,9.132233704729414e-05,0.0009044023819651212
5486,Lawrence Ave East at Opposite Walkway to Ridgewood Rd,2,1,1,0.00010591372195503247,0.0003014674606550404
5487,Dufferin St at Shanly St,2,1,1,9.959139837961042e-05,0.0
5488,Islington Ave at Gosfield Gate South Side,2,1,1,0.00010953068605011455,0.004061162189575631
5489,Spadina Rd at Heath St West,2,1,1,4.667462418723735e-05,0.001592810096107965
5490,Bellamy Rd North at Ellesmere Rd South Side,2,1,1,9.748871463029628e-05,0.006245746490854956
5491,Drewry Ave at Hilda Ave,2,1,1,0.00011062853171393727,0.0003014674606550404
5493,Evans Ave at Kipling Ave,2,1,1,9.475704178222728e-05,0.005334432156529136
5494,Dundas St West at Lansdowne Ave,2,1,1,0.00010973764828877525,0.009252513283776576
5495,Calvington Dr at Exbury Rd,2,1,1,6.808823931488066e-05,0.002754749751878633
5496,Bathurst St at Blue Flag Gate,2,1,1,0.00012911052638543778,0.0029774564015312634
5498,Finch Ave East at McCowan Rd,4,2,2,0.00014286990750459367,0.01466348566114792
5499,115 Skyway Ave,2,1,1,9.929844351164651e-05,0.0003014674606550404
5500,Commissioners St at Saulter St,2,1,1,9.912528833156645e-05,0.007434009153330719
5501,Burnhamthorpe Rd at Martin Grove Rd,2,1,1,0.00011062853171393727,0.005224904296044237
5502,Victoria Park Ave at St Clair Ave East,4,2,2,0.00012609611408922827,0.03203235268360601
5503,Royal York Rd at Country Club Dr,2,1,1,9.90832254938063e-05,0.003340398146178931
5504,Stephen Dr at Whitworth Ave North Side,2,1,1,8.777233670404899e-05,0.015061675882603149
5505,Horner Ave at Judson St,2,1,1,0.0001173223702099662,0.008689747893363377
5506,Brimley Rd at Chartland Blvd South,2,1,1,9.49239265923663e-05,0.0
5507,Birchmount Rd at Finch Ave East,2,1,1,0.00011062853171393727,0.013407592513823905
5508,Bloor St West at Bathurst St,2,1,1,0.00011062853171393727,0.01710224964164429
5509,Senlac Rd at Burnett Ave,2,1,1,0.00011062853171393727,0.004933538919608678
5511,Eglinton Ave West at Ronald Ave,2,1,1,9.951313852797091e-05,0.017757525875248384
5512,Bloor St West at Queens Park,2,1,1,0.00011062853171393727,0.0213531909668091
5513,Lambton Ave at Beechwood Ave East Side,2,1,1,6.685462021344425e-05,0.001856520220451714
5514,Yonge St at Crescent Rd South Side - Rosedale Station,2,1,1,0.00010333265377098798,0.005284293917481924
5515,45 Norfinch Dr,2,1,1,8.811583184560978e-05,0.0015021444775272933
5516,Sheppard Ave West at Kodiak Cres (South),3,1,2,0.0002692854089758291,0.0023666347653480786
5517,Islington Ave at Westhampton Dr South Side,4,2,2,0.0001798957857458934,0.008628500556228118
5518,Ossington Ave at Churchill Ave,2,1,1,0.00010873171108145802,0.00624230299687552
5519,Steeles Ave East at Shadlock St,2,1,1,0.0001061268131899592,0.0028556615823551504
5520,6355 Airport Rd,2,1,1,7.674117817431265e-05,0.0032071458953636754
5521,Birchmount Rd at Walkway to Ambercroft Blvd,2,1,1,0.00015581553009213502,0.0038150786899191834
5522,Brimley Rd at Dorcot Ave South Side,2,1,1,8.465047263471557e-05,0.0011028516515543313
5523,Finch Ave East at Alamosa Dr,2,1,1,0.00010580288419218881,0.00010048915355168014
5524,Bedford Rd at Davenport Rd,3,1,2,0.00019054929097003792,0.010349298692603115
5527,Kennedy Rd at Danforth Rd North Side,2,1,1,7.727955942597804e-05,0.0012297958315610378
5528,Avenue Rd at Dupont St,2,1,1,0.000131964363442237,0.0009554444917056572
5529,Weston Rd at Bradstock Rd,4,2,2,0.00012720970975782901,0.003862825470216607
5530,St Clair Ave West at Avenue Rd West Side,3,1,2,0.00012769071471193928,0.0003883985538068907
5531,O'Connor Dr at Pape Ave,2,1,1,9.460044791531803e-05,0.008871861629002819
5532,Opposite 2650 St Clair Ave West,2,1,1,7.030075897071784e-05,0.0004000957039557635
5533,Senlac Rd at Ellerslie Ave,2,1,1,8.71488863616541e-05,0.003611229264142918
5534,Queen St West at Spadina Ave,2,1,1,0.00011061488608246197,0.005450399265335011
5535,Warden Ave at Highway 7,2,1,1,9.429482048263797e-05,0.007635580603998299
5536,Ellesmere Rd at Mornelle Crt,4,2,2,0.0002547734363444325,0.01601359918726434
5538,Martin Grove Rd at Albion Rd,2,1,1,0.0001434718414948248,0.0046794139018857235
5539,St Clair Ave East at Denvale Rd,2,1,1,0.00010096672598607437,0.0005518928115695449
5542,Bayview Ave at Garnier Park,2,1,1,0.00011062853171393727,0.003052922008871605
5543,McCowan Rd at St Andrews Rd,2,1,1,0.0001101135629225401,0.005333900467886006
5544,O'Connor Dr at Woodbine Ave,2,1,1,0.0001485452884480216,0.01183271809361771
5545,Lansdowne Ave at Dupont St,2,1,1,0.00011207523544839773,0.004220544449170566
5546,Birchmount Rd at Danforth Ave,4,2,2,0.0001854149973937012,0.0005896427052318162
5547,Ferris Rd at Squires Ave,2,1,1,0.00010466467624265803,0.0010917340138947966
5548,Leslie St at Greyhound Dr South Side,2,1,1,8.93800783154802e-05,0.0021874822770452293
5549,Yonge St at Finch Ave West - Finch Station,3,2,1,6.274166246045845e-05,0.009522074305728632
5550,38 Orfus Rd,2,1,1,3.264352045257094e-05,0.004296841769459804
5551,Milvan Dr at Penn Dr (North),2,1,1,9.768882568705664e-05,0.0008376754572522331
5552,Keele St at Ingram Dr,4,2,2,0.00010442012897042831,0.034744134515959174
5555,Steeprock Dr at Whitehorse Rd,2,1,1,0.00011062853171393727,0.0005024457677584007
5556,Park Rd (Zoo) at Kirkhams Rd East Side,7,3,4,0.0001304189320618987,0.00042588260314759685
5557,Bay St at Charles St West South Side,2,1,1,9.605334406873875e-05,0.004477288418742565
5558,Keele St at Lawrence Ave West North Side,4,2,2,0.00010819417055702306,0.03434217790175245
5559,Victoria Park Ave Loop at Steeles Ave East,3,1,2,0.0001181889306420622,0.007595456639985562
5560,Upper Highland Cres at Munro Blvd,2,1,1,4.318558879439389e-05,0.0033161420672054446
5562,Martin Grove Rd at Rampart Rd,2,1,1,6.275299712448735e-05,0.0033367006947398275
5563,Flemington Rd at Blossomfield Dr,2,1,1,8.752291750984206e-05,0.0005024457677584007
5564,Windermere Pl at Windermere Ave,2,1,1,0.00010272414533606098,0.001693428328370906
5565,Old Weston Rd at Rockwell Ave,2,1,1,8.750127080526547e-05,0.004680036026207548
5566,Jane St at Eglinton Ave West North Side,5,3,2,0.00017443094073065906,0.0350622876660961
5567,44 Longbourne Dr,2,1,1,0.00010541410373459886,0.0007959378987664824
5568,Ellesmere Rd at Calverley Trail,3,2,1,0.00019224910200540648,0.006802676791686474
5569,College St at Brock Ave,2,1,1,9.098343666370153e-05,0.005582057243896333
5570,Yonge St at Glengrove Ave West,2,1,1,0.00013204229174376342,0.010117148731036441
5572,Carlton St at Ontario St,2,1,1,9.551259511825265e-05,0.004499801531607707
5574,Yonge St at Belsize Dr,2,1,1,0.0001288504462988377,0.009148146178930953
5575,York Mills Rd at Upper Highland Cres,2,1,1,0.00013845815284459987,0.0048234793704806465
5576,Martin Grove Rd at Milkwood Ave,4,2,2,0.00012298963897278855,0.007484403799801503
5577,Christie St at Davenport Rd,2,1,1,8.538850758855587e-05,0.0016120799659719268
5578,Eglinton Ave West at Old Forest Hill Rd,2,1,1,0.0001766092847166375,0.03394243473925027
5580,Willowdale Ave at Abitibi Ave North Side,2,1,1,0.00011062853171393727,0.0004264142917907274
5581,East Ave at East Willow Gate,2,1,1,0.00010240388067655977,0.0003014674606550404
5582,Sheppard Ave East at Atrium Lane,3,2,1,9.352801819139021e-05,0.0010997051734347504
5583,Midland Ave at South Shields Ave,2,1,1,0.00011062853171393727,0.00552903019991493
5585,Underpass Gate at Fenelon Dr East Side,2,1,1,9.972538086688344e-05,0.006064972352190557
5586,Kennedy Rd at Brigstock Rd South Side,2,1,1,0.00016021463936478369,0.01086415070334812
5587,King St East at Sackville St,2,1,1,0.0001229937789528794,0.0035140909594452603
5588,Washburn Way at Sheppard Ave East North Side,2,1,1,6.08541374834104e-05,0.0061381664674944126
5589,Weston Rd at Humber Blvd,2,1,1,8.26499805212994e-05,0.0008854025688617349
5590,Alness St at Flint Rd,2,1,1,0.00011062853171393727,9.490642279880903e-05
5591,Lake Shore Blvd West at Thirty First St,3,1,2,0.00012454224277064972,0.0109653148142089
5592,Opposite 49 Mabelle Ave,2,1,1,8.763064455409163e-05,0.010582864065979433
5593,Littles Rd at Old Finch Ave,3,1,2,0.00010813490823374152,0.0057000721435802254
5594,High Park Ave at Glenlake Ave,2,1,1,8.337804336162983e-05,0.005864525733730328
5595,Kennedy Rd at Radnor Ave,2,1,1,0.00012911052638543778,0.014799178351157564
5596,Jane St at Trethewey Dr,3,1,2,0.00014103432877887333,0.033517813066943104
5598,Warden Ave at Fairfax Cres,4,2,2,0.00012054441016466939,0.005808343967106197
5599,Crescent Rd at Rosedale Rd West Side,2,1,1,0.00011062853171393727,3.740523117501587e-06
5600,Willowdale Ave at Centre Ave,2,1,1,0.00010409855772865474,0.0007278817524457678
5601,Weston Rd at Burgundy Crt North Side,2,1,1,8.432424246326668e-05,0.00010048915355168014
5602,Washburn Way at Mammoth Hall Trail,2,1,1,0.00011414648391029901,0.005226800652204734
5603,75 The East Mall,2,1,1,7.332804398042713e-05,0.005433326244151427
5604,Leslie St at Longwood Dr,2,1,1,0.00011354237168002441,0.002222659925499143
5605,Park Lawn Rd at Cannon Rd,2,1,1,0.00011374614175618938,0.004508719693747342
5606,Lake Shore Blvd West at Thirtieth St,2,1,1,0.00013195389204316555,0.006111052034595207
5607,McCowan Rd at Gillingham Ave,2,1,1,0.00011062853171393727,0.009445448745214802
5608,Queen St East at Jones Ave,2,1,1,0.0001131087775149957,0.012005959976504426
5609,Christie St at Tyrrel Ave,2,1,1,0.00011062853171393727,0.00030572096980008507
5611,Don Mills Rd at Finch Ave East,4,2,2,0.000142984896549383,0.029740607795956588
5612,Queen St East at Brooklyn Ave,2,1,1,0.00017916821012576542,0.004893648461279257
5613,Victoria Park Ave at Meighen Ave,2,1,1,0.00012479093225615257,0.013535372232025122
5614,Leslie St at York Mills Rd South Side,2,1,1,0.00011419689757029454,0.0023231490790508232
5615,Eglinton Ave West at Bathurst St,3,1,2,0.00016627693003318141,0.03384194558569859
5616,Giltspur Dr at Jane St,2,1,1,8.40305817760962e-05,0.0009599992988388743
5617,Long Branch Loop,2,1,1,0.00012405313116557086,0.0058095845739401675
5618,Park St at Atlee Ave,2,1,1,0.0001033711849254647,0.0011727550733387302
5619,Kingston Rd at Chine Dr,2,1,1,0.00014089940192608212,0.0023607127666038772
5620,Birchmount Rd at Bonis Ave,2,1,1,0.00011062853171393727,0.013910038281582306
5621,Highview Ave at Lillington Ave,2,1,1,0.00011062853171393727,0.00037129590245285697
5623,Brooklawn Ave at Kingston Rd South Side,2,1,1,5.3642761819809783e-05,0.0007670672054444917
5624,Kingston Rd at Resthaven Memorial Gardens,2,1,1,0.0001468630447533469,0.0024612019201555573
5625,Avenue Rd at Wilson Ave,2,1,1,0.00011062853171393727,0.0019092939174819227
5626,Bayview Ave at Truman Rd,2,1,1,9.974345807163668e-05,0.004660748465698487
5627,South Dr at Glen Rd,2,1,1,0.00011062853171393727,0.0019092939174819227
5628,Sheppard Ave East at Massie St West Side,2,1,1,0.00012805779261269433,0.0
5629,The Donway West at Lawrence Ave East North Side,2,1,1,0.00011026401551475357,0.0011861973628243302
5631,Jones Ave at Shudell Ave,2,1,1,0.00011902252310158463,0.017280821133195685
5632,York Mills Rd at Hedgewood Rd East Side,4,2,2,0.00018053380648938304,0.003919076988515525
5634,Dawes Rd at Dentonia Park Ave,2,1,1,9.574956936066916e-05,0.002096625549411598
5635,Kennedy Rd at Forbes Rd,2,1,1,0.00010900202647569013,0.003717035304125904
5636,Steeles Ave West at Capstan Gate,3,1,2,0.0001721047247640407,0.000800191407911527
5637,Pharmacy Ave at Christina Cres (South),2,1,1,0.00011062853171393727,0.0062287324542747765
5638,Bloor St East at Church St,2,1,1,0.00010470996132988679,0.010283598961396502
5639,Pharmacy Ave at Sundridge Dr,2,1,1,8.700411013647815e-05,0.0028749425553179276
5640,Dupont St at Dovercourt Rd,2,1,1,0.00011062853171393727,0.009740474297092202
5641,Mt Pleasant Rd at Erskine Ave,2,1,1,0.00011062853171393727,0.00020097830710336028
5642,O'Connor Dr at Rivercourt Blvd,2,1,1,9.393493269413124e-05,0.008972350782554499
5643,Neptune Dr at Rajah St,2,1,1,0.00011946401076803803,0.0008039132284134411
5644,519 Kennedy Rd,2,1,1,8.662319338493478e-05,0.0010288175244576776
5645,Victoria Park Ave at Elvaston Dr South Side,2,1,1,0.00010885354717246409,0.004995108464483199
5647,Garyray Dr at Norelco Dr,2,1,1,9.264460828003741e-05,0.005433326244151426
5648,Oakwood Ave at St Clair Ave West North Side,2,1,1,0.00021267693068565302,0.007346311550538756
5649,Glen Rd at Douglas Dr,2,1,1,0.00011062853171393727,1.3823904721395151e-05
5650,Burnhamthorpe Rd at Renforth Dr West Side,2,1,1,0.00010871594682688052,0.006631752445767759
5651,Parliament St at Wellesley St East South Side,2,1,1,8.635154611532953e-05,0.0014741447408397645
5652,Weston Rd at Dora Spencer Rd North Side,2,1,1,9.187323966783144e-05,0.0005024457677584007
5653,Opposite 1314 Military Trail,2,1,1,4.340076964458824e-05,0.0015073373032752021
5654,3700 Bloor St West at Resurrection Rd,4,2,2,0.0001079755101073763,0.03858237161525219
5655,Finch Ave East at Cherokee Blvd,3,2,1,0.00010009345480510324,0.005445080360940635
5656,Bathurst St at Drewry Ave,2,1,1,0.00011062853171393727,0.00830338153977031
5657,Yonge St at Montgomery Ave,2,1,1,0.00012923784364814536,0.009715192116829719
5658,Dovercourt Rd at Davenport Rd South Side,2,1,1,5.755901570637477e-05,0.00427235236347023
5659,Ossington Ave at Harbord St,2,1,1,0.00011174764669724424,0.00594083553622048
5662,Jones Ave at Sproat Ave South Side,2,1,1,0.00010372450594316749,0.002179568977739969
5663,Highview Ave at Baudina Cres,2,1,1,0.00011062853171393727,0.0005722742095562173
5664,Dufferin St at Dundas St West,3,2,1,0.0001320853182347867,0.010470419317845946
5666,Victoria Park Ave at Draycott Dr South Side,2,1,1,0.00011021235247407271,0.00509559761803488
5667,Lower Jarvis St at The Esplanade,2,1,1,0.00011062853171393727,0.0
5668,Yonge St at Bishop Ave North Side - Finch Station,4,2,2,0.0001785732317549663,0.007324011059123777
5670,McNicoll Ave at Mogul Dr,2,1,1,0.00011062853171393727,0.005773660144619311
5672,Brimley Rd at Steeles Ave East,2,1,1,0.00011062853171393727,0.00010048915355168014
5673,Kingston Rd at Southwood Dr,2,1,1,0.00010098540948864603,0.0068773925988940875
5674,615 The East Mall,2,1,1,0.00010263143036080464,0.0029457050464068747
5675,Sheffield St at Densley Ave,2,1,1,8.293791817143723e-05,0.006270801685199814
5676,Brenyon Way at Pioneer Pathway,2,1,1,6.553585990422105e-05,0.0017232028923862186
5677,Bannatyne Dr at Riderwood Dr,2,1,1,0.00011062853171393727,0.004830391322841345
5679,Dundas St West at Shorncliffe Rd,2,1,1,0.00013504891746206303,0.0032643845945632423
5680,Sheppard Ave East at Old Leslie St - Leslie Station,2,1,1,0.00010858432270102045,0.013900778037714447
5681,Sheppard Ave West at Wilson Heights Blvd,4,2,2,0.00017893567601936518,0.026310250661656976
5682,Steeles Ave West at Old Weston Rd,2,1,1,0.00010541944311886109,0.003332071838731239
5683,Davenport Rd at Wychwood Park West Side,2,1,1,0.00011062853171393727,0.010184868513026744
5684,Willowdale Ave at Elmwood Ave,2,1,1,6.903130618603944e-05,0.0019337515950659295
5687,St Clair Ave West at Mondovi Gate West Side,2,1,1,7.075928255178106e-05,0.002397989626163808
5688,Sunrise Ave at O'Connor Dr,0,0,0,1.6598932385570904e-05,0.0
5689,Opposite 519 Kennedy Rd (Cemetery),2,1,1,8.740927959915491e-05,0.011062680235250392
5691,McNicoll Ave at Brimley Rd,2,1,1,0.00011062853171393727,0.0053737771161208
5692,549 Oakdale Rd,2,1,1,6.771146506605899e-05,0.0019041010917340137
5693,Symington Ave at Bloor St West North Side,3,2,1,0.00011907704184364453,0.010851182487998486
5694,Oakwood Ave at St Clair Ave West,2,1,1,0.0002306207377593474,0.007446800704090436
5695,Weston Rd at Church St South Side,4,2,2,0.00015520553737378702,0.07132672257440165
5696,250 Consumers Rd,2,1,1,6.996256979469494e-05,0.0030105381709211146
5697,Van Horne Ave at Lucifer Dr,2,1,1,8.495338423127592e-05,0.006439173553300521
5700,Bayview Ave at Fleming Cres North Side,2,1,1,8.77928653594493e-05,0.001806412165036155
5701,Jane St at Courage Ave South Side,2,1,1,0.00017076911077377292,0.00020097830710336028
5702,Warden Ave at 125 Bamburgh Cir Apts,2,1,1,0.0001445321055520122,0.00020097830710336028
5703,Antibes Dr (South) at Torresdale Ave East Side,2,1,1,0.00010913865033533067,0.0012058698426201616
5704,Yonge St at Moore Park Ave,2,1,1,0.00019415827653223886,0.01286533249373374
5705,Eringate Dr at Wellesworth Dr,2,1,1,0.00011233761603191618,0.0017083156103785623
5707,Atkinson Ave at Dundurn Cres (South),2,1,1,0.00011062853171393727,0.001406848149723522
5708,St Clair Ave West at Jane St,2,1,1,8.270443408197516e-05,0.00019911739685240325
5710,Brimley Rd at Seminole Ave North Side,2,1,1,7.357656122442365e-05,0.0011053806890684815
5711,Pharmacy Ave at Kellyvale Rd,2,1,1,0.00010896063702470142,0.007032645682688218
5712,Spadina Rd at Lowther Ave,2,1,1,0.00011062853171393727,0.006382775585338805
5713,York Mills Rd at Old Yonge St,3,2,1,0.00022982774725680387,0.004722990216928967
5714,Steeles Ave West at Carpenter Rd,2,1,1,0.00014909309870705543,0.027933495444633007
5715,McCowan Rd at Walkway to Alanbull Sq,2,1,1,0.00013618015832145988,0.010288175244576776
5716,900 Kennedy Rd,2,1,1,0.00012397168922782397,0.014598200044054203
5717,Bathurst St at Bridgman Ave,2,1,1,0.00011210206993593819,0.001385048915355168
5718,Culford Rd at Ridge Point Cres,2,1,1,0.0001263331368355083,0.005231284559761804
5719,Islington Ave at Dixon Rd,4,2,2,0.00011517111580529774,0.007478579593789876
5720,339 The West Mall,2,1,1,0.00013591054102010368,0.004354970774275874
5721,College St at Dufferin St,2,1,1,9.255135302766208e-05,0.005481568090344653
5722,McNicoll Ave at Eagle Point Rd,2,1,1,0.00010899288228573221,0.002746260456543315
5723,Park St at Natal Ave,2,1,1,0.00010204079937565488,0.0012732442268904105
5724,Main St Markham North at Springdale Ave,2,1,1,0.00010296669557120577,0.0032076775840068055
5725,Bellamy Rd North at Amberjack Blvd (North),2,1,1,0.00010059034957040014,0.0005024457677584007
5727,Wilson Ave at Yonge Blvd East Side,2,1,1,0.00012202239380342043,0.013586901861784895
5728,Opposite 689 Warden Ave,2,1,1,8.179382292815952e-05,0.0071286813108910095
5730,Wellesworth Dr at Torrington Dr North Side,2,1,1,0.00010148527780492385,0.0010798596341982135
5731,Cosburn Ave at Pape Ave,2,1,1,0.00011929806179728064,0.005649294258130924
5732,Arleta Ave at Tina Crt,2,1,1,7.33310480884759e-05,0.001401531263292216
5733,Kennedy Rd at St Clair Ave East North Side,2,1,1,8.239510869820652e-05,0.0011293066780093577
5734,Windermere Ave at St Olaves Rd,2,1,1,0.00011062853171393727,0.009864951084644833
5735,King St West at Wilson Park Rd,3,2,1,0.0001273045194655012,0.005277695868867179
5736,Weston Rd at Oak St,4,2,2,0.00012264089418978426,0.07186866559753462
5738,Humberwood Blvd at Honeyview Pl,2,1,1,0.00011780186235071249,0.004305215865589111
5739,Brimley Rd at Huntingwood Dr,2,1,1,9.728537420005057e-05,0.0
5741,Bellamy Rd North at Northleigh Dr,2,1,1,0.00010033974799641355,0.006044768183751595
5743,Underhill Dr at Brookbanks Dr South Side,3,2,1,0.00012370655875299072,0.029033236547400452
5745,Runnymede Rd at Colbeck St,3,1,2,0.00012829896268547314,0.0029099319438536794
5746,Bathurst St at Patricia Ave North Side,2,1,1,0.00011062853171393727,0.00820289238621863
5747,McCowan Rd at Heritage Rd,2,1,1,0.00011062853171393727,0.010249361973628244
5748,Opposite 1801-1821 Albion Rd,2,1,1,0.00010677351981822333,0.0073266695023394305
5749,Mt Pleasant Rd at Heath St East,2,1,1,9.271171216990675e-05,0.0009654668226286686
5750,Jane St at Goldwin Ave South Side,4,2,2,0.00016323152038732507,0.00708146713993139
5751,Thistle Down Blvd at Thistle Down Blvd North Side,2,1,1,6.805114425458217e-05,0.0009997883932636384
5753,Ian MacDonald Blvd at The Chimneystack Rd,2,1,1,0.00012536659909430457,0.002875243556363293
5754,Arleta Ave at Spenvalley Dr,2,1,1,0.00011062853171393727,0.004830923011484475
5755,St Clair Ave East at Rexleigh Dr,2,1,1,7.747046717427418e-05,0.00791134978023536
5756,Steeles Ave West at Norfinch Dr,2,1,1,0.00010119705074432945,0.0036335392993862795
5758,Culford Rd at Gulliver Rd,2,1,1,0.00011991560582633913,0.004929817099106763
5759,Rathburn Rd at Elmcrest Rd,2,1,1,0.0001033412047495995,0.008799809208539074
5760,Maple Leaf Dr at Bourdon Ave,2,1,1,0.00010509923198133439,0.002105380154708036
5761,O'Connor Dr at Dohme Ave,2,1,1,8.894860063114938e-05,0.00629269575773723
5762,King St East at Sumach St,3,1,2,0.00012113683016045428,0.00341360180589358
5764,Milvan Dr at Millwick Dr (South),2,1,1,9.5409781295043e-05,0.0009381646108039132
5765,Symington Ave at Antler St,2,1,1,9.380277305578853e-05,0.007581371149055113
5766,Royalcrest Rd at Leading Rd,2,1,1,4.7617228642216313e-05,0.0010981497235219057
5767,Bermondsey Rd at Bartley Dr,2,1,1,9.785604316788542e-05,0.0017558485750744366
5768,45 Ironside Cres,2,1,1,3.740610948437274e-05,0.0005024457677584007
5769,Runnymede Rd at Dundas St West,2,1,1,0.00016383495502278613,0.0035128668651637604
5770,92 Oakdale Rd,2,1,1,0.00011062853171393727,1.000825681186979e-05
5771,Caledonia Rd at Innes Ave North Side,2,1,1,0.00011062853171393727,0.0006029349213100808
5772,Queen's Park Cres East at College St North Side,2,1,1,0.00010635445901719333,0.0016588685665674182
5774,Coe Hill Dr at Windermere Ave South Side,2,1,1,0.00011062853171393727,0.009764461931093153
5775,Brimley Rd at Opposite Walkway to Audrelane Crt,2,1,1,0.00011062853171393727,0.0003014674606550404
5777,Bellamy Rd North at Jarwick Dr,2,1,1,0.00010282689139847671,0.005843789876648235
5779,Brimley Rd at Strode Dr,2,1,1,5.036938567095967e-05,0.001406848149723522
5780,Glen Rd at Whitney Ave,2,1,1,0.00011062853171393727,1.4887282007656317e-05
5781,Gateway Blvd South Side at Sunny Glenway East Side,4,3,1,0.0002224239425722293,0.004921310080816674
5782,Wilson Ave at Clayson Rd West Side,4,2,2,0.00011278701141085443,0.11465005259589492
5783,Donlands Ave at Cosburn Ave South Side,2,1,1,8.608327681719076e-05,0.004083318142229244
5784,Eglinton Ave East at Beachell St,2,1,1,0.00014713399907768967,0.00010048915355168014
5785,Finch Ave East at Milliken Blvd,2,1,1,8.989831259438634e-05,0.00010048915355168014
5786,Scarlett Rd at Lawrence Ave West,2,1,1,0.00010722149452610099,0.0002477669076988516
5787,Albion Rd at Calstock Dr,3,1,2,0.00010083306414430837,0.005390791152700978
5789,Dixon Rd at McManus Rd West Side,3,2,1,0.00010081179680429783,0.0003014674606550404
5790,Kingston Rd at Fallingbrook Rd,2,1,1,0.00011239393062224037,0.0003610317797897551
5791,Pape Ave at Canning Ave,2,1,1,9.722373095478581e-05,0.01719644337891892
5792,Carlton St at Sherbourne St,2,1,1,0.00011062853171393727,0.003572274172862729
5793,Senlac Rd at Lurgan Dr,2,1,1,9.622789137649288e-05,0.0033097618034878774
5794,Queen St East at Pape Ave,4,2,2,0.0001189828649261501,0.017425856053741046
5795,Bathurst St at Finch Ave West South Side,2,1,1,0.00014025700794606793,0.0032789238621863037
5796,Sheppard Ave East at Leona Dr,3,1,2,0.00014446709284289495,0.01714088862895222
5798,Kingston Rd at Glen Everest Rd East Side,2,1,1,8.037797573763592e-05,9.995746490854956e-05
5799,Ossington Ave at Davenport Rd,2,1,1,0.000129336560150298,0.00458111555607302
5800,Maple Leaf Dr at Stella St,2,1,1,0.00011062853171393727,0.006632284134410889
5802,Kipling Ave at Norseman St,2,1,1,0.00010369158571400043,0.0
5804,Rockcliffe Blvd at Outlook Ave,2,1,1,0.00013061137770842689,0.0027424837792766337
5806,Sheppard Ave West at Brentwood Ave,4,2,2,0.00018912147673591552,0.00997847800328128
5808,King St East at Sherbourne St,2,1,1,0.00014187882507524897,0.007731128428969774
5809,McCowan Rd at Opposite Milliken Wells Shopping Centre,2,1,1,0.00010041542352043275,0.007141110165886857
5812,Broadview Ave at Dundas St East,2,1,1,6.860744115837439e-05,0.006249367881279834
5814,Martin Grove Rd at Finch Ave West South Side,2,1,1,5.430158724760085e-05,0.0034371898482915076
5815,Victoria Park Ave at Ferncrest Gate,2,1,1,0.00015314116137267374,0.0027576031475967672
5816,Danforth Ave at Leyton Ave West Side,3,2,1,0.00020731135054714628,0.005597413899960088
5817,McCowan Rd at Meldazy Dr (South),2,1,1,0.00010337592693736785,0.0013026371756699278
5818,Islington Ave at Humber Summit Lane,4,2,2,0.00010891535519422775,0.004834501445266884
5819,Driftwood Ave at Yewtree Blvd,2,1,1,0.00010228936124715121,0.005433857932794555
5820,Islington Ave at Orrell Ave,2,1,1,0.00010992746269711506,0.00020097830710336028
5821,Steeles Ave East at Leslie St,4,2,2,0.00011698065243248332,0.03757903099337463
5824,Opposite 120 McLevin Ave,2,1,1,9.362124540075189e-05,0.007083705515383524
5825,Don Mills Rd at The Donway West (North),2,1,1,0.00010540797398390128,0.0
5826,John Garland Blvd at Mosque Cres (North),2,1,1,9.355479439367427e-05,0.0
5827,Victoria Park Ave at Rowena Dr,4,2,2,0.0001405477674228328,0.015495964102647888
5828,Pape Ave at Danforth Ave,2,1,1,9.453710580480484e-05,0.015169283985718346
5829,Grenoble Dr at Vendome Pl West Side,2,1,1,6.449518997244562e-05,0.006387175669927691
5831,Kipling Ave at Kingsview Blvd,2,1,1,0.00016748329517984986,0.005472384371711926
5832,Castlemore Ave at The Bridle Walk,2,1,1,0.00011062853171393727,0.007218736707783922
5833,Caledonia Rd at Keith Ave,2,1,1,0.00011062853171393727,0.00010048915355168014
5834,Elmhurst Dr at Albion Rd,4,2,2,0.00012488735447247255,0.08912558880645303
5835,Lawrence Ave East at Mt Pleasant Rd,2,1,1,0.00012157470591388561,0.008625438010167913
5838,Calvington Dr at Lexfield Ave,2,1,1,7.536385522032455e-05,0.002654260598326953
5839,Birchmount Rd at Chaldean St,2,1,1,0.0001243356832343954,0.003030306252658443
5840,Markham Rd at Ellesmere Rd,3,1,2,0.00011215532082238985,0.02533677741158601
5841,Burnhamthorpe Rd at Botfield Ave East Side,2,1,1,0.00011062853171393727,0.0050239259889408765
5842,Middlefield Rd at McNicoll Ave,3,1,2,9.059785801023837e-05,0.008074312349354884
5843,Chaplin Cres at Duplex Ave,2,1,1,6.931063735991739e-05,0.003779832796580989
5844,Bathurst St at Melrose Ave,2,1,1,0.00011534656025524484,0.0009075925138239048
5845,Horner Ave at Tupper Ave West Side,2,1,1,8.832216704291203e-05,0.0008734581029349215
5846,Lawson Rd at Meadowvale Rd,2,1,1,9.468749652717976e-05,0.0006029349213100808
5848,Ellesmere Rd at Kennedy Rd,4,2,2,0.00011123518572157373,0.11381626154030443
5849,Kingston Rd at Beechgrove Dr,2,1,1,0.00012243332256070636,0.0014204948248972065
5850,Markham Rd at Cougar Crt,2,1,1,0.00010339646872896979,0.0
5851,Dundas St West at Paulart Dr East Side,2,1,1,0.00013941071460588827,0.0033648737481149224
5852,Kennedy Rd at Flora Dr,2,1,1,0.00010769130811482124,0.0040185027647809445
5853,Westhumber Blvd at Kipling Ave,4,2,2,9.611224689826713e-05,0.08997127597204888
5854,Midland Ave at Montgomery Ave,2,1,1,0.00011062853171393727,0.006131965121225011
5855,O'Connor Dr at Taylor Dr,2,1,1,0.00017963891730694249,0.013749661855856639
5856,Wasdale Cres at Neptune Dr,2,1,1,0.00012226443606834094,0.0012058698426201616
5857,Bayview Ave at Moore Ave,4,2,2,0.00014952294945808046,0.01842124515217222
5859,Breckon Gate at Sheppard Ave East,2,1,1,0.00011062853171393727,0.0005024457677584007
5860,Danforth Rd at Wetherby Dr,2,1,1,0.00010565798500589122,0.00503668651637601
5861,York Mills Rd at Old York Mills Rd,5,3,2,0.00019250310402645207,0.004120055295618885
5863,Sheppard Ave East at Markham Rd,3,2,1,0.00010921529128251622,0.007264069494237508
5864,Davenport Rd at Christie St,2,1,1,0.0001002889723229687,0.007254732400734102
5865,Renforth Dr at Convair Dr,3,1,2,0.00012476703239079954,0.004984518427299296
5869,Opposite 327 Dixon Rd,2,1,1,0.00010496244957069526,0.0
5871,Bathurst St at Finch Ave West,2,1,1,0.00011136348002499066,0.008604849000425352
5872,Yonge St at York Mills Rd North Side - York Mills Station,3,2,1,0.00015888371827648144,0.0054224975187863326
5874,Thistle Down Blvd at Albion Rd,2,1,1,9.739896767192786e-05,0.005029774564015313
5877,Williamson Rd at Southwood Dr,2,1,1,0.00011231850062647523,0.0005120161633347512
5878,Sheppard Ave West at Chesswood Dr,3,1,2,0.00026673777447064475,0.015279100955152536
5879,Brooklawn Ave at Barkdene Hills,2,1,1,6.764648072655834e-05,0.0005660888983411316
5880,Yonge St at Richmond St East,3,2,1,0.00011949720267592702,0.007627605274351341
5881,Oriole Pkwy at Gormley Ave,2,1,1,9.130363742238857e-05,0.0035681624840493407
5882,Mt Pleasant Rd at Mt Pleasant Cemetery,2,1,1,8.946270995386618e-05,0.0011664451297320288
5883,Lawrence Ave East at Mildenhall Rd,3,2,1,0.00016332027236769315,0.007623259352656417
5884,Gerrard St East at Ashdale Ave,2,1,1,0.00011330322648693512,0.004132106904863179
5885,Mt Pleasant Rd at Teddington Park Ave,2,1,1,0.00010254146067645683,0.001406848149723522
5886,St Regis Cres at Keele St East Side,2,1,1,6.17873458200886e-05,0.0011132619507247322
5887,Kipling Ave at The Westway,4,2,2,0.00011508183242469439,0.007524723521905572
5888,Danforth Ave at Pape Ave,2,1,1,0.00010540328928394088,0.006549549620690421
5889,Finch Ave East at Sandhurst Cir (East),2,1,1,9.200262024911169e-05,0.002095892843501923
5890,Weston Rd at Kenhar Dr South Side,2,1,1,0.00012122147152834783,0.00037840280731603576
5891,550 Oakdale Rd,2,1,1,9.753879746539685e-05,0.00031147571746691023
5892,Horner Ave at Belvia Rd,2,1,1,0.00012824544623926855,0.009292682814673457
5895,2155 Lake Shore Blvd West,2,1,1,0.00011062853171393727,0.0036973023525767043
5896,Birchmount Rd at Highway 401 - Walkway North of Rolark,2,1,1,0.00011062853171393727,0.014412484049340707
5897,Midland Ave at Artillery St,2,1,1,0.00011062853171393727,0.009765525308379413
5898,Yonge Blvd at Felbrigg Ave,2,1,1,5.213484562258871e-05,0.0003014674606550404
5899,Midland Ave at Aylesworth Ave North Side,2,1,1,0.00010403286823874096,0.0008712876126836899
5900,Berry Rd at Cloverhill Rd,2,1,1,9.876859872099403e-05,0.014659719268396428
5901,Islington Ave at Vanhill Ave,2,1,1,0.0001034799928718945,0.004432103632933068
5902,Sheppard Ave East at Victoria Park Ave,3,1,2,0.00012338368807567792,0.0031672692471288815
5903,Dawes Rd at Gower St North Side,2,1,1,0.00010368666780697982,0.0014936906281015172
5904,Jones Ave at Boultbee Ave,2,1,1,0.00011638558488530384,0.017180331979644005
5905,MacDonell Ave at Queen St West North Side,2,1,1,0.00011062853171393727,0.002813696299447044
5906,Caledonia Rd at Bridgeland Ave,2,1,1,0.00010843730101748716,0.00040195661420672056
5907,Davisville Ave at Mt Pleasant Rd,2,1,1,0.0001348527457153001,0.013125475621476066
5909,Main St at Benlamond Ave,2,1,1,0.00011870742229448672,0.0014164185452998725
5911,Huntingwood Dr at Midland Ave West Side,2,1,1,9.096788713295099e-05,0.0014322805898199346
5912,High Park Ave at Annette St,2,1,1,9.55161406226662e-05,0.005462569119523607
5913,43 Drewry Ave,2,1,1,0.00011062853171393727,0.00010048915355168014
5914,Bloor St West at Riverview Gardens,3,2,1,0.00012573279222819774,0.016762049938744143
5915,Birchmount Rd at Bonniewood Rd,2,1,1,8.615644776768073e-05,0.011482347937048065
5916,Birchmount Rd at Allanford Rd,2,1,1,0.00011062853171393727,0.014311994895789026
5917,Pharmacy Ave at Sherwood Ave,2,1,1,0.00010619833916441427,0.007635580603998299
5918,Sheppard Ave East at Aragon Ave,2,1,1,0.00011068658902085762,0.00010048915355168014
5919,Queen St West at University Ave - Osgoode Station,3,2,1,0.00011057727697062395,0.005852355879541731
5921,Caledonia Rd at Glencairn Ave,2,1,1,0.00011768066171384284,0.0036412696724797957
5922,777 Kipling Ave,2,1,1,0.00010256332225533021,0.0
5923,72 Fifeshire Rd,2,1,1,0.00011062853171393727,0.0013063589961718417
5924,Royal York Rd at Newcastle St,2,1,1,0.00011154245646739907,0.0019813618962917132
5925,Sheppard Ave East at Vandorf St,2,1,1,9.607391386805609e-05,0.0009992160198830703
5926,Oakwood Ave at Vaughan Rd,2,1,1,0.00010715117474516933,0.0041156273883556785
5927,Victoria Park Ave at O'Connor Dr South Side,3,1,2,0.00011633492236016134,0.022975954886711412
5928,Spadina Ave at Sullivan St,2,1,1,0.00011062853171393727,0.005136112292641429
5929,Dundas St West at Brock Ave,2,1,1,0.00011062853171393727,0.0029760538963425755
5931,Morningside Ave at Walkway to McKnight Dr,3,2,1,0.000247439201238008,0.008193233375868424
5932,Neptune Dr at Rajah St,2,1,1,0.0001265467726998001,0.001406848149723522
5933,Kipling Ave at New Toronto St South Side,2,1,1,0.00010402834346932716,0.0
5934,Lambton Ave at Weston Rd,2,1,1,9.916811679947329e-05,0.00473468736707784
5936,Eglinton Ave West at Renforth Dr East Side,2,1,1,3.279608585835858e-05,0.0021708221278522524
5937,Davenport Rd at Avenue Rd West Side,2,1,1,0.00011062853171393727,0.0021161616987861137
5938,Parliament St at Wellesley St East North Side,3,2,1,0.00021512225657477512,0.0069532699329594265
5939,Park Lane Cir at Lawrence Ave East,2,1,1,6.338671583231865e-05,0.00579743169066861
5940,Dixon Rd at Islington Ave,4,2,2,0.00011164617979514971,0.008204042069720727
5941,Pharmacy Ave at Chester Le Blvd (South),2,1,1,0.00011062853171393727,0.000703424074861761
5942,Cherry Beach Loop at Clarke Beach,2,1,1,7.689626056997761e-05,0.00024923868350809706
5943,Dundas St West at Indian Grove,2,1,1,0.00010528198371966631,0.0037073109986791738
5944,Islington Ave at Albion Rd,2,1,1,9.75665172281207e-05,0.0028919619754005383
5947,Main St Markham North at Robinson St,2,1,1,9.776259547557148e-05,0.0035091450446618462
5949,Middlefield Rd at Steeles Ave East,2,1,1,0.0001151815581151645,0.0062611654615057424
5950,Markham Rd at Eglinton Ave East,4,2,2,0.00010875417158721145,0.026341668947102808
5951,Toronto South Detention Centre,2,1,1,0.00011850571982011937,0.008790237046915056
5952,Jane St at Frith Rd,4,2,2,0.0002693110455775762,0.024464613372370277
5953,Moore Park Ave at Fargo Ave,2,1,1,5.478993231880461e-05,0.005134821048793827
5956,Queens Quay West at Lower Spadina Ave East Side,4,2,2,0.00017955647828625008,0.008609710153733975
5957,Lambton Ave at Cashman Cres (East),2,1,1,6.502673135691021e-05,0.0011874310194799598
5958,Yonge St at Ellerslie Ave,2,1,1,8.12818832607952e-05,0.009220606845073592
5959,Queens Quay West at Lower Spadina Ave West Side,2,1,1,6.70170856444066e-05,0.009936805006987907
5961,Birchmount Rd at Pinegrove Ave,3,1,2,9.57514736476766e-05,0.00309746796147144
5962,Morningside Ave at McLevin Ave,3,1,2,0.00022213995854572085,0.008092744222316744
5963,Weston Rd at Garyray Dr,3,1,2,0.00011059376931134982,0.00627647716164081
5964,Midland Ave at Treewood St,2,1,1,9.092141139861357e-05,0.002900361548277329
5965,Rexdale Blvd at Precision Rd,2,1,1,8.800734327825429e-05,0.0015367131008081668
5966,Sheppard Ave East at Ambrose Rd,2,1,1,0.00010409289821981677,0.010320819028376983
5967,Queen St West at Dunn Ave,2,1,1,0.00011226382463874345,0.0016789338732607554
5968,Antibes Dr (North) at Plum Treeway (South) North Side,2,1,1,0.00010835020911156032,0.001406848149723522
5969,Glencairn Ave at Caledonia Rd East Side,2,1,1,0.00011062853171393727,0.0073690136785628055
5970,Queen St West at Shaw St,4,2,2,0.00020362566050912163,0.005400643503812245
5971,Progress Ave at Sheppard Ave East,2,1,1,0.0001012648244727152,0.006349905139994463
5972,Carnforth Dr at Lawrence Ave East,3,1,2,0.00011062853171393727,0.00044948957890259466
5973,Lawrence Ave West at Weston Rd  West Side,4,2,2,0.00015070027747736772,0.015170536823726119
5974,Steeles Ave East at Woodbine Ave,4,2,2,0.00013241210534074109,0.01943767904728666
5975,Huntingwood Dr at Dibgate Blvd,2,1,1,7.467741119732668e-05,0.0018342372040266552
5976,Littles Rd at Birrell Ave,2,1,1,5.675344694151611e-05,0.005766799068293114
5977,Park St at Claremore Ave,2,1,1,9.931051264753762e-05,0.0011752091308662978
5978,Renforth Dr at Eglinton Ave West South Side,2,1,1,0.00012045104315772158,0.0024117396852403232
5979,Neilson Rd at Silverbell Grove,2,1,1,0.00010491888297502406,0.0019092560168591658
5980,Lawrence Ave East at Cedarbrae Mall,2,1,1,0.00011222961684891159,0.0
5981,Oakwood Ave at Eglinton Ave West,2,1,1,0.00019141687138942326,0.01321232406790834
5982,Jane St at Page Ave,3,1,2,0.000140078340637564,0.03220728766253727
5983,Leslie St at Thorny Vineway,2,1,1,0.0001130971568283517,0.0013090174393874947
5984,Ossington Ave at Dundas St West North Side,2,1,1,0.00011371539475582706,0.0063427921504272
5985,Lake Shore Blvd West at Superior Ave,3,1,2,0.00014951129242585145,0.003779867631224048
5987,Ellesmere Rd at Oakley Blvd East Side,2,1,1,0.00010521538444263745,0.00020097830710336028
5988,Dupont St at Manning Ave East Side,2,1,1,0.00011062853171393727,0.009338517682885482
5989,Brian Ave at Margaret Ave,2,1,1,7.503824526406616e-05,0.006640151860403881
5990,Rexdale Blvd at Brydon Dr,2,1,1,8.720483300750644e-05,0.002476345393804055
5991,6900 Airport Rd - International Centre - North Entrance,2,1,1,0.0001652745180213189,0.0051323904721395155
5992,McLevin Ave at Empringham Dr East Side,2,1,1,0.00012329317343614976,0.0027229370480646533
5993,Birchmount Rd at Eglinton Ave East,2,1,1,8.992434168244467e-05,0.011381858783496386
5994,Lawrence Ave East at Wanless Cres (West),2,1,1,0.00014989103528170752,0.007422281045553057
5995,Bathurst St at Tichester Rd South Side,2,1,1,0.00011192327777231203,0.001649426268949876
5996,Sheffield St at Densley Ave South Side,2,1,1,6.863530057178352e-05,0.006357301283975945
5997,22 Steinway Blvd,2,1,1,0.00011432091145197276,0.005635899617184177
5998,Bayview Ave at York Mills Rd,2,1,1,0.00011062853171393727,0.006220225435984688
5999,Underhill Dr at Brookbanks Dr,2,1,1,8.471213008997067e-05,0.03142964355225096
6000,1792 Birchmount Rd,2,1,1,0.00011062853171393727,0.0020254147171416418
6001,Lake Shore Blvd West at Mimico Ave,2,1,1,0.0001103096049687972,0.004300237273886785
6002,Senlac Rd at Park Home Ave South Side,2,1,1,0.00011062853171393727,0.005134517226712038
6003,Finch Ave West at Keele St,2,1,1,6.795875478501453e-05,0.00010048915355168014
6004,Dundas St West at Brock Ave,2,1,1,0.00010981958172803433,0.009152024130224895
6006,Rathburn Rd at Martin Grove Rd,2,1,1,0.00011062853171393727,0.007794917673022273
6007,John Garland Blvd at Jamestown Cres (West),2,1,1,5.9710832973626716e-05,0.004056734110281112
6008,Meadowvale Rd at Lavery Trail,2,1,1,9.817364907534519e-05,0.000885970509003261
6009,Bathurst St at Dundas St West  - Toronto Western Hospital,2,1,1,0.000132771159617044,0.0017383332320593061
6010,Scarlett Rd at East Dr,2,1,1,0.00010595071097411476,0.0010796380972635758
6011,Marlee Ave at Lawrence Ave West,2,1,1,0.00010488821593716512,0.0005223840918757975
6012,Dixon Rd at Dixington Cres East Side,2,1,1,0.00010252529564520665,0.0006444066354742662
6014,Willowdale Ave at Northwood Dr,2,1,1,8.664331446004404e-05,0.0018555933645257338
6015,St Clair Ave West at Deer Park Cres East Side,3,1,2,0.00012402917403259097,0.0008908443215652914
6016,Gerrard St East at Osborne Ave,2,1,1,9.953566948802572e-05,0.011163653374840104
6017,Grandravine Dr at Sentinel Rd,2,1,1,7.62485572712579e-05,0.00040314658402706044
6018,Lansdowne Ave at Brandon Ave North Side,2,1,1,0.00011062853171393727,0.0013063589961718417
6019,Kipling Ave at Rexdale Blvd,2,1,1,0.00010997481738201904,0.004590862451817781
6020,St Clair Ave East at Inglewood Dr East Side,3,1,2,0.000153926657873248,0.002565033116606915
6021,Prince Edward Dr South at Berry Rd,2,1,1,0.0001158690785500525,0.01170016986770496
6022,Wellesworth Dr at Dixfield Dr (North),2,1,1,0.0001028521289001516,0.0009793704806465334
6023,Ossington Ave at Dupont St,2,1,1,0.00010967166542084257,0.0066053704011216595
6024,Kipling Ave at Dixon Rd,4,2,2,0.00016705930932892326,0.00880624744580946
6025,Opposite 840 Tandridge Cres,2,1,1,8.557719857668779e-05,0.005790085008037475
6026,Bay St at Gerrard St West,2,1,1,0.00010416589315393235,0.003974842650984163
6027,Gentian Dr at Renforth Dr,2,1,1,0.00010692714150832124,0.00027594640578477243
6028,Steeprock Dr at Chesswood Dr East Side,2,1,1,0.00011062853171393727,0.0006029349213100808
6030,Brimley Rd at Britwell Ave,2,1,1,9.268740161810337e-05,0.0006029349213100808
6031,Midland Ave at Romulus Dr,2,1,1,0.00011062853171393727,0.0050698012856574435
6032,Wilson Ave at Clyde Ave,2,1,1,0.0001371866028325922,0.00010048915355168014
6033,Humber College Blvd at Highway 27,5,3,2,0.00032745642142457314,0.15219496858080978
6034,Pharmacy Ave at Beverly Glen Blvd,2,1,1,9.576798310027796e-05,0.0026127179923436834
6035,Eglinton Ave East at Falcon St West Side,2,1,1,0.00011190222774617119,0.020782878818075556
6036,Weston Rd at Fern Ave,2,1,1,0.00012652809319214198,0.010949129002738655
6038,College St at Ossington Ave,2,1,1,0.00010059894797064195,0.005180100629689611
6039,Finch Ave West at Westmore Dr,2,1,1,8.822431884031686e-05,0.0019667419763817235
6040,Avenue Rd at Douglas Ave,2,1,1,0.00011062853171393727,0.0009044023819651212
6041,King St West at Sudbury St,2,1,1,0.00010537681738105191,0.005661264541262415
6043,Staines Rd at Seasons Dr South Side,3,2,1,0.0001536182302863485,0.0013382740776403043
6044,Warden Ave at Manhattan Dr,2,1,1,0.00010354071763240481,0.00010048915355168014
6045,Weston Rd at Garyray Dr,2,1,1,1.9829088692219773e-05,0.000666259247401147
6046,Main St at Lyall Ave North Side,2,1,1,0.0001077263210538117,0.00021054870267971077
6047,Yonge St at Fairlawn Ave,2,1,1,0.00015163923835724645,0.010519105345243161
6048,Bellamy Rd North at Braeburn Blvd South Side,2,1,1,0.00011062853171393727,0.005140365801786474
6049,Bergamot Ave at Rexdale Blvd North Side,2,1,1,0.00010864475894389541,0.005371251595065929
6050,88 Park Lawn Rd,3,2,1,0.00011886994959275178,0.0031150751453282296
6051,Progress Ave at Bellamy Rd North East Side,2,1,1,7.559380992391464e-05,0.0003014674606550404
6052,Sheppard Ave East at Havenview Rd,4,2,2,0.00010644495275546225,0.007565536954892548
6053,Horner Ave at Thirtieth St,2,1,1,7.440658855664853e-05,0.004737877498936623
6054,Wilmington Ave at Sheppard Ave West North Side,2,1,1,0.00011062853171393727,0.01028285835814547
6056,Ellesmere Rd at Borough Approach East,2,1,1,0.00010677348316215861,0.00010048915355168014
6058,Dundas St West at Sorauren Ave,3,2,1,0.00020764663983532028,0.015236527141879622
6059,Senlac Rd at Finch Ave West,2,1,1,9.837667836325027e-05,0.0032092726499361973
6060,Danforth Ave at Pharmacy Ave,2,1,1,0.00017962503660905608,0.005396435592856728
6061,Weston Rd at Jane St,4,2,2,0.00010622514697765671,0.05248974236334658
6062,Dufferin St at Castlefield Ave,4,2,2,0.00013965362762502126,0.01598964311953466
6063,Signal Hill Ave at Steeles Ave West,2,1,1,0.0001132079805953549,0.005434921310080817
6064,Brimley Rd at Danforth Rd,4,2,2,9.175033620895278e-05,0.015136885773024654
6065,Finch Ave West at Ardwick Blvd (West),2,1,1,8.077127761179148e-05,0.005770208599177655
6066,Steeles Ave West at Adesso Dr,3,1,2,0.00010292222976359766,0.005351863166576712
6068,York Mills Rd at Cedarwood Ave West Side,2,1,1,0.00014508824793328692,0.004923968524032327
6069,Industry St at Bertal Rd South Side,2,1,1,9.514174329613062e-05,0.000789238621863037
6070,Sheppard Ave East at Yonge St East Side,2,1,1,1.8498582991753222e-05,0.0
6071,Norfinch Dr at Finch Ave West North Side,2,1,1,8.412433382340906e-05,0.0016026336310789734
6072,Islington Ave at Bergamot Ave,2,1,1,6.254375641055901e-05,0.0036958752038139795
6073,580 Rathburn Rd - Seneca School,2,1,1,9.915745018570062e-05,0.009000787515642433
6074,McCowan Rd at Horfield Ave,2,1,1,7.979906988413209e-05,0.0006298738125620303
6075,Varsity Rd at Doran Ave,2,1,1,9.96585729938711e-05,0.0005957748475825889
6076,Progress Ave at Estate Dr East Side,2,1,1,8.902965067852727e-05,0.0
6077,Midland Ave at Sheppard Ave East,2,1,1,0.00011062853171393727,0.00193868686626144
6078,Eastern Ave at Minto St East Side (Post Office),2,1,1,9.612628572335771e-05,0.0003014674606550404
6079,Gerrard St East at Rathmore Ave West Side,2,1,1,8.347791433441616e-05,0.006962502467355529
6080,Bayview Ave at Burleigh Heights Dr North Side,2,1,1,0.00011062853171393727,0.003957324390836726
6082,Keele St at Dundas St West,6,3,3,0.00016128160617442496,0.013308955693371271
6084,Pharmacy Ave at Rosita Cres North Side,2,1,1,0.00011036313742931363,0.004503934495959166
6085,Birchmount Rd at Kingston Rd,2,1,1,0.00014747879106183113,0.00022596767333049768
6086,Leslie St at Francine Dr South Side,2,1,1,6.383328502129024e-05,0.00268992804480363
6087,Pharmacy Ave at Arnall Ave,2,1,1,0.000100953589142037,0.002311250531688643
6088,Tuscan Gate at Sheppard Ave West,2,1,1,0.00013987057662159593,0.0009264265615286458
6089,Opposite 950 Dixon Rd,2,1,1,0.00013052001652710696,0.0
6090,Weston Rd at Sunset Trail,2,1,1,6.759091206389947e-05,0.004606860555791862
6091,Kipling Ave at Horner Ave,4,2,2,0.0001231923641904,0.0
6092,Warden Ave at Danforth Ave,2,1,1,0.00015361044681835888,0.011559983729938005
6094,Ranee Ave at Mikado Ave,3,1,2,0.00011062853171393727,0.0003014674606550404
6095,McCowan Rd at Highway 401,3,1,2,0.0002616812794457398,0.006036438395009215
6096,Victoria Park Ave at Farm Greenway,3,2,1,0.00017506657592180857,0.0037073623934190158
6097,McCowan Rd at Nugget Ave,2,1,1,0.0002584774425599911,0.014165355168013611
6098,Finch Ave East at Longmore St,2,1,1,0.00010325178925155393,0.0003014674606550404
6099,Spadina Ave at Harbord St North Side,2,1,1,0.00011094740024058755,0.0013015737983836666
6100,Dawes Rd at Goodwood Park Crt,2,1,1,0.00010320463427564535,0.007801290231107332
6101,McCowan Rd at Hollyhedge Dr (North) South Side,2,1,1,0.00010753789640164966,0.0009006805614632071
6102,Birchmount Rd at Vauxhall Dr,2,1,1,0.00011062853171393727,0.014914929817099108
6103,Sheppard Ave West at Weston Rd,3,1,2,0.00010425992136418007,0.005161018070599519
6104,Mt Pleasant Rd at Soudan Ave,3,2,1,6.644929664647065e-05,0.0016688908974904295
6105,Leslie St at Francine Dr,2,1,1,0.00010677351981822333,0.0006055933645257338
6107,Steeles Ave East at Strawberry Hills Dr,2,1,1,9.191144787875044e-05,0.00010048915355168014
6108,The Westway at Kipling Ave East Side,2,1,1,0.00011437224820541267,0.000703424074861761
6109,Yonge St at Sherwood Ave,2,1,1,0.00010326019381530916,0.007235024103218489
6110,Finch Ave West at Weston Rd West Side,3,2,1,0.00016442330745184127,0.010404833993455858
6111,Albion Rd at Bankfield Dr South Side,3,1,2,0.0001824755013643628,0.019020629519353467
6112,Woodbine Ave at Cassels Ave,2,1,1,0.00011944994119247239,0.0060341344108889835
6114,2900 Warden Ave - Bridlewood Mall,2,1,1,0.0001232353782610955,0.0
6116,Leslie St at Talwood Dr (South) South Side,2,1,1,0.00011262195842904395,0.0018207033112924225
6117,Thistle Down Blvd at Kenhill Dr,2,1,1,7.960110813945984e-05,0.0055322203317737136
6118,Carrier Dr at Albion Rd,2,1,1,0.000112355321060366,0.001146653019991493
6119,Middlefield Rd at Richmond Park Blvd,2,1,1,8.670289299784738e-05,0.008275290656458245
6121,Tapscott Rd at Washburn Way,4,2,2,0.00025452628582639796,0.010705568552389055
6123,Finch Ave East at Markham Rd,3,1,2,0.0001889810594085028,0.006260943924571104
6124,Victoria Park Ave at Tempo Ave,2,1,1,0.00010420986887499492,0.0
6125,546 The West Mall,2,1,1,0.00011062853171393727,0.0011053806890684815
6126,Brimley Rd at St Clair Ave East,2,1,1,9.791942434531203e-05,0.010605126019439068
6127,Broadview Ave at Mortimer Ave North Side,2,1,1,0.0001747772626739772,0.03295049180225701
6128,Roywood Dr at Fortrose Cres (East),2,1,1,8.760931115813381e-05,0.006437154402381965
6130,King St West at Niagara St,2,1,1,0.00010207004695494672,0.005962732001917455
6131,Victoria Park Ave at Terraview Blvd,3,1,2,0.00010851121924214269,0.002610542902439968
6132,1685 Finch Ave West - St Wilfreds School,2,1,1,7.87903046642527e-05,0.0041641322841344105
6133,Bayview Ave at Post Rd North Side,2,1,1,6.723361359975625e-05,0.005565150847663608
6134,Berry Rd at Ballacaine Dr,3,2,1,0.00019292155713931434,0.01886697150148873
6135,Queen St East at Carlaw Ave,2,1,1,0.00011142031972302576,0.007818707499934152
6137,Parkside Dr at The Queensway North Side,2,1,1,0.00010111594374868403,0.00397809442790302
6138,Bathurst St at Laurelcrest Ave,2,1,1,0.00011062853171393727,0.002073054019566142
6139,Dundas St West at Gladstone Ave,2,1,1,0.00011062853171393727,0.0031770322034459357
6140,Cliff St at Cordella Ave,2,1,1,7.554005842365353e-05,0.00034347086346235643
6141,Staines Rd at Warbler Cir,2,1,1,0.00014719345877106443,0.0012377849240886242
6143,Islington Ave at The Kingsway North Side,2,1,1,0.00013324062737415075,0.003268314458386502
6145,Bayview Ave at York Mills Rd,2,1,1,9.132746029578363e-05,0.005062705079905207
6146,Carlton St at Parliament St,2,1,1,0.00011062853171393727,0.003371295865759369
6147,Glencairn Station,2,1,1,0.00011062853171393727,0.006565100450149365
6148,Highview Ave at South Edgely Ave,2,1,1,7.862377305932507e-05,0.0020771574553038515
6149,Milner Ave at Executive Crt,2,1,1,8.408389477001921e-05,0.002009783071033603
6150,Opposite 580 Rathburn Rd - Seneca School,2,1,1,0.0001052420287287442,0.008397852594332353
6151,Burnhamthorpe Rd at Ashbourne Dr,2,1,1,0.00011062853171393727,0.005124415142492556
6152,Birchmount Rd at Cass Ave,2,1,1,0.00011124459820298729,0.0025278604849000423
6153,The East Mall at Keane Ave North Side,2,1,1,9.977938417150256e-05,0.003247172507061915
6154,Bay St at Davenport Rd,2,1,1,0.00010685456522977973,0.0023171400058894743
6155,Caledonia Rd at Glencairn Ave,2,1,1,0.00011991560582633913,0.002736867290514675
6156,St Clair Ave East at Pharmacy Ave West Side,2,1,1,8.604456901729063e-05,0.01058241987481202
6157,McCowan Rd at Finch Ave East,2,1,1,0.0001239537903753697,0.009886218630370055
6159,Dundas St West at Chestnut Hills Cres,2,1,1,9.414326225006223e-05,0.012425076208705515
6160,Sheppard Ave West at Dufferin St - Sheppard West Station,6,5,1,0.00033199405073731626,0.002567613072451439
6161,115 Milner Ave,2,1,1,7.413720603001027e-05,0.002210761378136963
6162,Murison Blvd at Breckon Gate,2,1,1,0.00011062853171393727,0.0006029349213100808
6163,Dundas St West at Beverley St,2,1,1,0.00010315623580401615,0.004181923738962737
6164,The Esplanade at Lower Sherbourne St,2,1,1,9.434903927572896e-05,0.002723486459662555
6165,Rathburn Rd at Remington Dr,2,1,1,0.00010463284853313472,0.0006125053168864313
6166,Bathurst St at Wilson Ave,2,1,1,7.872563194181295e-05,0.0
6167,Royal York Rd at Thompson Ave,2,1,1,0.00011740407002246264,0.001301042109740536
6171,Danforth Ave at Jones Ave,4,2,2,0.00011670163613621522,0.026688332041529074
6173,Pharmacy Ave at Lawrence Ave East,2,1,1,0.00010686362135120823,0.007535091450446619
6174,Bathurst St at Fort York Blvd,2,1,1,0.00010282584981692516,0.0003014674606550404
6175,Rathburn Rd at Haliburton Ave,2,1,1,0.00011062853171393727,0.007593939365918912
6177,Kipling Ave at Finch Ave West,2,1,1,7.687841809797118e-05,0.0011348277115587778
6178,Lambton Ave at Guestville Ave,2,1,1,7.185019005994793e-05,0.0010869418659282797
6179,Graydon Hall Dr at Don Mills Rd,2,1,1,0.00010515883858103298,0.005532752020416844
6180,Symington Ave at Antler St,2,1,1,0.0001131569685972808,0.010549715027343446
6181,Kipling Ave at Belfield Rd - Etobicoke North GO Station,3,1,2,0.00011345720965370035,0.0036255093021953927
6183,Wellesley St East at Church St,2,1,1,0.00013836553866728468,0.0025154569484110104
6185,715 Milner Ave,2,1,1,0.00011062853171393727,0.0010048915355168014
6186,Underhill Dr at Doonaree Dr South Side,2,1,1,0.00011769601411251796,0.028631279933193733
6189,Finch Ave East at Bridletowne Circle (East),2,1,1,9.076894859926147e-05,0.00010048915355168014
6191,Anglesey Blvd at Royal York Rd,2,1,1,8.521584024561555e-05,0.002292085371473132
6192,Carluke Cres at Fifeshire Rd (East) West Side,2,1,1,0.00011062853171393727,0.0017083156103785623
6193,1121 Leslie St,2,1,1,0.00010097915806313388,0.002860927973911811
6195,Bloor St West at Palmerston Blvd,2,1,1,0.00011062853171393727,0.01711669585834462
6196,Don Mills Rd at Cliffwood Rd (South),2,1,1,9.290164471947052e-05,0.00010048915355168014
6198,Brookbanks Dr at Valley Woods Rd,3,1,2,8.978705413104744e-05,0.03132915439869928
6199,Woodbine Ave at Milverton Blvd,2,1,1,0.00011393847551973639,0.003658226636188142
6200,Davenport Rd at Lightbourn Ave,2,1,1,7.586445422376127e-05,0.007580242488786445
6201,Islington Ave at Duncanwoods Dr North Side,2,1,1,0.00011062853171393727,0.0021885379005387776
6202,Davenport Rd at Avenue Rd,2,1,1,8.270413684202785e-05,0.004879245032949285
6203,McNicoll Ave at Mogul Dr,2,1,1,0.00011010504487655155,0.0067817772579044375
6204,Crosby Ave at Varsity Rd,2,1,1,8.238461280063791e-05,0.0011987097688926699
6206,Warden Ave at Cloverleaf Gate,2,1,1,9.548726784255925e-05,0.00020097830710336028
6207,Keele St at Arrowsmith Ave,2,1,1,0.00010679345189042606,0.00010048915355168014
6209,McNicoll Ave at Morbank Dr,3,1,2,0.00011062853171393727,0.0032678470154544163
6210,101 Duncan Mill Rd,2,1,1,7.704628984869097e-05,0.006768396427052318
6211,Bayview Ave at McKee Ave,2,1,1,0.00011020208207848358,0.007325606125053169
6212,The Westway at Islington Ave,2,1,1,7.956073070035442e-05,0.0020368991918332624
6213,Birchmount Rd at Huntingwood Dr,2,1,1,0.0001295368699032486,0.002929817099106763
6214,Calvington Dr at Lexfield Ave,2,1,1,8.194032016429922e-05,0.005075889870449653
6215,Midland Ave at Lawrence Ave East,2,1,1,0.00011062853171393727,0.0005350456333477875
6216,Royal York Rd at Kingsgrove Blvd,2,1,1,0.00017072404672063756,0.005548678310647951
6217,St Clair Ave East at Hodder St,2,1,1,0.00010246471254217069,0.00997948495350194
6218,Dundas St West at Dovercourt Rd,2,1,1,0.00011062853171393727,0.0033780105105492954
6219,Mortimer Ave at Dewhurst Blvd,2,1,1,8.125404957753739e-05,0.0029300706736904106
6220,Maybrook Dr at Passmore Ave,3,1,2,0.00011226709299800796,0.010251577342974622
6222,Kennedy Rd at Flora Dr,2,1,1,0.00013237892453709803,0.014899667504709243
6223,Mortimer Ave at Dunkirk Rd,2,1,1,0.00011021611373477431,0.00493349422270626
6225,Dufferin St at King St West,4,2,2,0.00012794173690440193,0.010972865085604347
6226,Runnymede Rd at St John's Rd,2,1,1,0.0001551878812951606,0.00341237771161208
6227,Bellamy Rd North at Pandora Cir,2,1,1,9.529883468986546e-05,0.0008039132284134411
6229,Yonge St at King St East - King Station,2,1,1,6.706895613408411e-05,0.002021923295051751
6231,Caledonia Rd at Orfus Rd,3,1,2,0.00011062853171393727,0.002234421522756274
6232,2050 McCowan Rd,3,2,1,0.0002845788902984043,0.01426584432156529
6233,241 Woodsworth Rd,2,1,1,9.756706189833654e-05,0.005533815397703105
6236,Royal York Rd at Cobble Hills,2,1,1,0.000142174894344625,0.003960017014036581
6238,Lawrence Ave East at Megan Ave,2,1,1,9.556087590995718e-05,0.009567790301999151
6239,Dundas St West at Runnymede Rd,3,1,2,0.0001704989466563538,0.0085669451968927
6240,Victoria Park Ave at Danforth Ave,2,1,1,0.0001229961338146809,0.004158071033602723
6241,Weston Rd at Wilby Cres - Weston GO Station,2,1,1,9.417619075731615e-05,0.00040195661420672056
6242,King St West at Tecumseth St,2,1,1,0.00013754015804390662,0.004559390831839986
6243,30 Drewry Ave,2,1,1,0.00010269975900237542,0.002311250531688643
6244,Islington Ave at Evans Ave,2,1,1,0.00019534095685750307,0.014409477086614473
6246,Atkinson Rd at Spring Gate Blvd South Side,2,1,1,0.00011062853171393727,0.0008039132284134411
6247,Albion Rd at Benstrow Ave,2,1,1,9.008077872562603e-05,0.008231071884304551
6248,949 Wilson Ave,2,1,1,0.00018105153542059593,0.00025202041684389625
6249,Sheppard Ave East at Morningside Ave West Side,3,1,2,0.00011997041268837561,0.0011827372165369764
6250,2950 Midland Ave,2,1,1,8.881311138272239e-05,0.002742600094674881
6251,Victoria Park Ave at Deanvar Ave,2,1,1,0.00011268305782872177,0.00010048915355168014
6252,King St West at Strachan Ave,2,1,1,0.00010335548562632538,0.005862242848365775
6254,Birchmount Rd at Glendower Circt (South),2,1,1,0.00011062853171393727,0.013608570820927266
6255,Islington Ave at Van Dusen Blvd,3,2,1,0.00010420836798834699,0.0059528569403090896
6256,McCowan Rd at McNicoll Ave,2,1,1,0.00010420706355159027,0.007442577626541897
6257,Bloor St West at Laurel Ave,2,1,1,0.00010655952052997296,0.003451192911799929
6258,Steeles Ave West at Gihon Spring Dr,2,1,1,0.00010269132493409113,0.0010545911314334326
6259,Yonge St at Ranleigh Ave,2,1,1,0.0001454873071525606,0.01041861619169148
6260,Caledonia Rd at Playfair Ave,2,1,1,0.00011062853171393727,0.0025358889834113142
6261,Ellesmere Rd at McCowan Rd,4,2,2,0.00011676188867338065,0.011397434806026889
6262,Huntingwood Dr at Colinayre Cres,2,1,1,0.00010024302071635311,0.0010303239756132144
6263,Keele St at St Regis Cres,4,2,2,0.00010128119685884454,0.008042444517989968
6264,Wilson Ave at Lexfield Ave West Side,2,1,1,0.000122433722119197,0.00020097830710336028
6265,Clayson Rd at Bartor Rd,2,1,1,3.1204387789474836e-05,0.0027121437686091028
6266,87 Skyway Ave,2,1,1,0.00010100020557333032,0.00020097830710336028
6267,The Queensway at Royal York Rd,2,1,1,0.0001055511602033694,0.0008617854922618853
6268,Bay St at Adelaide St West North Side,2,1,1,9.150023864357046e-05,0.003623499002061316
6270,2278 Brimley Rd,2,1,1,9.930663226146469e-05,0.0
6271,Bellamy Rd North at Eastpark Blvd,2,1,1,8.383873437127606e-05,0.0011053806890684815
6272,Parliament St at Gerrard St East,2,1,1,0.00010103914631909067,0.005040747905858497
6273,154 Norfinch Dr,2,1,1,6.301500432567646e-05,0.0011153889458803512
6274,Brimley Rd at Golden Gate Crt,2,1,1,5.3085699717513684e-05,0.001605297419312732
6275,Willowdale Ave at Sheppard Ave East,2,1,1,0.00011062853171393727,0.00044874521480221184
6276,Driftwood Ave at Laskay Cres,2,1,1,0.00010145066747137762,0.005835814547001276
6277,O'Connor Dr at St Clair Ave East,2,1,1,0.0001955021617108526,0.008484337183800178
6278,Jane St at Alliance Ave,4,2,2,0.00013612557326481538,0.037713439846723394
6280,Avenue Rd at Davenport Rd,2,1,1,0.000135729996686188,0.0010559336452573374
6281,Bathurst St at Fairlawn Ave,2,1,1,0.00011760508786582067,0.001008081667375585
6282,Danforth Ave at Glebemount Ave,2,1,1,8.448957821385853e-05,0.009220398904683048
6283,Dufferin St at Hope St,2,1,1,0.00010016164523009896,0.00010048915355168014
6284,Van Horne Ave at Don Mills Rd East Side,2,1,1,4.4381603119900235e-05,0.002000708918190841
6286,Sheppard Ave East at Willowdale Ave,2,1,1,0.00010294216576075483,0.014805180419679568
6287,Parliament St at Queen St East,2,1,1,9.657201185827124e-05,0.005442704520065217
6288,Ossington Ave at Pendrith St,2,1,1,0.00010368054178381278,0.006404392094018298
6289,Opposite 715 Milner Ave,2,1,1,0.00010094820611753253,0.0007183113568694173
6290,Duncan Mill Rd at Don Mills Rd,2,1,1,8.839658015842062e-05,0.006567418119948958
6291,Bloor St West at Resurrection Rd,4,3,1,0.00013388518811025503,0.0381429967389161
6292,1901 Eglinton Ave East,2,1,1,0.00010513841620339516,0.0058219236648352065
6293,Davean Dr at Dunlace Dr,2,1,1,0.00010383199097831287,0.0051318587834963845
6294,Kipling Ave at St Andrews Blvd South Side,2,1,1,0.00017752371127128667,0.0008386576258129169
6295,Mortimer Ave at Glebemount Ave,2,1,1,0.00011014396407978776,0.00503398337625794
6298,Steeles Ave West at Islington Ave East Side,3,2,1,0.00014725208775735873,0.004595388204385898
6299,Sheffield St at Hafis Rd North Side,2,1,1,8.691663711875666e-05,0.006170312531648133
6300,Birchmount Rd at Merryfield Dr,2,1,1,0.00011062853171393727,0.015115908124202467
6301,Victoria Park Ave at Parma Crt South Side,2,1,1,0.00010837734191586796,0.005135580603998299
6302,Weston Rd at York Ave North Side,2,1,1,0.0001715252969880194,0.005901078301214665
6303,Neilson Rd at Milner Ave,2,1,1,0.00010302200377374475,0.00811379023110733
6304,Rogers Rd at Silverthorn Ave,2,1,1,7.119548294869709e-05,0.008872367600821496
6305,Birchmount Rd at Ellesmere Rd,2,1,1,0.00011062853171393727,0.014713951509995746
6306,Kingston Rd at Warden Ave,2,1,1,0.00011937387285843533,0.0006624992404447956
6307,Moore Park Ave at Yonge St West Side,2,1,1,3.3676157101204855e-05,0.0006003921289622445
6308,St Clair Ave East at Doris Dr,2,1,1,0.00010238259846517727,0.00045140365801786477
6309,Jane St at Weston Rd,3,2,1,0.00014551114618917697,0.033618302220494785
6310,Brimley Rd at Minerva Ave,2,1,1,9.510628423185579e-05,0.010705615172990748
6311,Brown's Line at Lake Shore Blvd West North Side,2,1,1,0.00014207186388902899,0.0011215150226209349
6313,Steeles Ave West at New Westminster Dr,2,1,1,0.00011107574861741966,0.00010048915355168014
6315,Beechgrove Dr at Janellan Ter,2,1,1,4.9885085590126045e-05,0.0065594427903020005
6316,Baldoon Rd at Finch Ave East South Side,3,2,1,6.996258976452452e-05,0.0009892067205444493
6317,Danforth Rd at St Clair Ave East,3,1,2,0.00011191367558145905,0.003024422450310381
6319,3800 Yonge St,2,1,1,9.722113781008912e-05,0.0055119678280035585
6320,Finch Ave West at Albion Rd,2,1,1,5.5356806425528524e-05,0.0061721652133843756
6321,Finch Ave East at Chartland Blvd South,2,1,1,9.076208082403942e-05,0.0
6324,Davenport Rd at Osler St,2,1,1,0.000139493367797779,0.011604499976841536
6326,Ormont Dr at Weston Rd,2,1,1,0.00010230894282989804,0.00013675031901318587
6327,St Clair Ave East at Linden Ave - Scarborough GO Station,2,1,1,0.0001355672916974408,0.0
6328,Port Union Rd at Conference Blvd,4,3,1,0.0001505027998221682,0.00410195598869067
6331,29 Valley Woods Rd,2,1,1,6.507415747735414e-05,0.025660624489813925
6332,Pritchard Ave at Batavia Ave,2,1,1,7.475715913399982e-05,0.0001080509475873151
6333,Oakdale Rd at Eddystone Ave,2,1,1,6.014575604729227e-05,0.0020045902452856938
6334,Morningside Ave at Windermere Ave,2,1,1,0.00011062853171393727,0.009965440238196512
6335,Bloor St West at Green Lanes East Side,2,1,1,0.00013034987184656208,0.03804250758536442
6336,Sherbourne St at Shuter St,2,1,1,0.00011062853171393727,0.0009044023819651212
6337,4640 Finch Ave East,2,1,1,0.0001246843440930833,0.0
6338,Bayview Ave at Fife Rd,2,1,1,9.570222564740462e-05,0.004861726772801847
6339,Faywood Blvd at Dresden Rd,2,1,1,9.774005850286661e-05,0.006950765631646108
6340,Carrier Dr at Albion Rd,2,1,1,0.00011674534793715608,0.001749587941301574
6341,Victoria Park Ave at Huntingwood Dr,2,1,1,0.00013367438566030235,0.007196981780802496
6342,Bannatyne Dr at Beaverhall Dr,2,1,1,0.00011062853171393727,0.004930880476393024
6343,Bloor St West at Ossington Ave,2,1,1,0.00010564102894986962,0.017619141626103018
6344,Wynford Dr at Garamond Crt West Side,2,1,1,8.664480209220841e-05,0.0005024457677584007
6345,Hupfield Trail at Lady Bower Cres (South) North Side,2,1,1,0.00010366664069146706,0.006188412732170708
6346,Royal York Rd at Ashley Park Rd (North) North Side,3,1,2,0.00012822201563565937,0.004960630671345527
6348,Jane St at Sheppard Ave West,5,2,3,0.0002210997595196251,0.024062656758163554
6349,College St at Crawford St,2,1,1,0.00011062853171393727,0.002891975074780823
6350,Lansdowne Ave at Wallace Ave,2,1,1,0.00011062853171393727,0.004019566142067206
6352,Railside Rd (East) at Lawrence Ave East South Side,2,1,1,0.00010808719119154899,0.0003014674606550404
6353,Finch Ave East at Maxome Ave East Side,2,1,1,0.00010508157128348458,0.00010048915355168014
6354,Danforth Rd at Trudelle St,3,2,1,0.0001025411702752754,0.0014064366921805968
6355,Finch Ave East at Skymark Dr,2,1,1,9.55974858707421e-05,0.0
6356,Birchmount Rd at Sheppard Ave East,2,1,1,0.00011135354480804266,0.0026283496384517224
6357,Kennedy Rd at Steeles Ave East,2,1,1,0.00011062853171393727,0.0
6358,Culford Rd at Lawrence Ave West North Side,2,1,1,0.00010758429458938634,0.002596767333049766
6359,Warden Ave at Bertrand Ave,2,1,1,0.00010869365559898733,0.0
6360,Church St at George St,2,1,1,3.9840966638272164e-05,0.0020383820123824376
6361,O'Connor Dr at Glenwood Cres West Side,4,2,2,0.00033959435008024954,0.01841278002756158
6363,The Queensway at Grand Ave,3,1,2,0.00012815457120533767,0.0012005529561888559
6364,Kipling Ave at John Garland Blvd,2,1,1,9.038028597359326e-05,0.0008333602509037376
6365,Royal York Rd at Coney Rd North Side,2,1,1,0.00017713342253936225,0.0027227775414717143
6366,Warden Ave at Opposite Walkway to Seagrave Cres,2,1,1,0.00013500339292300562,0.0
6367,Dixon Rd at Attwell Dr,6,4,2,0.00018187519558269735,0.022287655093726405
6368,Bloor St West at Markland Dr (East),2,1,1,6.95733525529038e-05,0.0014059023317352392
6369,McNicoll Ave at Tiffield Rd East Side,3,2,1,0.00011370283147620351,0.010653533957181343
6370,Bayview Ave at Lawrence Ave East - York University Glendon C,2,1,1,0.0001247302363705099,0.006345628000243057
6371,North York General Hospital - Main Entrance,2,1,1,9.458054443199472e-05,0.005755330926694176
6372,Morningside Ave at Tefft Rd,3,2,1,0.00014287849620797942,0.005311242422684364
6373,Greenwin Village Rd at Elise Ter (West),2,1,1,0.00010756995488567833,0.0042838153977031055
6374,Eglinton Ave West at Kipling Ave,2,1,1,0.00012740088273613016,0.001993670118069181
6375,St Clair Ave East at Gidley Rd,2,1,1,0.00011617414200844464,0.00010048915355168014
6376,Lawrence Ave East at Ronan Ave,2,1,1,0.00011736679342237968,0.008424459703064553
6377,Kipling Ave at Holywell Dr,2,1,1,0.00014066117540065492,0.0
6378,Kingston Rd at Fallingbrook Rd,2,1,1,0.00012245033277365845,0.0014729329241301623
6379,Midland Ave at Hagley Rd,2,1,1,0.00010763777903367229,0.0007707984591320097
6381,Finch Ave East at Sandhurst Cir (West),2,1,1,0.00012741538652929303,9.995746490854956e-05
6383,Opposite 125 The Queensway,4,2,2,0.00017593275286320725,0.016727374603278472
6384,Bayview Ave at Kilgour Rd North Side - CNIB,2,1,1,9.857780643856076e-05,0.0014044555508294343
6385,Airport Rd at Highway 427 Overpass West Side,4,2,2,0.00015675085206126184,0.00206334150134876
6386,Victoria Park Ave at Gerrard St East,2,1,1,0.00014107175835499904,0.001847157775412279
6387,Victoria Park Ave at McNicoll Ave,4,2,2,0.00011546578651010038,0.006892032565123802
6388,Martin Grove Rd at Tollington Rd,2,1,1,8.685745370808269e-05,0.00812880272964326
6389,Cactus Ave at Homewood Ave,2,1,1,0.00011062853171393727,0.0024053594215227565
6391,2265 Midland Ave,2,1,1,0.00011062853171393727,0.0019959591663122078
6392,Sheppard Ave East at Warden Ave,4,2,2,0.0001694411700154986,0.046236962508096176
6393,Gerrard St East at Sackville St,2,1,1,8.658482376553504e-05,0.004801268992262748
6394,1180 Albion Rd,2,1,1,7.842191139891775e-05,0.003793598468736708
6396,Prince Edward Dr South at Kirk Bradden Rd East,2,1,1,0.00016188239722050504,0.018659332391433987
6397,Scarlett Rd at Richview Rd North Side,4,2,2,0.00015058968214288655,0.002685627100691404
6398,Pharmacy Ave at Huntingdale Blvd,2,1,1,9.02067050044814e-05,0.002813696299447044
6399,Gerrard St East  at Woodbine Ave,2,1,1,0.00011453194726336477,0.004735041826173261
6400,Dawes Rd at Secord Ave,2,1,1,0.00010787703272336044,0.007700801077555652
6402,Wilson Heights Blvd at Brighton Ave,2,1,1,9.241859684982267e-05,0.0012168580745781936
6403,Birchmount Rd at Steeles Ave East North Side,2,1,1,2.371876313723308e-05,0.002713207145895364
6404,Davenport Rd at Laughton Ave,2,1,1,0.0001794813489675432,0.01742653344126813
6405,Sheppard Ave East at Rainbow Ridge Ave,2,1,1,9.351938651708922e-05,0.0017205444491705658
6407,Warden Ave at Cataraqui Cres,2,1,1,9.484976209703057e-05,0.006827213850235969
6408,Burnhamthorpe Rd at Martin Grove Rd West Side,2,1,1,0.00010991553796897894,0.0072346873670778395
6410,Midland Ave at Emmeline Cres South Side,2,1,1,9.603859042385106e-05,0.0024411326340198405
6411,North Queen St at Eastside Dr,2,1,1,6.9797642701726e-05,0.0004902169289663973
6412,Dixon Rd at Havenridge Dr West Side,2,1,1,0.00010329306125373894,0.00010048915355168014
6413,Danforth Ave at Woodycrest Ave,2,1,1,9.746676698696872e-05,0.006650038774242101
6414,McCowan Rd at West Bay Drive,2,1,1,0.00011062853171393727,0.008223628243300724
6416,McCowan Rd at Huntingwood Dr,2,1,1,0.00011890094414442723,0.009584751169715015
6417,Dundas St East at Sherbourne St,2,1,1,0.00011062853171393727,0.011881181935414176
6418,Scarborough Golf Club Rd at Densgrove Rd,2,1,1,9.641403586804301e-05,0.003955074664453653
6419,The East Mall at The Queensway,2,1,1,6.57029760390924e-05,0.00048046285913151075
6420,The West Mall at Holiday Dr,2,1,1,9.262901274741385e-05,0.0014818162484049342
6421,Upper Highland Cres at Owen Blvd,2,1,1,0.00011062853171393727,0.00010048915355168014
6422,Dundas St West at Howland St,2,1,1,6.208547730798384e-05,0.008389559407344394
6423,Brimorton Dr at Linville Rd,2,1,1,9.050076445706628e-05,0.004156052971557013
6424,Kingston Rd at Poplar Rd,2,1,1,8.73476488513031e-05,0.0
6425,572 Trethewey Dr,2,1,1,9.006806462658247e-05,0.0003014674606550404
6426,Queen St East at Pape Ave,2,1,1,0.00016802108548026268,0.004793159307727577
6429,Grandravine Dr at Keele St West Side,2,1,1,6.366486854464512e-05,0.0006041248911304207
6431,Deauville Lane at Grenoble Dr South Side,2,1,1,0.00010694721929846188,0.002561941726924713
6432,Brimorton Dr at Orton Park Rd West Side,2,1,1,8.055857157109798e-05,0.004457520432212053
6433,Markham Rd at Tuxedo Crt,2,1,1,0.00014679934076094933,0.0
6434,Lawrence Ave East at Brockley Dr,4,2,2,0.0001263724715193137,2.126754572522331e-06
6435,Tapscott Rd at Crow Trail,2,1,1,9.4549269444563e-05,0.003537058698426201
6437,Royal York Rd at Strath Humber Crt,2,1,1,0.00013135040244119747,0.005061119824897207
6439,McNicoll Ave at La Peer Blvd,2,1,1,0.00012409914898261064,0.0062781794980859215
6440,Hupfield Trail at Horseshoe Cres (North),2,1,1,0.00010243857274823848,0.006288901885722387
6441,Hupfield Trail at Overlord Cres (East) East Side,2,1,1,0.00010472516606777394,0.006087923578619027
6443,Steeles Ave East at Hillcroft Dr,2,1,1,0.00010586261000228113,0.00010048915355168014
6444,Bloor St West at Acorn Ave,2,1,1,0.00013714175426102906,0.020656001420698587
6446,Victoria Park Ave at Pleasant View Dr,4,2,2,0.0001865291518277907,0.009903007332239571
6447,Van Horne Ave at Victoria Park Ave,2,1,1,9.242876219532568e-05,0.005935736566000285
6448,Sutherland Dr at Bessborough Dr,2,1,1,9.633578557014641e-05,0.008006584077697438
6449,257 Finchdene Sq,2,1,1,9.822278223936274e-05,0.0007845065929391749
6450,Glencairn Ave at Ennerdale St East Side,2,1,1,0.00011062853171393727,0.007067546217907766
6451,Gerrard St East at Sumach St,2,1,1,0.00011062853171393727,0.0030698284051043283
6452,Finch Ave East at Willowdale Ave,5,2,3,0.0001480383046623488,0.014643807852788075
6453,Steeles Ave East at Leslie St,5,2,3,0.0001170961052279192,0.040049716078134755
6454,Lawrence Ave East at Pharmacy Ave,4,2,2,0.00011542509347040226,0.009045230485521851
6455,Commander Blvd at Huntingwood Dr,2,1,1,6.836745684346476e-05,0.0019347263575783353
6456,Lawson Rd at Centennial Rd,2,1,1,9.979789198695462e-05,0.0003014674606550404
6458,Rogers Rd at Kane Ave,2,1,1,0.00010006361554124407,0.0
6459,Danforth Ave at Leyton Ave,3,1,2,0.00013424311686133897,0.011079556424987107
6460,Bayview Ave at Newton Dr,2,1,1,0.00010862612341686523,0.008330497660569971
6461,Bloor St West at South Kingsway,3,1,2,0.00011829885234973346,0.044577776233202894
6462,Lake Shore Blvd West at Thirty Ninth St West Side,0,0,0,1.6598932385570904e-05,0.0
6463,Dufferin St at Billy Bishop Way North Side,2,1,1,0.0001379365555380859,0.0
6464,Caledonia Rd at Summit Ave South Side,2,1,1,0.00010959282815767407,0.005325925138239047
6465,Curity Ave at Cranfield Rd South Side,2,1,1,0.00011062853171393727,0.002700677016872253
6467,Lawson Rd at Cedarview Dr East Side,2,1,1,9.894076291957384e-05,0.00040195661420672056
6468,Bloor St West at Manning Ave,2,1,1,0.00010951660192111339,0.00937919657943138
6470,Humber Blvd at Cliff St,2,1,1,7.520287588379961e-05,0.0005388757911206391
6471,Northover St at Slater Crt,2,1,1,5.0077160842445355e-05,0.0014624450665972752
6472,Cosburn Ave at Woodbine Ave,2,1,1,0.00011161457659611098,0.00040195661420672056
6473,Islington Ave at Leduc Dr South Side,2,1,1,0.00011180199169308019,0.0037596947289205906
6475,Signet Dr at Finch Ave West South Side,3,2,1,0.00012120211025255619,0.005912422018999007
6476,Don Mills Rd at Farmcote Rd North Side,2,1,1,9.190064872811058e-05,0.00020097830710336028
6477,Kingston Rd at Whitecap Blvd East Side,2,1,1,0.000108686340664561,0.0047373458102934925
6478,Dundas St East at Sherbourne St,2,1,1,8.494017807864613e-05,0.004985836967376177
6479,Ellesmere Rd at Dolly Varden Blvd,2,1,1,0.00017558898870998786,0.0
6480,The East Mall at West Deane Park Dr South Side,2,1,1,0.0001128930224064185,0.005172798809017439
6481,Sheppard Ave East at Scunthorpe Rd,2,1,1,0.00010257247305636274,0.0
6482,Bermondsey Rd at Sunrise Ave,2,1,1,9.606970026018676e-05,0.0019568268821777966
6483,The Queensway at Holbrooke Ave,2,1,1,0.0001045601078265528,0.0009622746458135654
6484,Wellesley St East at Jarvis St,2,1,1,0.00010038637861164125,0.00437374450305118
6485,Yonge St at Castlefield Ave,2,1,1,0.00010194996637863263,0.007335513256770169
6486,Scarlett Rd at Scarlettwood Crt North Side,2,1,1,0.00010467091556810699,0.000549234368353892
6487,Victoria Park Ave at Ruscica Dr,2,1,1,0.00011001167195084894,0.005196086771586559
6488,Rexdale Blvd at Frost St,2,1,1,7.813010613483916e-05,0.002677323700907415
6489,Parkside Dr at Geoffrey St,2,1,1,0.00010853321420208626,0.0036766269672479797
6490,Rogers Rd at Caledonia Rd,2,1,1,9.850270050655143e-05,0.0003014674606550404
6491,Kipling Ave at Torlake Cres (South),2,1,1,9.34373604030137e-05,0.0
6492,Rangoon Rd at Eringate Dr,2,1,1,0.00011314400324314772,0.0019092939174819227
6493,Martin Grove Rd at Porterfield Rd,2,1,1,0.00011062853171393727,0.006721954579919739
6494,Eastdale Ave at Secord Ave,2,1,1,0.00010988487977648995,0.0012058698426201616
6495,Steeles Ave East at Willowdale Ave,2,1,1,0.00010927827118390533,0.00010048915355168014
6497,Willowdale Ave at Finch Ave East,2,1,1,0.0001015496562834549,0.001252658443215653
6498,Opposite 4355-4363 Jane St,2,1,1,7.7384849206251e-05,0.0001999149298170991
6499,Wynford Dr at Wynford Heights Cres South Side,2,1,1,0.00010140984837069426,0.005827307528711187
6500,Rockcliffe Blvd at Lambton Ave,2,1,1,9.195469442961867e-05,0.005036154827732881
6501,Weston Rd at Rogers Rd,4,2,2,9.886044405110539e-05,0.003934073577873463
6502,Carlton St at Sherbourne St,2,1,1,9.850759638975381e-05,0.004399312378056026
6503,Vaughan Rd at Arlington Ave,2,1,1,0.00010514432285657215,0.008076773895506546
6504,The Links Rd at Lord Seaton Rd,2,1,1,7.539473412208241e-05,0.002914185452998724
6506,Lawrence Ave West at Pimlico Rd West Side,2,1,1,0.00011208738471514421,0.0
6507,Neilson Rd at Oakmeadow Blvd (North),2,1,1,0.00010472352404670448,0.008013301077555652
6508,Lawrence Ave East at Barrymore Rd,2,1,1,0.00011835074692935295,0.0
6509,The Westway at Brougham Cres,2,1,1,9.17468676887151e-05,0.001735431731178222
6510,Kingston Rd at Midland Ave West Side,2,1,1,0.0001389316609312989,0.002260223613052197
6511,East Ave at Tudor Glen Cres,2,1,1,9.844065353065547e-05,0.00040195661420672056
6512,College St at Beverley St,2,1,1,0.00010420258878145284,0.00437618740127617
6513,Dundas St East at Ontario St,2,1,1,0.00011062853171393727,0.011780692781862495
6514,Scarlett Rd at Eileen Ave,3,1,2,0.0001066368125675562,0.0051474402145659055
6517,Evans Ave at Treeview Dr,2,1,1,7.576079530512335e-05,0.0036655433039950265
6518,Coxwell Ave at Queen St East,3,2,1,8.012252409367697e-05,0.014504290105895804
6519,Norfinch Dr at Finch Ave West,2,1,1,8.937062207097434e-05,0.0006129431781219506
6520,Pharmacy Ave at Eglinton Ave East,4,2,2,0.00020958272447315151,0.009763983411314334
6521,Morningview Trail at Littles Rd,2,1,1,7.745857612844855e-05,0.002507477483832034
6523,3480 McNicoll Ave,2,1,1,0.00011005439176543192,0.004775184318729619
6524,Brown's Line at Jellicoe Ave,2,1,1,0.00013523707140015816,0.001021025869069255
6525,Senlac Rd at Ellerslie Ave,2,1,1,0.00011062853171393727,0.005235006380263718
6526,Weston Rd at Coral Gable Dr,4,2,2,0.00017261352354095238,0.009766420262540241
6527,Huntingwood Dr at Warden Ave,2,1,1,0.00011062853171393727,0.0005278782078548135
6529,Finch Ave East at Cherokee Blvd,3,1,2,0.00010206571203822328,0.003958803797223619
6530,Markham Rd at Edward Jeffreys Ave,2,1,1,0.00011062853171393727,0.0014993619736282434
6531,Don Mills Rd at Clock Tower Rd,3,2,1,0.0002567080054288464,0.00010048915355168014
6532,Kipling Ave at Wingrove Hill,2,1,1,0.00014729489279144019,0.004066736467842381
6533,Progress Ave at Brimley Rd,2,1,1,8.500814106609345e-05,0.004737877498936623
6534,Wilson Ave at Ridge Rd East Side,2,1,1,0.00014733837590434374,0.0
6535,Crescent Rd at Mt Pleasant Rd,2,1,1,0.00011062853171393727,5.3168864313058275e-06
6536,Opposite 715 Milner Ave,2,1,1,9.918003511088345e-05,0.0008188005104210975
6537,Donlands Ave at Mortimer Ave,2,1,1,0.00010752216032254298,0.002156706366085354
6538,Steeles Ave West at Gerry Fitzgerald Dr,2,1,1,0.0001307674779586029,0.0034569214046032424
6539,124 Milner Ave,2,1,1,0.00010431579370918679,0.005221501488728201
6540,Jane St at Giltspur Dr North Side,2,1,1,0.0001337051749142681,0.0
6541,Glencairn Station,2,1,1,8.787363793114059e-05,0.0037354534914084045
6542,Tournament Dr at The Links Rd,2,1,1,6.918709366573862e-05,0.0030146746065504043
6543,Pine St at Lawrence Ave West,3,1,2,7.450991067864738e-05,0.008744778387382085
6546,Sheppard Ave East at Greenbriar Rd,2,1,1,0.00010627748663915752,0.010019351567721942
6547,Birchmount Rd at Ranstone Gardens,2,1,1,9.938310710265534e-05,0.01571884304551255
6548,Warden Ave at Danube Dr,2,1,1,0.00010388840713476173,0.0005024457677584007
6549,Opposite 3689 Weston Rd,3,2,1,0.00012314755262710656,0.0004788919608677159
6550,Nugget Ave at Shorting Rd,2,1,1,0.00011266208297202254,0.006829261143648639
6551,Laird Dr at Commercial Rd North Side,2,1,1,9.69600798280757e-05,0.0028122778301026916
6552,Finch Ave East at Au Large Blvd - Seneca College,4,2,2,0.00014600932421712602,0.016352123463166637
6553,Finch Ave West at Walkway to Farr Ave,2,1,1,0.00012387726351664594,0.0066711449202085235
6555,Brooklawn Ave at Sloley Rd,2,1,1,6.000592905370372e-05,0.0006665780518928116
6556,Yonge St at Chaplin Cres,2,1,1,0.00013214822740759006,0.010020487735715301
6557,Runnymede Rd at Bloor St West South Side,2,1,1,0.00010571184541913631,0.010266907698851553
6558,Grantbrook St at Hendon Ave,2,1,1,0.00010103021280263595,0.003008294342832837
6559,Martin Grove Rd at Winterton Dr,2,1,1,0.00010453819153782273,0.007385883731726389
6560,Ellesmere Rd at Midland Ave,5,3,2,0.0001079316051595061,0.11411772900095947
6561,Broadview Ave at Danforth Ave,3,2,1,6.802133358684771e-05,0.017725713843914997
6562,Kingston Rd at Wood Glen Rd,2,1,1,0.0001151030177582288,0.0013724437705784822
6564,Main St Markham North at Springdale Ave,2,1,1,0.00011062853171393727,0.005936835389196087
6566,Eglinton Ave East at Don Valley Pkwy West Side,2,1,1,0.00010219091816797313,0.019312859230660166
6567,Danforth Ave at Jones Ave,2,1,1,9.484468043086689e-05,0.006750527927793781
6568,Martin Ross Ave at Flint Rd,2,1,1,0.00010039527643958705,0.0005973521905572098
6569,Martin Grove Rd at Jeffcoat Dr,2,1,1,0.00011062853171393727,0.006822443733471419
6570,Lawrence Ave West at Westona St West Side,2,1,1,5.3987084721514225e-05,0.0035596554657592516
6571,Spadina Rd at Archer Rd,2,1,1,8.250087768923509e-05,0.005829305204572447
6572,Humber College Blvd at John Garland Blvd,3,1,2,0.00011044039176964497,0.006574121827591096
6573,Avenue Rd at Lytton Blvd,2,1,1,8.522899603790845e-05,0.0032156529136537645
6574,Secord Ave at Barrington Ave,2,1,1,0.00011000259739832433,0.0011053806890684815
6575,Brenyon Way at John Tabor Trail,2,1,1,0.00011062853171393727,0.00020097830710336028
6577,Bathurst St at York Downs Dr,2,1,1,0.00011703337897272332,0.009710229689493833
6578,Brenyon Way at Walkway to John Tabor Trail,2,1,1,0.00011062853171393727,0.0003014674606550404
6579,O'Connor Dr at Binswood Ave West Side,2,1,1,0.00016615287282765784,0.013649172702304958
6580,Belfield Rd at Martin Grove Rd,2,1,1,6.690610167024307e-05,0.0014265237668125892
6581,Christie St at Benson Ave,2,1,1,0.00011062853171393727,0.00020523181624840494
6582,Finch Ave East at Warden Ave,4,2,2,0.00014672201099820477,0.011478342549269816
6583,Sheppard Ave West at Oakdale Rd,4,1,3,0.0001311032538447233,0.017448683407251576
6584,Mt Pleasant Rd at Merton St,2,1,1,9.865840487389654e-05,0.001329601385428693
6585,Littles Rd at Morningview Trail,2,1,1,9.626440328315672e-05,0.0011608623989791578
6586,Scarlett Rd at Crane Ave,2,1,1,7.03381438261292e-05,0.0021020753580036867
6587,Jane St at Beverly Hills Dr,2,1,1,0.00010365866698594156,0.0
6588,Opposite 88 Park Lawn Rd,2,1,1,0.00010515115008162204,0.005011165461505742
6589,St Regis Cres (South) at Bakersfield St,2,1,1,3.7543873013477606e-05,0.0022984520264932857
6590,Parkside Dr at Algonquin Ave,2,1,1,0.0001025516475918184,0.00387760527435134
6591,Markham Rd at Nashdene Rd,4,2,2,0.00022468280571279726,0.018117399679642803
6594,West Service Rd at St Albans Rd North Side,2,1,1,0.0001021353620404401,0.0
6595,Supertest Rd at Flint Rd,2,1,1,8.164383097245212e-05,0.0016078264568268822
6596,Kipling Ave at Rathburn Rd,4,2,2,0.00011914215926430013,0.007399399296085938
6597,Bloor St East at Church St,2,1,1,0.00011062853171393727,0.02105172350615406
6598,St Clair Ave East at Warden Ave West Side,2,1,1,6.939463581126238e-05,0.006144946459244177
6599,Bannatyne Dr at Dunlace Dr,2,1,1,7.89851673219391e-05,0.006036261165461506
6601,Parkwoods Village Dr at Combermere Dr North Side,2,1,1,0.0001042313591954206,0.00010048915355168014
6602,Midland Ave at Millbridge Gate South Side,2,1,1,0.00011062853171393727,0.0010342844842963187
6603,Martin Grove Rd at Nottinghill Gate South Side,2,1,1,8.140110104064692e-05,0.0012595703955763505
6604,Avenue Rd at Melrose Ave,2,1,1,0.00010515755968437359,0.0024117396852403232
6606,Underhill Dr at Roanoke Rd North Side,3,2,1,4.33892793491495e-05,0.03203257847356104
6607,Lansdowne Ave at Lappin Ave,2,1,1,0.00011062853171393727,0.0015073373032752021
6608,Warden Ave at Finch Ave East,4,2,2,0.00013506552493137595,0.021018585740432826
6609,Sheppard Ave East at Water Tower Gate,2,1,1,0.00011953089470939348,0.0013837155236403364
6610,McNicoll Ave at Kennedy Rd,2,1,1,0.00011062853171393727,0.0034688253225577765
6611,Arrow Rd at Deerhide Cres (South),2,1,1,0.00011719104630828121,0.005610954558343967
6613,Sheppard Ave East at Buchan Crt,2,1,1,0.00011957536993744441,0.013599310577059407
6614,Progress Ave at Midland Ave,2,1,1,6.88928696059894e-05,0.00030040408336877927
6615,Dundas St West at Bay St,2,1,1,0.00011062853171393727,0.012283138549620896
6616,1900 Sheppard Ave East,2,1,1,0.00014745711171292665,0.02103426667618317
6617,Upper Canada Dr at Aldershot Cres,2,1,1,8.523829648657592e-05,0.002713207145895364
6619,Pharmacy Ave at Alvinston Rd North Side,2,1,1,0.00011017893573879887,0.004001488728200765
6620,Bingham Ave at Kingston Rd,2,1,1,0.00011761516369326999,0.006173968524032327
6621,Henrietta St at Castleton Ave,3,1,2,9.652101591702914e-05,0.0016035729476818377
6622,The East Mall at Keane Ave,2,1,1,0.00011197233455804029,0.004770842194810719
6623,Greenwood Ave at Athletic Ave,2,1,1,0.00011062853171393727,0.0005565007798100099
6624,Ossington Ave at College St,2,1,1,0.00012281473352586817,0.006699941273433114
6626,Brimley Rd at Gully Dr,2,1,1,6.71434339299802e-05,0.0012058698426201616
6627,175 Caledonia Rd,2,1,1,0.00011062853171393727,0.000703424074861761
6628,Woodbine Ave at Queen St East North Side,2,1,1,0.00012773196919972938,0.006436091025095704
6629,Rannock St at Pharmacy Ave,2,1,1,4.0697867364849154e-05,9.995746490854956e-05
6630,Birchmount Rd at Foxridge Dr South Side,2,1,1,0.00011062853171393727,0.004879993331181641
6632,Ellesmere Rd at Neilson Rd - Scarborough Heatlh Network Cent,4,2,2,0.0002232534014790881,0.013187657396717371
6633,College St at Borden St,2,1,1,0.00011062853171393727,0.0032939316889875445
6635,Rathburn Rd at Ravenscrest Dr,2,1,1,7.298413083746401e-05,0.00499075618384366
6636,Kipling Ave at The Queensway South Side,3,2,1,0.00012587160950815944,0.0
6637,Graydon Hall Dr at Graydon Hall Pl,2,1,1,0.00010317220904457308,0.005733730327520205
6638,Rockcliffe Blvd at Alliance Ave,3,1,2,0.00012346874462077276,0.002541505472173273
6639,Kennedy Rd at Cardwell Ave,2,1,1,9.6882548655816e-05,0.0017083156103785623
6640,Lawrence Ave East at Mildenhall Rd,2,1,1,0.00011221564101242127,0.012861933118632398
6641,Eglinton Ave East at Don Mills Rd,2,1,1,8.100128357948084e-05,0.006726326046800329
6642,The East Mall at West Deane Park Dr,2,1,1,0.00010157130252881597,0.0028452158928551946
6643,Middlefield Rd at McCowan Rd,2,1,1,0.00011062853171393727,0.00465333900467886
6645,Middlefield Rd at Ingleton Blvd South Side,2,1,1,0.00011610254046877543,0.0057587196937473415
6646,Spadina Rd at Burton Rd,2,1,1,8.302259214081385e-05,0.007931469564756228
6647,140 Church St,2,1,1,7.793367565462334e-05,0.004072003934495959
6648,Bayview Ave at Forest Heights Blvd,2,1,1,0.00011062853171393727,0.006521692896639728
6649,Yonge St at Shaftesbury Ave North Side - Summerhill Station,2,1,1,0.00011062853171393727,0.006019778817524459
6650,Brown's Line at Coules Crt (North) North Side,2,1,1,0.0001071954439049832,1.7197710838714667e-05
6651,Faywood Blvd at Faith Ave,2,1,1,0.00010040596879556531,0.006850276478094428
6652,Overlea Blvd at Leaside Park Dr East Side,2,1,1,0.00021780874551706887,0.01948758058190215
6653,Sheppard Ave East at Brian Dr West Side,5,3,2,0.00022251884891455196,0.04799848880678849
6655,McNicoll Ave at Birchmount Rd West Side,2,1,1,0.00010749421173632503,0.003148217070750035
6656,Progress Ave at Schick Crt,2,1,1,5.465075838542588e-05,0.002094478223552288
6657,Keele St at Rogers Rd North Side,3,2,1,0.0001032107394130187,0.017955621982063203
6659,Clayson Rd at Wilson Ave North Side,2,1,1,1.7158859824624522e-05,0.002812632922160783
6663,Greenwood Ave at Danforth Ave,2,1,1,9.85935960772382e-05,0.0013604140082234511
6664,215 Horner Ave,2,1,1,0.00011984002269266997,0.008890726200466737
6665,Tapscott Rd at Melford Dr (North) South Side,2,1,1,8.856342374197334e-05,0.0037380370055295617
6666,York Gate Blvd at Jane St West Side,2,1,1,4.585758574942428e-05,0.0010605238905430315
6667,O'Connor Dr at Glebemount Ave East Side,2,1,1,0.00016346976418972795,0.01203369640072107
6668,Park Lawn Rd at Park Lane,2,1,1,6.695817702545638e-05,0.0035000177229547714
6669,Kipling Ave at Wingrove Hill South Side,2,1,1,0.00017870327861333658,0.007227960349897361
6670,100 Carrier Dr,3,2,1,0.00012214491985669364,0.0020510554019566142
6671,Royal York Rd at Symons St,2,1,1,9.230318542114704e-05,0.0007004308877814047
6672,Christie St at Lambertlodge Ave South Side,2,1,1,8.840444751767441e-05,0.0015115908124202467
6673,Burnhamthorpe Rd at Mulgrove Dr,2,1,1,0.00011062853171393727,0.005727350063802638
6674,Craigton Dr at Victoria Park Ave East Side,2,1,1,7.114592855598541e-05,0.00534458740961293
6675,Warden Ave at Firvalley Crt,2,1,1,8.985064930839445e-05,0.0069277030037876485
6678,Cherry St at Polson St South Side,2,1,1,6.392382523140421e-05,0.00045021699061145737
6679,Spadina Rd at Strathearn Blvd,2,1,1,6.483480697548232e-05,0.006130772665227488
6680,Greenwood Ave at Kerr Rd,2,1,1,6.158578894822976e-05,0.002164327236636892
6681,Royal York Rd at Eglinton Ave West,3,1,2,0.00010920703152312807,0.0030389306855238907
6682,Lawrence Ave East at Crockford Blvd,2,1,1,0.00010955921272585916,0.00010048915355168014
6683,Danforth Rd at Marsh Rd,2,1,1,0.00011014484484138799,0.011363594165592692
6684,Carlaw Ave at Eastern Ave,2,1,1,0.00011518320307200107,0.020105223330712487
6685,Bellamy Rd North at Farmbrook Rd,2,1,1,6.826585222621321e-05,0.001406848149723522
6686,Opposite 29 Valley Woods Rd,2,1,1,3.800895365143757e-05,0.024384275732233767
6687,Royal York Rd at Van Dusen Blvd,2,1,1,0.00012768587874801123,0.001401531263292216
6688,Keele St at Gulliver Rd,4,2,2,0.00011914248701513038,0.009577077728205414
6689,279 Yorkland Blvd (North),2,1,1,5.870352956130472e-05,0.004058542742206765
6690,Parliament St at Winchester St,2,1,1,0.00010276166360306485,0.0048397695987551365
6692,Morningside Ave at Lavinia Ave East Side,2,1,1,0.00010712307924732486,0.005929923436835389
6693,Dawes Rd at Ferris Rd South Side,2,1,1,9.473076334533479e-05,0.003665284276194527
6694,Middlefield Rd at Opposite Walkway to Bushcroft Grove,2,1,1,4.266219510730733e-05,0.008878225577768325
6696,Albion Rd at Kipling Ave,2,1,1,0.00011062853171393727,0.009955338153977032
6697,Mt Pleasant Rd at Moore Ave,2,1,1,9.449057094473249e-05,0.0015305796925320534
6698,The Queensway at Islington Ave,2,1,1,0.00010078852745950908,0.004629078271873281
6700,Ossington Ave at Davenport Rd South Side,2,1,1,0.00010193243930391228,0.00680634870822502
6701,Dundas St West at Rusholme Rd,2,1,1,0.00011062853171393727,0.0032775213569976153
6702,Dundas St West at Howard Park Ave,2,1,1,0.00012455886813940515,0.010601797239710335
6703,Pharmacy Ave at Rannock St,2,1,1,0.00010063843680692468,0.0033990854955338154
6704,Danforth Ave at Linnsmore Cres,2,1,1,9.581566058840498e-05,0.008818442290476328
6705,Lake Shore Blvd West at Twenty Seventh St,2,1,1,0.00011784435309971798,0.005506107116506945
6706,Howard Park Ave at Indian Rd,2,1,1,9.641354230693121e-05,0.00493619736282433
6707,Gunns Loop at St Clair Ave West,3,2,1,6.482714231459722e-05,0.002498478779715488
6708,Royal York Rd at Lawrence Ave West,2,1,1,9.431448233210391e-05,0.0006821565291365377
6709,Martin Grove Rd at Brunello Gate,2,1,1,0.00012333669582299236,0.002486467625041868
6710,Dixon Rd at Golfwood Heights,2,1,1,0.00010228482360051788,0.00020097830710336028
6711,Brimley Rd at Comrie Ter (South),2,1,1,9.320950571127938e-05,0.010806104326542427
6712,Islington Ave at Aylesbury Rd,2,1,1,0.00013729902710545434,0.003368803611938182
6713,Dundas St West at Wilmar Rd,3,1,2,0.00017730131458140413,0.00699311704883802
6714,Kingston Rd at Victoria Park Ave East Side,3,2,1,0.00011988501132448838,0.0016739112312335223
6715,Gerrard St East at Blantyre Ave West Side,2,1,1,8.70891281876643e-05,0.011565609989046823
6716,Bayview Ave at Tudor Gate North Side,2,1,1,8.437174923440392e-05,0.0052636833870085675
6719,Signal Hill Ave at Steinway Blvd North Side,2,1,1,0.00011368015454768171,0.005535410463632497
6720,Don Mills Rd at The Donway West (South),2,1,1,0.00023513067272491113,0.0
6721,Woodbine Ave at Kewbeach Ave,2,1,1,0.00013075048136974973,0.006536580178647384
6722,Gerrard St East at Sumach St,2,1,1,8.264340378272544e-05,0.004901758145814427
6724,Wilson Ave at William Cragg Dr,2,1,1,0.00011880362814050858,0.00010048915355168014
6725,Finch Ave East at Linus Rd East Side,2,1,1,0.00010209211129078049,0.00010048915355168014
6726,Opposite 104 Lansdowne Ave,2,1,1,0.00011062853171393727,0.0025122288387920033
6727,Steeles Ave East at Brimley Rd,4,2,2,9.063535018662868e-05,0.0036595748107685917
6728,The Queensway at Royal York Rd,3,1,2,0.00010506353028814566,0.00432761081121824
6730,Davenport Rd at Primrose Ave,2,1,1,7.241107368898668e-05,0.0032192155993729797
6731,Dundas St West at Lansdowne Ave,2,1,1,0.00011062853171393727,0.0028755647427908954
6732,Warden Ave at Bamburgh Cir (North),2,1,1,0.00011214470643319691,0.0
6734,Humberline Dr at Finch Ave West,2,1,1,0.00011062853171393727,0.00956826882177797
6735,Brimley Rd at Alexmuir Blvd South Side,2,1,1,8.503300413638005e-05,0.0
6736,Brimley Rd at Steeles Ave East,1,0,1,1.6598932385570904e-05,0.0
6738,Humber College Blvd at Carrier Dr South Side,2,1,1,6.92746817759904e-05,9.01876860910251e-05
6739,Harbord St at Bathurst St,2,1,1,7.886208283292123e-05,0.003429961414595612
6740,Commander Blvd at North Wind Pl,2,1,1,0.00011062853171393727,0.00032922160782645685
6741,65 Skyway Ave,2,1,1,0.00010244670309659854,0.00010048915355168014
6742,Bathurst St at Carscadden Dr,2,1,1,0.0001263331368355083,0.0028769672479795833
6743,Calvington Dr at Dalsby Rd,2,1,1,7.60823054905237e-05,0.005150467886005955
6745,Kipling Ave at Olivewood Rd,2,1,1,0.00010577999342488813,0.0
6746,470 Coronation Dr,2,1,1,8.83179517866541e-05,0.015434389621437691
6748,160 Horner Ave - Toronto South Detention Centre,2,1,1,7.372903715262962e-05,0.0011749255635899619
6749,Gary Dr at Meadow Oak Pl West Side,2,1,1,9.283077363558186e-05,0.005992862079965972
6750,1610 The Queensway,2,1,1,0.00011262628145023129,0.005667559259116043
6751,Avenue Rd at Glencairn Ave,2,1,1,0.00011062853171393727,0.00040195661420672056
6752,Sheppard Ave East at Shaughnessy Blvd,3,2,1,9.665345128582762e-05,0.010722775642583704
6753,Commander Blvd at North Wind Pl West Side,2,1,1,4.225474786262986e-05,0.0022361938182333756
6754,Dawes Rd at Beth St,2,1,1,0.00010461100106974507,0.001393201474549837
6755,Dundas St West at Highway 427,2,1,1,0.00013052247662364777,0.016320911828871718
6756,Victoria Park Ave at Consumers Rd,4,2,2,0.00017921347132645788,0.01257869103292092
6757,Underhill Dr at Shawfield Cres (South),2,1,1,7.507603420831505e-05,0.03163062185935432
6758,Kennedy Rd at Ellesmere Rd,2,1,1,0.0002827846216606334,0.042917532933975856
6760,Midland Ave at Norbury Cres South Side,2,1,1,0.00011062853171393727,0.0007328170236412783
6762,Bellamy Rd North at Lawrence Ave East,2,1,1,0.00010337791906895845,0.0055423224159931945
6763,Laurentide Dr at Silverdale Cres,2,1,1,6.898160078137148e-05,0.005166084141126957
6764,Driftwood Ave at Hoover Cres,2,1,1,0.00010002862671774985,0.005936303700552956
6765,Kipling Ave at Bethridge Rd,2,1,1,0.00011339338135760223,0.003725998455747073
6766,Markham Rd at Eastpark Blvd,2,1,1,0.000111833367667038,0.0
6767,St Clair Ave East at Westbourne Ave East Side,2,1,1,7.581487967402849e-05,0.00877038139798667
6768,St Clair Ave East at Kingston Rd West Side,4,2,2,0.00018334309665829466,0.013975386613599079
6769,Weston Rd at Fenmar Dr North Side,2,1,1,0.00010933299117341777,0.001866371452877195
6770,Lawson Rd at Highway 2A Overpass East Side,2,1,1,8.872927079202166e-05,0.0008039132284134411
6771,Wellesley St West at Yonge St,2,1,1,0.00010189746528107177,0.002626048186182172
6773,Weston Rd at McCormack St,2,1,1,0.00015600789360514046,0.00020097830710336028
6775,Lawrence Ave East at Walkway to Ridgewood Rd,2,1,1,0.0001072412052864436,0.00010048915355168014
6776,Bloor St West at Dufferin St,2,1,1,0.00010019378648416948,0.017920609086758056
6777,Crescent Rd at South Dr (East),2,1,1,0.00011062853171393727,6.911952360697576e-06
6778,O'Connor Dr at Dohme Ave,2,1,1,0.0001177218810581425,0.005984638474031286
6779,Leslie St at Nymark Ave,2,1,1,0.00010248830632979668,0.0015845473557351483
6780,Martin Grove Rd at Sedgeley Dr,3,1,2,0.000175246946892523,0.009427186396168144
6783,King St West at Niagara St,2,1,1,0.00014212228412027592,0.004659879985391665
6784,Danforth Rd at Neston Ave West Side,3,2,1,0.00011824238728748763,0.0038283356787238224
6785,Steeles Ave West at Rossdean Dr,2,1,1,0.00011718709338697184,0.0028237482679162695
6786,Eglinton Ave East at McCowan Rd,2,1,1,0.0001720290700166082,0.004295158088756558
6787,Church St at Weston Rd East Side,2,1,1,2.7354163013735956e-05,0.0021388711659341177
6789,Murison Blvd at Split Maple Crt South Side,2,1,1,9.466197312919933e-05,0.0011202679710761378
6790,Church St at Rosemount Ave,2,1,1,9.055465236778418e-05,0.003770536473840919
6791,Kipling Ave at Princess Margaret Blvd,2,1,1,0.00011966408150551505,0.0003014674606550404
6792,Kipling Ave at North Queen St,2,1,1,0.00010029450185918196,0.0
6793,Jones Ave at Dundas St East,2,1,1,6.631019913257253e-05,0.0011994895789025947
6794,Bathurst St at Neptune Dr,2,1,1,9.589210827267388e-05,0.0014701190982560613
6795,Clonmore Dr at Warden Ave West Side,2,1,1,5.972643832844875e-05,0.007329114880582342
6796,York Mills Rd at Chipstead Rd,4,2,2,0.00014098718742990775,0.1298691302399742
6797,Lawrence Ave East at Ellington Dr,2,1,1,9.647226488073625e-05,0.0
6798,Eglinton Ave West at Black Creek Dr,5,2,3,0.00013459081611491452,0.06022986401559174
6799,Victoria Park Ave at Finch Ave East,4,2,2,0.00015371263565590613,0.007070829788742379
6800,Caledonia Rd at Raitherm Rd South Side,2,1,1,0.00011589571872699112,0.0035407805189281156
6801,Leslie St at Mosley St,2,1,1,9.063424072523114e-05,0.005464430029774564
6802,Queen St East at Greenwood Ave,2,1,1,0.00013122656503483142,0.009572066597800327
6803,Pharmacy Ave at Finch Ave East North Side,2,1,1,8.663525914155359e-05,0.002914185452998724
6804,Kipling Ave at Bethridge Rd,2,1,1,0.00010987317854394395,0.004691351605369461
6805,Eglinton Ave East at Lebovic Ave,2,1,1,9.041008815214265e-05,0.020016283305521926
6806,Steeles Ave East at Woodbine Ave,4,2,2,0.00012610855035388437,0.009858815696596177
6807,Yonge St at Ranleigh Ave,2,1,1,0.000105917150177466,0.006732578335460088
6808,Finch Ave West at Silverstone Dr,2,1,1,9.823163871970785e-05,0.0008402674393874947
6809,Grandravine Dr at Driftwood Ave,2,1,1,9.0666295400171e-05,0.0009995746490854955
6810,Avenue Rd at Ridley Blvd,2,1,1,0.00011062853171393727,0.002009783071033603
6811,College St at Havelock St,2,1,1,0.00011062853171393727,0.0025905076141257825
6813,Finch Ave East at Pharmacy Ave,3,2,1,0.0001460397203929764,0.011176875088614776
6814,Kipling Ave at Rexdale Blvd,2,1,1,0.00011388614040513579,0.003826487609298753
6815,Sherbourne St at Queen St East,2,1,1,0.0001059805196161931,0.0031151637601020844
6816,Christie St at Essex St South Side,2,1,1,9.698168642372545e-05,0.0012101233517652064
6817,Ellesmere Rd at Morrish Rd,2,1,1,8.573801614719596e-05,0.005687562030341698
6818,Linkwood Lane at St Dennis Dr,2,1,1,6.238470705630897e-05,0.001349425776265419
6819,Brimley Rd at Walkway to Audrelane Crt,2,1,1,5.2894199131276036e-05,0.0
6820,Dawes Rd at Ferris Rd,2,1,1,0.00010550878019945087,0.001292712320998157
6821,Scarlett Rd at Lawrence Ave West South Side,2,1,1,5.510290403803247e-05,0.0023030536651070465
6822,Gilley Rd at Garratt Blvd,2,1,1,8.925871008175589e-05,0.0012530129023110735
6824,McCowan Rd at James Parrot Ave,2,1,1,0.00011062853171393727,0.008123139089749043
6825,Annette St at Indian Road Cres,2,1,1,9.826941039632736e-05,0.010745365832609004
6826,Milner Ave at Cinemart Dr,2,1,1,9.816727162281758e-05,0.0009192896639727776
6827,Ellesmere Rd at Zaph Ave,2,1,1,9.131983357694103e-05,0.005486583723238338
6828,Lawson Rd at Highway 2A Overpass,2,1,1,9.445693859077157e-05,0.001978590670636609
6829,Thistle Down Blvd at Barkwin Dr West Side,2,1,1,9.496870001738508e-05,0.005130263717566993
6830,Grand Ave at Dalesford Rd South Side,2,1,1,6.063366951771151e-05,0.000559336452573373
6831,Dundas St East at Church St,2,1,1,9.785279199897158e-05,0.004784858660272817
6832,Sheppard Ave East at Markham Rd,2,1,1,0.00013164009266210068,0.0
6833,Kipling Ave at Greensboro Dr,3,1,2,0.00010715516058763344,0.00192896953457099
6834,Kipling Ave at Horner Ave,4,2,2,0.00010378213884016687,0.0
6835,Davenport Rd at Oakwood Ave,4,2,2,0.0002205571411154206,0.014364027454893045
6836,Yonge St at Balmoral Ave,2,1,1,9.663881886501607e-05,0.005686250531688644
6837,Bathurst St at Roselawn Ave,2,1,1,0.00011058409257457477,0.0051264269373584555
6838,Birchmount Rd at Staley Ter,2,1,1,0.00011062853171393727,0.013106125053168865
6839,Whitehorse Rd at Rimrock Rd,2,1,1,0.00011062853171393727,0.00040195661420672056
6840,Humberwood Blvd at Pinecone Dr,2,1,1,0.00011541070797557615,0.004104237558485751
6843,The West Mall at Bloor St West,2,1,1,9.295936190983339e-05,0.0029050539152194596
6845,Kipling Ave at Olivewood Rd,2,1,1,0.00010248505467271002,0.0
6846,Warden Ave at Eglinton Ave East,4,2,2,0.0001164117242368341,0.00993100453707642
6847,Runnymede Rd at Glenwood Ave North Side,2,1,1,0.0001386653066154784,0.002507975329646959
6848,Sheppard Ave West at Bathurst St West Side,4,2,2,0.00015558068985259247,0.014315462265297445
6849,McNicoll Ave at McCowan Rd,2,1,1,0.00011062853171393727,0.005172798809017439
6850,Woodbine Ave at O'Connor Dr South Side,2,1,1,0.00012117461594616266,0.004261161557498223
6851,Overlea Blvd at Don Mills Rd West Side,5,3,2,0.00026633684596846335,0.047202943942352166
6852,Birchmount Rd at 14th Ave South Side,2,1,1,0.00011062853171393727,0.000703424074861761
6853,Royal York Rd at Dundas St West South Side,2,1,1,0.00017385933585979733,0.005649167464199631
6854,Markham Rd at Verne Cres North Side,2,1,1,0.00011277952516086689,0.0
6856,Birchmount Rd at Chelwood Rd,2,1,1,0.00011062853171393727,0.0050560399829859635
6857,Triton Rd at Borough Dr,19,6,13,0.0005318112980403929,0.178931771981803
6858,Royal York Rd at North Dr North Side,2,1,1,0.00010082667973789085,0.003239908992627251
6859,Spadina Rd at Kendal Ave,2,1,1,0.00011062853171393727,0.010787803434336824
6860,Linkwood Lane at Windy Golfway (South),2,1,1,4.3857380839256036e-05,0.0015504040833687793
6861,Yonge St at Mcglashan Rd,2,1,1,0.00010119406621533265,0.005727686799943287
6862,Eglinton Ave West at Islington Ave,2,1,1,9.831122418297851e-05,0.0023605978838792006
6863,Opposite 3501 Finch Ave East - St Aidan,2,1,1,9.542898071141938e-05,0.00010048915355168014
6864,Spadina Rd at Old Forest Hill Rd,2,1,1,8.671776880528627e-05,0.005728816051020768
6865,Eglinton Ave West at Vesta Dr,3,2,1,0.00018970502192953816,0.03404292389280195
6866,Elmhurst Dr at Harefield Dr,2,1,1,0.00012588334540111193,0.0004099319438536793
6867,Ossington Ave at Queen St West North Side,2,1,1,0.00010982257907270107,0.00654377045753056
6868,Wilson Ave at Bathurst St West Side,5,3,2,0.00016717396520925536,0.15481106114738957
6869,Yonge St at Steeles Ave East,5,2,3,0.00010431694012790163,0.04239687573016343
6870,Kennedy Rd at Finch Ave East,2,1,1,0.0001020263648567961,0.0012010846448319865
6871,Martin Grove Rd at Milkwood Ave North Side,4,2,2,0.00016598358400657232,0.009788149815989496
6872,Dundas St West at Islington Ave East Side,2,1,1,7.650861389722711e-05,0.002915532025751082
6873,The Queensway at North Queen St East Side,2,1,1,7.985313885283836e-05,0.005533480653838402
6874,2260 Markham Rd,2,1,1,0.0001694180122801582,0.00010048915355168014
6875,Brimley Rd at Grittani Lane,2,1,1,6.210686931833831e-05,0.0019092939174819227
6876,Scarlett Rd at Tilden Cres,2,1,1,0.00010534047231551013,0.00044874521480221184
6877,Markham Rd at Luella St,2,1,1,0.00011043936111616292,0.0
6878,Dovercourt Rd at Davenport Rd,2,1,1,0.00010295792440042598,0.0011654615057422374
6879,Thirtieth St at Alhena Ave,2,1,1,5.455843247720552e-05,0.004856272776391875
6880,Kipling Ave at North Queen St,2,1,1,0.000108202721858367,0.0
6881,Huntingwood Dr at Kilkenny Dr,2,1,1,0.00011062853171393727,0.00032689990075145326
6882,3900 Victoria Park Ave,2,1,1,0.00010308861763203998,0.0
6883,Danforth Rd at McDonald Ave West Side,2,1,1,9.086785035340879e-05,0.0026565072948680313
6884,Mt Pleasant Rd at Sherwood Ave,2,1,1,0.00011062853171393727,0.0003014674606550404
6885,Yonge St at Madawaska Ave,2,1,1,0.00018523652645245625,0.01359384304551255
6886,Markham Rd at Pandora Cir,2,1,1,0.00012764947975270672,0.0
6887,Albion Rd at Arcot Blvd North Side,2,1,1,5.2701737884159484e-05,0.005508294342832837
6888,Victoria Park Ave at Arncliffe Cres North Side,2,1,1,0.0001133813024844156,0.0003014674606550404
6889,New Westminster Dr at Centre St,2,1,1,9.39469622337966e-05,0.002110272224585283
6890,Oriole Pkwy at Kilbarry Rd,2,1,1,0.00011991560582633913,0.0001515312632922161
6891,Steeles Ave West at Walkway to Friuli Crt,3,1,2,9.961132050034533e-05,0.008038897788121942
6892,Spadina Ave at Nassau St South Side,2,1,1,0.00011062853171393727,0.0053370905997447895
6893,Grantbrook St at Charlton Blvd,2,1,1,0.00011062853171393727,0.0012999787324542748
6894,Flemington Rd at Replin Rd,2,1,1,6.704628963328714e-05,0.0005024457677584007
6895,Belfield Rd at C.N. East Spur,2,1,1,7.371745803788412e-05,0.0013461996493563046
6896,Gerrard St East at Pape Ave,3,1,2,0.00012369694535810597,0.01812797837125041
6897,Yonge St at Dundas St East - Dundas Station,2,1,1,0.00011510542483141723,0.0073261378136963
6898,Laurentide Dr at Tetbury Cres,2,1,1,6.172810234366982e-05,0.0052665732946786375
6899,Dupont St at Emerson Ave,2,1,1,0.00011062853171393727,0.010142430911298924
6900,Pearson Airport Terminal 3 (Arrivals Level Columns C8-C12),4,1,3,0.00015983110945794844,0.03127715683927515
6901,Steeles Ave East at Dumont St,5,3,2,0.00018072135263876802,0.0029609740535942153
6903,Markham Rd at Bur Oak Ave - Mount Joy GO Station,2,1,1,0.00011062853171393727,0.0015998511271799235
6904,Dupont St at Dovercourt Rd,2,1,1,0.00011062853171393727,0.0036612488957235875
6905,Dundas St West at Annette St,2,1,1,0.0001191634257190017,0.01281595673769852
6906,Leslie St at Nymark Ave,2,1,1,0.00011255027720086607,0.0017109740535942153
6907,Parkwoods Village Dr at Brookbanks Dr,4,2,2,0.0001459028807154013,0.09864454434488691
6909,Finch Ave West at Jayzel Dr,3,2,1,0.00018585635433247542,0.006105438288671487
6910,Lansdowne Ave at Wallace Ave,2,1,1,0.00011062853171393727,0.0016078264568268822
6911,Weston Rd at Fenmar Dr South Side,2,1,1,0.00011834724248013592,0.00017742450021267545
6913,Dundas St East at Jarvis St,2,1,1,0.00011062853171393727,0.011981671088965857
6914,The Westway at Sandwell Dr,2,1,1,0.00010027763785554964,0.0013334751169715015
6915,Scarlett Rd at Lockheed Blvd,2,1,1,0.00010260823917149513,0.0
6916,Cummer Ave at Craigmont Dr,2,1,1,0.00011062853171393727,0.005877374875939317
6917,Royal York Rd at Evans Ave South Side,4,1,3,0.0001016443484335959,0.0031217409685980785
6918,Steeles Ave West at Gaudaur Rd,2,1,1,9.782619355735907e-05,0.008239876095225303
6919,Evans Ave at Garroch Pl,2,1,1,6.105918427383978e-05,0.0012989153551680136
6920,Dixon Rd at St Phillips Rd,4,2,2,8.43299490703988e-05,0.008503914464446377
6921,Martin Grove Rd at Waterbury Dr,2,1,1,0.00010484314128326072,0.0027796682262866868
6922,Humberline Dr at Claireville Dr (North),2,1,1,9.340676399643456e-05,0.005834219481071885
6923,Lawrence Ave West at Ledbury St,2,1,1,0.00010732636087138999,0.00010048915355168014
6924,Bathurst St at Barton Ave,3,2,1,0.00011264554863879743,0.0016865163760102085
6925,Queen St East at Silver Birch Ave,2,1,1,3.070777245783657e-05,0.0
6926,Bombay Loop at Avenue Rd,2,1,1,0.00011062853171393727,0.0018088047639302424
6928,Birchmount Rd at Ashtonbee Rd,2,1,1,0.00011062853171393727,0.0006185665674181201
6929,Evans Ave at Islington Ave,2,1,1,7.482122542021588e-05,0.0010979370480646534
6931,Brimorton Dr at Mid Pines Rd,2,1,1,8.495946202941821e-05,0.004357031278660373
6932,Dufferin St at Davenport Rd North Side,4,2,2,0.000128661924051923,0.009566016935880824
6933,Prince Edward Dr South at Bloor St West,2,1,1,0.00013622405929149454,0.027540940025521057
6934,College St at University Ave (Queen's Park Station,2,1,1,0.00011062853171393727,0.004175209094172809
6935,Don Mills Rd at Premier Davis Blvd - Seneca College,2,1,1,9.112262152045466e-05,0.0
6936,Jane St at Lawrence Ave West,4,2,2,0.00016692918903831564,0.026050894248103064
6937,Midland Ave at Emblem Crt,2,1,1,0.00011062853171393727,0.0017377085591580796
6938,Danforth Ave at Carlaw Ave,2,1,1,0.00011062853171393727,0.020247810277740617
6939,Foxwell St at Duern St,2,1,1,7.633910237575478e-05,0.00020097830710336028
6940,Glencairn Ave at Shermount Ave,2,1,1,8.501561629917003e-05,0.0038359426449600846
6941,Sentinel Rd at Grandravine Dr,3,1,2,9.700138387079072e-05,0.0035664176494142464
6942,Martin Grove Rd at Cabernet Cir,2,1,1,0.00013986167794554678,0.0013735511484474691
6943,120 Norfinch Dr,2,1,1,7.618283236697485e-05,0.0009144106387769909
6944,Laird Dr at Esandar Dr North Side,2,1,1,9.232337366940171e-05,0.0030132561372060523
6945,Steeles Ave West at Pine Valley Dr,2,1,1,0.00010401582645430541,0.008139386941673623
6946,Dundas St West at West Mall Cres East Side,2,1,1,0.0001340352290010865,0.0164214009824234
6947,Finch Ave East at Longmore St,2,1,1,0.00010176274584185654,0.0
6948,Greenwin Village Rd at Bathurst St,2,1,1,0.00010842131614540536,0.004082837090599745
6949,Bloor St West at Ossington Ave,2,1,1,0.00011062853171393727,0.013816669994999224
6950,Dundas St West at Shaver Ave South,2,1,1,9.29176443744666e-05,0.004816567418119951
6951,1235 Ormont Dr,2,1,1,0.00010480231302850587,0.00033772862611654617
6952,Jane St at Clair Rd,2,1,1,0.00015348143521217355,0.0
6953,Greenwood Ave at Dorothy St,2,1,1,0.00011062853171393727,0.0003555224727066497
6954,The Westway at Brampton Rd West Side,2,1,1,9.832537834730175e-05,0.0014339642705231816
6955,Kennedy Rd at McNicoll Ave,2,1,1,9.561808973860894e-05,0.0018040195661420673
6956,Danforth Ave at Playter Blvd,2,1,1,0.00010742059298198383,0.010987023036258264
6957,Weston Rd at Starview Lane,4,2,2,0.00011645685144744992,0.007466617422982401
6958,Birchmount Rd at Rolark Dr,2,1,1,0.00011093810085101736,0.002125903870693322
6959,Valley Woods Rd at Brookbanks Dr,2,1,1,4.9312511209483495e-05,0.024283786578682087
6960,Finch Ave East at Kennedy Rd,4,2,2,0.0001474637637962008,0.01536690973600968
6961,Spadina Rd at Lowther Ave,2,1,1,0.00011062853171393727,0.010888292587888504
6962,Victoria Park Ave at Paget Rd North Side,2,1,1,0.0001064490618310475,0.0
6963,Uphill Ave at Woodward Ave,2,1,1,9.343753294413525e-05,0.000365615354051794
6964,O'Connor Dr at Amsterdam Ave,2,1,1,9.496378681318667e-05,0.00609171745063387
6965,Pape Ave at Fulton Ave South Side,2,1,1,9.309000514809012e-05,0.017296932532470596
6966,Washburn Way at Nahanni Ter,2,1,1,8.17251022694692e-05,0.005836699006839373
6967,Bingham Loop,4,2,2,0.00012507769446897486,0.00462517469769703
6968,Brimley Rd at Waterfield Dr,2,1,1,7.524011788758648e-05,0.0013038299586576917
6969,Rathburn Rd at Birchcroft Rd,2,1,1,0.0001062942850847642,0.005150467886005955
6970,Gerrard St East at Sackville St,2,1,1,0.00011062853171393727,0.003170317558656009
6971,St Clair Ave West at Wychwood Ave,2,1,1,5.933692568876845e-05,0.0020140365801786476
6972,Avenue Rd at Heath St West,2,1,1,0.00012572662967578617,0.0004529987239472565
6973,Grandravine Dr at Keele St,2,1,1,5.3273186420477e-05,0.001213751104276413
6974,Ellesmere Rd at Gander Dr East Side,2,1,1,0.0001642026756134328,0.015278999050893975
6975,Weston Rd at Imogene Ave,2,1,1,8.720010112864932e-05,0.00020097830710336028
6976,Humberline Dr at Holyoake Cres (East) West Side,2,1,1,0.00018485690510931986,0.006606364313058273
6977,Wilmington Ave at Combe Ave,2,1,1,6.578214493693327e-05,0.0030157379838366655
6978,Starspray Loop at Lawrence Ave East,2,1,1,0.00010678119201789864,0.00020097830710336028
6979,7675 Markham Rd,2,1,1,7.632470934643188e-05,0.004112079965971927
6980,Moore Ave at Lumley Ave,2,1,1,9.469789566494131e-05,0.0026044578294950474
6983,Parliament St at Richmond St East,2,1,1,0.00010287194735527464,0.0006702315124263231
6984,Welland Ave at St Clair Ave East,2,1,1,9.877468797051006e-05,0.0023029903688400076
6985,Davisville Ave at Belle Ayre Blvd,2,1,1,0.00015092212943679866,0.00849070051244658
6987,Keele St at Ypres Rd,2,1,1,0.00010469517179865004,0.0
6988,Kipling Ave at Kidron Valley Dr,2,1,1,4.398092704350596e-05,0.0023717127250282234
6989,Burnhamthorpe Rd at Burnhamthorpe Cres,2,1,1,0.00011062853171393727,0.004722458528285836
6990,Horner Ave at Fima Cres,2,1,1,9.167142871132727e-05,0.0007729689493832413
6991,Rathburn Rd at Elmcrest Rd,2,1,1,0.0001045509549984266,0.008598830901435714
6993,Wilson Ave at Walsh Ave,2,1,1,0.00010655171580192327,0.0
6994,Coxwell Ave at O'Connor Dr South Side,2,1,1,0.00010528298134710324,0.0036719303842336595
6995,Wynford Dr at Garamond Crt,2,1,1,0.00010087277780115828,0.00020097830710336028
6996,Islington Ave at St Georges Blvd,2,1,1,0.00011398807379756903,0.0
6998,Jane St at Rita Dr North Side,2,1,1,0.00010724109445177398,0.00010048915355168014
6999,Brimley Rd at Applefield Dr (South),2,1,1,7.984675085892818e-05,0.0012033408051060116
7000,Weston Rd at Dora Spencer Rd,2,1,1,0.00010006967078662993,0.0
7001,Lawrence Ave West at Sage Ave,2,1,1,0.00017485026447378304,0.00020097830710336028
7002,Kingston Rd at Dundas St East,2,1,1,0.00011298997932162157,0.005169076988515525
7003,McNicoll Ave at Pharmacy Ave,2,1,1,0.00010923842493009076,0.0026457713029916347
7004,McNicoll Ave at Bramblebrook Ave,2,1,1,0.00011062853171393727,0.0037702927832128177
7006,Don Mills Rd at Chipping Rd,2,1,1,8.59169013851871e-05,0.00040195661420672056
7007,Victoria Park Ave at Gerrard St East North Side,2,1,1,0.00012521640215170992,0.004258560187154403
7008,Horner Ave at Edilou Dr,3,2,1,0.00013330215344857892,0.009393171968225136
7010,Upper Canada Dr at Fairmeadow Ave,2,1,1,0.00011062853171393727,0.0008039132284134411
7011,Hoskin Ave at Tower Rd - Trinity College,2,1,1,8.649839868648732e-05,0.0035799333588572213
7012,Gerrard St East at Jones Ave,2,1,1,0.00010804878890493679,0.0036296611371047782
7013,Annette St at Keele St,2,1,1,9.607965567055106e-05,0.010845854986160683
7014,Warden Ave at McNabb St,2,1,1,7.940547617355087e-05,0.0032985963419821353
7015,Marine Parade Dr Loop at Lake Shore Blvd West,2,1,1,0.00011658919481865617,0.0029140968382248694
7017,Kennedy Rd at Dancy Ave,2,1,1,0.00010264396745124726,0.0014020629519353467
7018,Mortimer Ave at Inwood Ave West Side,2,1,1,0.00010823945963949546,0.00443104845494786
7019,Kipling Ave at The Kingsway,2,1,1,0.00010297076718554054,0.004736282433007231
7020,Kingston Rd at Beech Ave,2,1,1,0.00011929338145044659,0.005972990216928966
7021,Dufferin St at Glengrove Ave,2,1,1,0.0001116882883964901,0.0
7023,Eglinton Ave West at Caledonia Rd,4,2,2,0.00017872794488481904,0.02307039278183311
7024,Midland Ave at Ellesmere Rd,2,1,1,0.00011062853171393727,0.0013357519449513592
7026,Wilson Ave at Bathurst St,2,1,1,0.00013621580357277643,0.0
7027,Lansdowne Ave at Dundas St West,2,1,1,0.00011062853171393727,0.0033161420672054446
7028,Gary Dr at Lockerbie Ave West Side,2,1,1,7.651278973327381e-05,0.0063948186941726924
7029,Glencairn Ave at Dufferin St,2,1,1,0.00011062853171393727,0.006967057064356085
7030,Finch Ave East at Sandhurst Cir (West),2,1,1,8.717652257896812e-05,0.0
7032,Finch Ave West at Ardwick Blvd (East),2,1,1,8.541597507140197e-05,0.0056697194456259755
7033,Scarlett Rd at Fontenay Crt South Side,2,1,1,0.00010429644859752076,0.0012806164043669362
7034,Steeles Ave East at Kelvin Grove Ave,2,1,1,0.00011325322599864803,0.0
7035,Finch Ave West at John Garland Blvd,2,1,1,9.203276486231238e-05,0.001866252822830043
7036,Bloor St West at Parkside Dr,2,1,1,8.829362329709604e-05,0.013784603131845253
7038,Rogers Rd at Gilbert Ave,2,1,1,7.697482307529371e-05,0.008771878447269815
7039,Spadina Ave at College St South Side,2,1,1,0.00011062853171393727,0.00543757975329647
7040,Mt Pleasant Rd at Dinnick Cres,2,1,1,8.967843160278231e-05,0.002110272224585283
7041,Bathurst St at Raeburn Ave,2,1,1,0.00011821938830363079,0.009810718843045513
7042,Sheppard Ave East at Bessarion Rd East Side - Bessarion Stat,2,1,1,0.00010763048696973797,0.014202245498369489
7043,Lawrence Ave West at Bathurst St,4,2,2,0.00011667813653993197,0.015423096078073939
7044,Yonge St at Grosvenor St,2,1,1,0.00010696412385223739,0.0045808698426201624
7045,Sherbourne St at Adelaide St East North Side,2,1,1,0.00010619289730579744,0.0032156529136537645
7046,Bloor St West at Martin Grove Rd,2,1,1,0.00010614526492312845,0.0036521712189032892
7047,Victoria Park Ave at Hare Gate,3,2,1,0.00014399977805289792,0.00401861876957581
7048,Royal York Rd at Bloor St West South Side,2,1,1,0.00013108902817957242,0.0015020204168438962
7049,Kipling Ave at Penlea Ave South Side,2,1,1,8.256149591445895e-05,0.0010343385580070979
7050,Keele St at Annette St,2,1,1,0.0001624600487366764,0.0
7051,Sandra Rd at St Clair Ave East,2,1,1,4.772924490927977e-05,0.0017577626541897065
7052,Faywood Blvd at Clanton Park Rd,2,1,1,9.544108401036397e-05,0.007051254785197789
7053,Symington Ave at Paton Rd,2,1,1,0.0001176760201331202,0.010750693334446806
7055,Wilmington Ave at Searle Ave,2,1,1,7.281420830972395e-05,0.0029304326823398146
7056,235 Carlaw Ave,2,1,1,0.00010671930449471321,0.01445248913145553
7057,East Ave at Kirkdene Dr,2,1,1,0.00010042071204779119,0.0003014674606550404
7058,Weston Rd at Ray Ave,5,2,3,0.00015157398116987143,0.01551303217391757
7059,Dufferin St at Bloor St West - Dufferin Station,3,1,2,0.00012229439411261584,0.010068462703639225
7060,Hollinger Rd at Waterman Ave,2,1,1,0.00010399490734793596,0.002901655323975613
7061,Steeles Ave East at Laureleaf Rd,2,1,1,0.00011137365408178183,0.00010048915355168014
7062,Danforth Ave at East Lynn Ave,2,1,1,0.00010699998446182251,0.01148636286596034
7063,Ellesmere Rd at Crocus Dr,2,1,1,0.00010452557920734152,0.00010048915355168014
7064,Cosburn Ave at Gledhill Ave,3,1,2,0.00010789389541784579,0.002713207145895364
7065,Ossington Ave at Argyle St,2,1,1,0.0001181176557491679,0.006398473812778074
7066,Driftwood Ave at Yewtree Blvd,2,1,1,9.882379128071052e-05,0.0007985963419821353
7067,Sheppard Ave West at Yukon Lane,5,1,4,0.00021904368562929917,0.007117326640993783
7071,Driftwood Ave at Finch Ave West,2,1,1,0.00010284016523441286,0.005534347086346236
7072,Wilmington Ave at Purdon Dr,2,1,1,3.761276505509261e-05,0.0033172054444917057
7073,Albion Rd at Westmore Dr,2,1,1,0.00010763614172130202,0.007527647809442791
7074,Avenue Rd at Lawrence Ave West South Side,2,1,1,0.00011062853171393727,0.0008039132284134411
7075,York Mills Rd at Silverdale Cres,2,1,1,9.268022081255077e-05,7.762654189706508e-05
7076,McCowan Rd at Lawrence Ave East Scarborough General Hospital,2,1,1,0.00010984546154921984,0.005534878774989366
7078,Opposite 35 Oak St,2,1,1,9.550390178174437e-05,0.005892372926414292
7079,Lake Shore Blvd West at Seventh St,2,1,1,0.00011042394614998023,0.005003661348748545
7080,Runnymede Rd at St Clair Ave West,2,1,1,9.110059564259939e-05,0.0018045512547851979
7081,Gerrard St East at Rathmore Ave,2,1,1,8.693984122035468e-05,0.01179233166698607
7082,Wilson Ave at Northgate Dr,2,1,1,0.00016346849216624553,5.1042109740535944e-05
7083,The Queensway at South Kingsway,2,1,1,0.00011062853171393727,0.003239637887198047
7084,Brimley Rd at Elgar Ave,2,1,1,5.948998369037826e-05,0.0013063589961718417
7085,Park Lawn Rd at Gardiner Expressway (Wb On Ramp),2,1,1,8.764921549116858e-05,0.003098061108748051
7086,Steeles Ave West at Pearce Rd,3,2,1,0.00020160290486454123,0.00938151794975529
7088,The Queensway at Culnan Ave,2,1,1,0.00011315275864098168,0.006069515873322763
7089,Islington Ave at Kingsview Blvd,2,1,1,0.00015653600334679157,0.0
7090,Dupont St at Palmerston Ave,2,1,1,0.00011062853171393727,0.009238028529333801
7091,Dynamic Dr at Turbina Ave,2,1,1,0.00010983389747489444,0.004976162625832979
7092,Queen St East at Boulton Ave,2,1,1,0.00014102558080088842,0.0043912026935208565
7093,Queen St East at Alton Ave,4,2,2,0.00024694668327373073,0.0014151641283712743
7094,Royal York Rd at Weston Wood Rd,2,1,1,9.245327060065502e-05,0.0035319398920776305
7095,Wilson Heights Blvd at Waterloo Ave South Side,2,1,1,9.527112041202057e-05,0.0011163689210265135
7096,Don Mills Rd at Moatfield Dr,2,1,1,9.084725146537377e-05,0.0
7097,Kennedy Rd at Malta St,2,1,1,0.00011062853171393727,0.0007732525166595775
7098,Opposite 247 Yonge St - Toronto Eaton Centre,2,1,1,0.00011062853171393727,0.004078424074861761
7099,Kennedy Rd at Pently Cres South Side,2,1,1,0.00011062853171393727,0.004935133985538069
7100,Wellesley St East at Parliament St West Side,2,1,1,9.410183652974716e-05,0.004675211963706221
7101,Wilson Ave at Ridge Rd West Side,2,1,1,0.0001243426120869428,0.0003014674606550404
7103,Jane St at East Dr,2,1,1,7.946007566147077e-05,0.0
7104,Finch Ave West at Duncanwoods Dr,2,1,1,0.00011891689476387009,0.006972612380863563
7105,St Clair Ave West at Mould Ave,3,1,2,0.00016471196383682847,0.01713329098788049
7107,Queen St West at Tecumseth St,2,1,1,9.68511411935599e-05,0.0024533443565908936
7108,Eglinton Ave East at Forman Ave,2,1,1,8.333564503308478e-05,0.008120003624362424
7109,Annette St at Medland St,2,1,1,9.505988736721626e-05,0.010946344139712365
7111,Cummer Ave at Silverview Dr,2,1,1,5.8134053558487495e-05,0.00294401318587835
7112,Don Mills Rd at Cliffwood Rd (North),2,1,1,9.939390802414443e-05,0.00010048915355168014
7113,Lawrence Ave East at Collinsgrove Rd,2,1,1,0.00016708131407913596,0.018069154969516523
7114,Martin Ross Ave at Brisbane Rd (West),2,1,1,8.903856600057683e-05,0.001406848149723522
7115,Markham Rd at Ellesmere Rd,3,2,1,0.00015236763483938341,0.012124796186020134
7116,263 Carrier Dr,2,1,1,0.00011400086540562892,0.0014481204806465334
7117,Sutherland Dr at Millwood Rd West Side,3,2,1,8.972774967138978e-05,0.008308051538352478
7118,Davenport Rd at Lightbourn Ave,2,1,1,7.810312820698978e-05,0.0031349327984567135
7119,Dufferin St at St Clair Ave West,4,2,2,0.00013345282393316656,0.014984751584017858
7121,Ellesmere Rd at Brimley Rd,4,2,2,0.0001159368223327158,0.01179939142023361
7122,Yonge St at Florence Ave,2,1,1,9.765561308987486e-05,0.020418826278884264
7123,Hullmar Dr at Hisey Cres (North),2,1,1,9.492664745691667e-05,0.00015612150857791012
7124,McCowan Rd at Bridley Dr,2,1,1,0.00012908213926000892,0.010087196937473416
7125,Bayview Ave at Burleigh Heights Dr South Side,2,1,1,0.00011021599343225374,0.007426095278604849
7126,High Park Ave at Dundas St West South Side,2,1,1,6.677082050679606e-05,0.0014347577957845373
7127,Dupont St at Osler St,2,1,1,0.00011062853171393727,0.0028573356673101463
7130,Bloor St West at Sterling Rd,2,1,1,9.680217515934173e-05,0.018222076547413098
7131,Rogers Rd at Glenholme Ave,2,1,1,7.292094830333477e-05,0.0010048915355168014
7132,Aukland Rd at Dundas St West North Side,3,2,1,0.00010416398009545377,0.00385314952600665
7133,Finchdene Sq at Finch Ave East,4,1,3,0.00010335908560537576,0.0001727988090174394
7134,Lawrence Ave East at Greenholm Circt,2,1,1,0.00019247010944541912,0.009608644089818884
7136,Caledonia Rd at Raitherm Rd,2,1,1,0.0001219504311664099,0.002837356444066355
7138,Glencairn Ave at Marlee Ave,2,1,1,0.00011062853171393727,0.006665589603701044
7139,279 Rexdale Blvd,2,1,1,9.723408170230215e-05,0.0012352456401531263
7141,Trethewey Dr at Paulson Rd,2,1,1,8.161393424060186e-05,0.0005024457677584007
7142,Islington Ave at Leduc Dr North Side,2,1,1,6.977333396047605e-05,0.0035953860502622994
7143,Burnhamthorpe Rd at Kipling Ave,2,1,1,0.00011062853171393727,0.004923436835389196
7144,Yorkland Blvd (North) at Yorkland Rd,2,1,1,6.647713742248694e-05,0.003958053588655085
7145,Promenade Cir at East Promenade North Side (Mall East Ent),2,1,1,8.344505003691989e-05,0.0024117396852403232
7147,Broadview Ave at Wolfrey Ave,4,3,1,0.00019546756780987792,0.021657019671222525
7148,Queen St East at Broadview Ave,3,1,2,0.0001749084171578788,0.009831580272749503
7149,Sheppard Ave East at Lapsley Rd East Side,4,2,2,0.00013918957884507697,0.007073851552530837
7150,Victoria Park Ave at Bassett Ave,2,1,1,0.00011667051752229613,0.00040195661420672056
7152,Finch Ave East at Liszt Gate,2,1,1,9.614835342620906e-05,0.00010048915355168014
7153,Orfus Rd at Dufflaw Rd West Side,2,1,1,4.436688232773706e-05,0.004196352615908124
7154,Bay St at Gerrard St West North Side,2,1,1,0.00010341399543583021,0.003020564080751235
7155,Leslie St at Van Horne Ave,2,1,1,0.00011201345624793104,0.001509995746490855
7156,Harold Evans Cres at Gordon Baker Rd East Side,2,1,1,7.100620931820633e-05,0.0018263504891535517
7157,McCowan Rd at Trail Ridge Lane,2,1,1,0.00011062853171393727,0.00611335601871544
7158,Finch Ave East at Heathview Ave,2,1,1,0.00010174551069239401,0.00040195661420672056
7159,Bathurst St at College St,2,1,1,0.0001476698182259106,0.0037852064101532414
7161,Wilson Ave at Keele St,3,2,1,0.0001314572830986453,0.10456941004846651
7162,Yonge St at Mcglashan Rd South Side,3,2,1,8.768078304850817e-05,0.005612456981555238
7163,Craigton Dr at Pharmacy Ave West Side,2,1,1,2.8352632301616697e-05,0.0002004466184602297
7164,Opposite 100 Wynford Dr,2,1,1,0.00010232909207813867,0.00010048915355168014
7165,Bayview Ave at Millwood Rd,2,1,1,0.00010634546672164011,0.004432984444309412
7166,600 Commissioners St,2,1,1,9.149034968420722e-05,0.0011572203317737134
7167,Scarlett Rd at Edinborough Crt North Side,2,1,1,0.00013176378269842012,0.000508294342832837
7168,Sheppard Ave East at McCowan Rd,4,2,2,0.00012459967675643022,0.006490235932600884
7170,Avenue Rd at Lytton Blvd,2,1,1,0.00011062853171393727,0.0003014674606550404
7171,Birchmount Rd at Parnell Ave South Side,2,1,1,7.9946502983031e-05,0.0006203034169856798
7173,Martin Grove Rd at John Garland Blvd,2,1,1,6.994380572180945e-05,0.003236211541188147
7175,Brimley Rd at St Andrews Rd,2,1,1,9.681876508450365e-05,0.00040195661420672056
7176,Sheppard Ave East at Don Mills Rd West Side,2,1,1,2.3609194438274262e-05,0.006124116384112131
7177,McCowan Rd at Nugget Ave,3,1,2,0.0001255381917203335,0.01976286686516376
7178,Gerrard St East  at Woodbine Ave,2,1,1,0.00010258811640059053,0.004320567742196836
7179,St Clair Ave West at Britannia Ave,2,1,1,8.185944530246232e-05,0.006935952195283331
7180,Don Mills Rd at Esterbrooke Ave,6,1,5,0.00012734320192691343,0.01649340582367087
7181,Dawes Rd at Secord Ave,2,1,1,9.938266739391822e-05,0.001996136395859918
7182,Mortimer Ave at Inwood Ave,2,1,1,8.870193269689354e-05,0.0027290923665870504
7183,Gary Dr at Dalbeattie Ave,2,1,1,8.707254713990627e-05,0.0005642338957417649
7184,Yonge St at Norton Ave,2,1,1,0.00012611352013167996,0.004719073443924571
7185,Bathurst St at Ridge Hill Dr,2,1,1,0.00011407634920525576,0.0022523611902599567
7186,Chaplin Cres at Eglinton Ave West,2,1,1,9.251853226547999e-05,0.0016268912924591362
7188,Pharmacy Ave at Kellyvale Rd,2,1,1,0.00011062853171393727,0.005927264993619737
7189,Avenue Rd at St Clements Ave,2,1,1,0.00011062853171393727,0.00010048915355168014
7192,The Donway East at Don Mills Rd,2,1,1,0.00011051486361220086,0.000382284134410889
7193,Grantbrook St at Blake Ave,2,1,1,0.00011062853171393727,0.0011994895789025947
7194,Midland Ave at Lawrence Ave East,2,1,1,8.770631812342393e-05,0.003000850701829009
7197,Norelco Dr at Fenmar Dr,2,1,1,0.00010180581130715555,0.005031369629944706
7198,Highview Ave at Kennedy Rd West Side,2,1,1,0.00011062853171393727,0.0006727633631078973
7200,Arleta Ave at John Lindsay Crt,2,1,1,8.07778557426139e-05,0.001301042109740536
7201,Alness St at Steeles Ave West South Side,2,1,1,4.5247953911524175e-05,0.002110272224585283
7202,MacDonell Ave at Seaforth Ave,2,1,1,0.00011062853171393727,0.002713207145895364
7204,Shorncliffe Ave at Lockport Ave South Side,2,1,1,8.541897766257403e-05,0.0018750821700630296
7205,Main St at Swanwick Ave,2,1,1,0.00012013555495246563,0.0015169076988515526
7206,McCowan Rd at Bur Oak Ave,2,1,1,0.00011062853171393727,0.006414823479370481
7207,Weston Rd at Oxford Dr South Side,3,1,2,0.00010116436451241802,0.0013146533390046788
7208,Stephen Dr at Berry Rd,2,1,1,9.411645656024422e-05,0.014860697575499788
7210,Mt Pleasant Rd at St Leonards Ave,2,1,1,0.00011062853171393727,0.0006029349213100808
7211,Marlee Ave at Viewmount Ave South Side,2,1,1,9.657710992842995e-05,0.00047244333718174635
7212,Sheppard Ave East at Twyn Rivers Dr South Side,2,1,1,9.01105991560444e-05,0.001821033602722246
7213,Lawrence Ave East at Cherryhill Ave,2,1,1,8.941418723677389e-05,0.0022044342832837093
7214,Horner Ave at Edilou Dr,2,1,1,9.69379006840811e-05,0.000571990642279881
7215,Bay St at Hagerman St,2,1,1,9.888024955980934e-05,0.0033220315414062757
7216,Keele St at Wycombe Rd,3,1,2,0.00015461881570031448,0.01352839175931964
7218,Dufferin St at Stayner Ave,2,1,1,9.512129194467366e-05,0.0
7219,Mortimer Ave at Roosevelt Rd,2,1,1,9.728190603680014e-05,0.007166565782154892
7220,Sheppard Ave West at Bathurst St,2,1,1,0.0001288180024181307,0.0
7221,Hullmar Dr at Bimini Cres (South),2,1,1,8.087588639695868e-05,0.0005580781227846306
7222,Finch Ave East at Adirondack Gate,2,1,1,9.342225849146116e-05,0.0
7223,Crescent Rd at Rosedale Rd East Side,2,1,1,0.00011062853171393727,1.0102084219481072e-05
7224,Jane St at Lambton Ave North Side,3,1,2,0.00011106087163593483,0.020646627939030108
7225,Southwood Dr at Kingston Rd,2,1,1,0.0001097958887504109,0.0003110378562313909
7226,Royal York Rd at Weston Wood Rd North Side,2,1,1,8.796344610044316e-05,0.0008831348362398979
7227,Lawrence Ave East at Pharmacy Ave,4,2,2,0.00010556322450540518,0.007596734264212757
7228,Kipling Ave at Annabelle Dr,2,1,1,6.247086376608084e-05,0.0021707344179248632
7229,Industry St at Todd Baylis Blvd,2,1,1,9.69721027148756e-05,0.0006887494683113569
7231,Lawrence Ave East at Stotts Ter West Side,2,1,1,0.00010774904376636995,0.0
7232,6900 Airport Rd - International Centre - North Entrance,2,1,1,9.833429923665555e-05,0.0026042109740535943
7234,Avenue Rd at Edmund Ave North Side,2,1,1,0.00012637047069224,0.000754466184602297
7235,Humber College Blvd at Lynmont Rd,2,1,1,0.0001107240327876916,0.0066746109811427765
7236,400 Alliance Ave,2,1,1,8.048240955782455e-05,0.005174101446193107
7237,Carlton St at Yonge St - College Station,2,1,1,0.00010192806995657782,0.004097844917400986
7238,Steeles Ave West at Islington Ave,4,2,2,0.00023160014425746,0.0025602837316631632
7239,Midland Ave at Danforth Rd,2,1,1,0.00011062853171393727,0.00046933099847696935
7240,Dufferin St at Dufferin Park Ave,2,1,1,0.00012426510789266,0.010168951857190906
7241,Chaplin Cres at Oriole Pkwy,2,1,1,8.071217105062661e-05,0.003578854489477629
7242,Sheppard Ave West at Kodiak Cres (North),2,1,1,0.00022415506495202807,0.0002619452715156671
7244,Brimorton Dr at Scarborough Golf Club Rd,2,1,1,9.340290697890243e-05,0.004055563818005333
7245,Kennedy Rd at Merrian Rd South Side,2,1,1,6.684263944932108e-05,0.011464636849457113
7247,St Albans Rd at West Service Rd,2,1,1,0.0001104468252887309,0.0
7248,Finch Ave East at Leslie St West Side - Old Cummer GO Statio,2,1,1,0.00010645588498419626,0.0
7249,Pharmacy Ave at Rannock St,2,1,1,0.00011062853171393727,0.004721395150999575
7250,Upper Canada Dr at Normandale Cres (West),2,1,1,9.166511598906706e-05,0.0025122288387920033
7251,Sentinel Rd at Cook Rd,4,2,2,0.0001930949774155483,0.005832453259750367
7252,Gerrard St East at Woodfield Rd,2,1,1,0.00011567279926562578,0.003938524133600697
7253,Greenwood Ave at Felstead Ave,2,1,1,0.00010426179530438528,0.0009584573940167305
7254,Opposite 44 Milner Ave,2,1,1,6.0701455468097266e-05,0.0024117396852403232
7255,Midland Ave at Prudential Dr,2,1,1,8.37045832979949e-05,0.0031013398553806893
7256,Sheppard Ave East at Grand River Blvd North Side,2,1,1,0.00010240518714593278,0.0007982377127797101
7257,Sheppard Ave East at Consumers Rd East Side,4,2,2,0.0001989953477873169,0.0445084590572792
7260,Queen St East at Carlaw Ave,2,1,1,0.0001591853477827416,0.004692670154175897
7261,Dovercourt Rd at Northumberland St,3,1,2,8.61575896907904e-05,0.0037699065957118288
7262,Eglinton Ave West at Richardson Ave,2,1,1,0.00010477904227659552,0.017456058414593342
7263,Burnhamthorpe Rd at The West Mall,2,1,1,0.00011062853171393727,0.005626860910250957
7264,Humberwood Blvd at Pinecone Dr North Side,2,1,1,0.00015921039315067802,0.0020291952449312347
7265,O'Connor Dr at Bermondsey Rd,2,1,1,0.00011897407752628269,0.006085127627582966
7266,Maniza Rd at Regent Rd,2,1,1,3.4602963439014276e-05,0.0020569261307245147
7267,Atkinson Ave at Dundurn Cres (North) East Side,2,1,1,0.00011062853171393727,0.0015073373032752021
7268,Symington Ave at Wallace Ave,2,1,1,9.62535571415037e-05,0.007480881995503433
7269,Bloor St West at Dufferin St,2,1,1,0.00011062853171393727,0.013515202534344184
7270,Avenue Rd at Woburn Ave,2,1,1,9.788368716168527e-05,0.0026127179923436834
7271,Lumsden Ave at Gledhill Ave,2,1,1,0.00010984170986128234,0.00533545083691298
7272,Bay St at St Joseph St North Side,2,1,1,0.00010287311672332772,0.0026186074665445146
7273,Underpass Gate at Roywood Dr West Side,2,1,1,9.64552502095906e-05,0.006135686941726925
7274,Opposite 125 Norfinch Dr,2,1,1,7.013979705418807e-05,0.001014899792328671
7275,Bermondsey Rd at Bartley Dr,2,1,1,9.729733811360389e-05,0.0034041010917340137
7277,Hotspur Rd at Neptune Dr,2,1,1,0.00012083843695491879,0.0009044023819651212
7278,Hullmar Dr at Ruthmar Cres (South),2,1,1,9.515984352290874e-05,0.00483517652062952
7279,Meadowvale Rd at Kingston Rd,2,1,1,0.0001225392542144025,0.0013327661987806605
7280,Ellesmere Rd at Bellamy Rd North,4,2,2,0.00019627011501653733,0.015580466511549018
7281,Finch Ave East at Victoria Park Ave,3,2,1,0.00015486557553488764,0.011632860395303594
7282,Kipling Ave at Torlake Cres (North),2,1,1,9.584269605435452e-05,0.0
7285,Oakwood Ave at Davenport Rd,3,1,2,0.00014829636447475763,0.011279679378798615
7286,Bathurst St at Codsell Ave,2,1,1,0.00011332045848927392,0.009207783921735432
7288,Royal York Rd at Chapman Rd,2,1,1,7.925094573343812e-05,0.0010841131433432583
7289,Park Lawn Rd at Lake Shore Blvd West North Side,2,1,1,9.977133474486425e-05,0.005111654615057423
7290,Sheppard Ave East at Gateforth Dr,4,2,2,0.00018964398113367856,0.010041419389250099
7291,Bridgeland Ave at Dufferin St,2,1,1,0.00010948525621728617,0.0
7292,Kennedy Rd at Corvette Ave,2,1,1,9.335185197885778e-05,0.0008278392173543173
7293,Tournament Dr at Upper Highland Cres,2,1,1,0.00011062853171393727,0.00020097830710336028
7294,Kennedy Rd at Treverton Dr North Side,2,1,1,0.00010619904752780311,0.004520948532539345
7295,Yonge St at Carlton St (College Station),0,0,0,1.6598932385570904e-05,0.0
7296,St Clair Ave East at Presley Ave,2,1,1,8.185109410273022e-05,0.005974371699280348
7297,Kipling Ave at Eglinton Ave West,4,2,2,0.00013271247683296653,0.00800233421739602
7298,Dufferin St at Dupont St,4,2,2,0.0001263936696457573,0.009766995242984185
7299,Middlefield Rd at Pebblewood Ave,2,1,1,9.038212667996116e-05,0.001990642279880902
7301,Driftwood Ave at Driftwood Crt,2,1,1,9.541084086741753e-05,0.0061372820076563165
7302,Old Finch Ave at Bingley Rd,2,1,1,7.841863232292817e-05,0.0016633081667375585
7303,Queen St West at Augusta Ave,2,1,1,0.00011412421709939907,0.00534991011178333
7304,240 Bridgeland Ave,2,1,1,6.712308898761647e-05,0.0003493194385367929
7306,Danforth Rd at Wolfe Ave,2,1,1,0.00011521553070127579,0.0035268682180687816
7307,Foxwell St at Scarlett Rd East Side,3,2,1,0.0001272469537470095,0.0044370025846421
7308,Calvington Dr at Forthbridge Cres,2,1,1,8.422320011879106e-05,0.0024532822912235928
7309,St Clair Ave East at Fermoy Rd,2,1,1,0.00016148602407692968,0.0
7310,Kipling Ave at Albion Rd,2,1,1,9.477371653122729e-05,0.0008039132284134411
7311,Kipling Ave at Nugent Rd,2,1,1,0.0001034645314742803,0.00010048915355168014
7313,Pharmacy Ave at Conroy Ave,2,1,1,0.00010452901408121364,0.0019705401733528067
7314,Finch Ave West at Tobermory Dr,2,1,1,7.317620499250555e-05,0.004264621437686091
7315,Bloor St West at Dundas St West,2,1,1,9.435891190382381e-05,0.013652418606417107
7316,49 Mabelle Ave,2,1,1,8.89243605420248e-05,0.004809413789103283
7318,Washburn Way at Griffen Dr South Side,2,1,1,0.00011426801988736614,0.005126311498653054
7319,O'Connor Dr at Wolverton Ave,2,1,1,5.7502938910614254e-05,0.007025290656458245
7320,Keele St at Tilbury Dr,2,1,1,0.00018120502028704424,0.03993666987715757
7321,Markham Rd at Sheppard Ave East,4,2,2,0.00015381804709462335,0.011953691803146434
7322,The East Mall at Valhalla Inn Rd,2,1,1,0.00012996894370928232,0.011687699437131185
7323,350 Steeles Ave West,2,1,1,9.295373417074937e-05,0.00020097830710336028
7324,Jane St at Gordon Mackay Rd South Side,3,2,1,0.00016336596689454797,0.01691650750749202
7325,Wilson Heights Blvd at Cocksfield Ave,2,1,1,9.757341207878927e-05,0.0010158797674748334
7326,Steeles Ave West Loop at Martin Grove Rd,3,2,1,0.00017569935730853107,0.002837847357070792
7327,Annette St at Clendenan Ave,2,1,1,0.00011062853171393727,0.002153911592448385
7329,Leslie St at Van Horne Ave,2,1,1,9.922770991371702e-05,0.0017855256628385085
7330,The Queensway at Ellis Ave,2,1,1,9.513086947783168e-05,0.004279561888558061
7331,2275 Markham Rd,2,1,1,0.0001115769330172584,0.0
7332,Kipling Ave at Bywood Dr,3,1,2,0.00013764511875622812,0.003966247314290701
7333,Rexdale Blvd at Tidemore Ave West Side,2,1,1,9.843089744134418e-05,0.0020743887795973345
7334,Carlaw Ave at Lake Shore Blvd East,3,2,1,0.00013216689729265285,0.02512316279374238
7335,Victoria Park Ave at Clydesdale Dr,2,1,1,0.0001639552177906861,0.0067978317230763
7336,Lawrence Ave East at Bennett Rd,2,1,1,0.00010107566048056296,0.00936681199489579
7337,Weston Rd at Mainshep Rd,2,1,1,0.00011521014993560286,0.00010048915355168014
7338,Victoria Park Ave at Gordon Baker Rd,4,2,2,0.00012198673952128677,0.007896924100640603
7339,Dundas St West at Bathurst St - Toronto Western Hospital,2,1,1,0.0001120034650458986,0.008247621748259775
7340,Sheppard Ave East at Blue Ridge Rd West Side,2,1,1,0.00010500223232680258,0.010220329874825303
7341,Bloor St West at The Kingsway,5,2,3,0.0002316785456201452,0.07780124078209279
7342,Steeles Ave West at Futurity Gate,2,1,1,8.601070218092863e-05,0.00010048915355168014
7343,McRae Dr at Sutherland Dr West Side,2,1,1,8.441084684352566e-05,0.0023153445342407484
7344,Midland Ave at Eglinton Ave East North Side,3,2,1,5.1184039950090724e-05,0.0036037856231390898
7345,Finch Ave West at Chesswood Dr West Side,2,1,1,0.00010951807477304013,0.006148123392274816
7346,1245 Martin Grove Rd,2,1,1,0.00010265970153203275,0.007123911194126459
7347,Pape Ave at Wroxeter Ave,2,1,1,0.0001104241399317822,0.013950043363697128
7349,106 Lansdowne Ave,2,1,1,0.00011062853171393727,0.0031151637601020844
7350,Yonge Blvd at Apsley Rd,2,1,1,3.743596260572312e-05,0.0056100724385496825
7351,Kipling Ave at Genthorn Ave North Side,2,1,1,0.00011028139875209221,0.00418890583761106
7352,Midland Ave at Midwest Rd (North),2,1,1,0.00011062853171393727,0.0012352627913996789
7354,Prince Edward Dr South at Edgemore Dr North Side,2,1,1,0.00014075799051882374,0.027741918332624415
7355,Dundas St West at Acorn Ave,4,3,1,0.00020062877748414925,0.00719409535594138
7356,Warden Ave at Steeles Ave East,4,2,2,0.0001858973121522655,0.022023477275949627
7358,Colonel Samuel Smith Park Dr,2,1,1,0.00011837074602835727,0.0
7359,Markham Rd at Kirkham Dr,2,1,1,7.045697950544011e-05,0.004212569119523607
7360,Weston Rd at Seneca Ave,3,2,1,0.0001754468645436156,0.00040195661420672056
7362,Dundas St West at Indian Road Cres,2,1,1,0.00012142903414165667,0.0129164458912502
7363,Royal York Rd at Royaleigh Ave South Side,4,2,2,8.344350695024745e-05,0.004404440955454917
7364,Sheppard Ave West at Wilmington Ave,3,2,1,0.00013461149398992625,0.013813016497539044
7366,Eglinton Ave East at Don Valley Pkwy West Side,2,1,1,8.319858711015394e-05,0.006625836893248648
7367,Cummer Ave at Snowcrest Ave (East),2,1,1,9.77256437339024e-05,0.0020396108039132284
7368,Markham Rd at Lawrence Ave East,4,2,2,0.00012435723464545187,0.011521861264710052
7369,Wilmington Ave at Combe Ave,2,1,1,0.00011062853171393727,0.00998139089749043
7370,Dundas St West at Ossington Ave,2,1,1,0.00011053569698142623,0.008649578362466496
7371,Cliff St at Alliance Ave North Side,2,1,1,7.050495037210897e-05,0.0004439600170140366
7372,Hollinger Rd at Curity Ave,2,1,1,0.00011062853171393727,0.002801166170423933
7373,300 Atkinson Ave,2,1,1,0.00011062853171393727,0.0013063589961718417
7374,Lake Shore Blvd West at Hillside Ave,2,1,1,0.00013317092648777452,0.006032007656316461
7375,Islington Ave at Lake Shore Blvd West,3,1,2,7.838333570692646e-05,0.007909045796115129
7376,The Queensway at Park Lawn Rd,2,1,1,0.00010074155585091546,0.0012637421064686058
7377,Attwell Dr at Carlson Crt,3,2,1,0.00012315735058144548,0.0032788799618553954
7378,Sheppard Ave East at Brimley Rd,4,2,2,0.00011710833045538906,0.006289257625497524
7379,Weston Rd at Oxford Dr,2,1,1,0.00015620520144076617,0.0
7381,Humberline Dr at Claireville Dr (South),2,1,1,6.491069289678239e-05,0.0017987026797107615
7382,Bayview Ave at York Mills Rd South Side,2,1,1,0.00011062853171393727,0.006119736282433007
7383,O'Connor Dr at Warland Ave,2,1,1,9.107750141656908e-05,0.00907283993610618
7384,Midland Ave at Dorcot Ave,2,1,1,0.00011062853171393727,0.0008333061771929584
7385,Barber Greene Rd at Southill Dr West Side,2,1,1,4.759157210158199e-05,0.004337263916432355
7387,Islington Ave at Elmhurst Dr,2,1,1,8.112610877391367e-05,0.0033944077431589392
7388,Broadview Ave at Millbrook Cres,2,1,1,0.0001830200604653304,0.02612779389722712
7389,Leslie St at Talwood Dr (North),2,1,1,7.738949040039908e-05,0.0005928328370905998
7390,Dundas St West at Highway 427,2,1,1,7.022884742399037e-05,0.020997776513864974
7391,Midland Ave at Broadbent Ave,2,1,1,6.733663773758193e-05,0.0034028073160357296
7392,Bayview Ave at Argonne Cres,2,1,1,0.00011062853171393727,0.003354389469526645
7393,Kennedy Rd at Glamorgan Ave South Side,3,2,1,0.00017913818022492162,0.006358512384795705
7394,Mt Pleasant Rd at Mt Pleasant Cemetery,2,1,1,9.460921544187967e-05,0.001430090538980373
7395,Cummer Ave at Maxome Ave,2,1,1,0.00011062853171393727,0.0052744399546292365
7396,Mill Rd at Burnhamthorpe Loop,2,1,1,0.00011062853171393727,0.006229795831561038
7397,Commander Blvd at McCowan Rd West Side,2,1,1,3.0432848143379343e-05,0.0023366829717850557
7398,4545 Steeles Ave West,2,1,1,0.00011603753783000459,0.0027232591143645894
7399,Warden Ave at Hymus Rd,2,1,1,0.00011209088080994082,0.0
7400,Royal York Rd at Tremayne Ave,2,1,1,0.00014514459295923327,0.005463076439103928
7401,Airport Rd at Orlando Dr,2,1,1,8.584551705008279e-05,0.0030061675882603147
7402,Bayview Ave at Citation Dr North Side,2,1,1,0.00010830676318583681,0.004158302697940087
7403,640 Coronation Dr,2,1,1,7.34353960604115e-05,0.010996916205869844
7404,Don Mills Rd at Bond Ave,2,1,1,0.0001054260888984988,0.00020097830710336028
7405,Arcot Blvd at Albion Rd,3,1,2,9.594535601833556e-05,0.005488617547382434
7406,Rexdale Blvd at Queen's Plate Dr (East) East Side,2,1,1,8.397672745912225e-05,0.001637202254359847
7408,St Clair Ave East at Marsh Rd,2,1,1,0.00019360346682697612,0.0021867268965056644
7409,Spadina Ave at Willcocks St,2,1,1,0.00011062853171393727,0.0008036781098174838
7410,The West Mall at Eva Rd,2,1,1,0.00011062853171393727,0.0005024457677584007
7411,Senlac Rd at Churchill Ave,2,1,1,9.065641740366176e-05,0.003510740110591238
7412,Birchmount Rd at Micro Crt,2,1,1,7.20830998403556e-05,0.002210761378136963
7413,Old Weston Rd at Steeles Ave West,3,1,2,0.0001070714366553202,0.0044406113100123965
7414,South Dr at May St,2,1,1,0.00011062853171393727,7.4436410038281585e-06
7416,Highway 27 at Queen's Plate Dr South Side - Woodbine Centre,4,1,3,0.00019068325271618227,0.04933617283989481
7417,Steeles Ave West at Shale Gate,3,2,1,0.0001993966638612035,0.011438704156136488
7418,Brimley Rd at Ellesmere Rd South Side,2,1,1,6.149161150759426e-05,0.001504808265761052
7419,Evans Ave at North Carson St,2,1,1,0.00010262772276752331,0.009671416418545298
7420,Avenue Rd at Hillhurst Blvd,2,1,1,8.074700775865954e-05,0.0033161420672054446
7421,Markham Rd at Elson St,2,1,1,0.00011062853171393727,0.004730965546575925
7422,McNicoll Ave at Don Mills Rd,2,1,1,0.00011062853171393727,0.005874149298170992
7423,Lawrence Ave East at Meadowvale Rd East Side,2,1,1,8.120801117772773e-05,0.0024054125903870695
7424,2450 Birchmount Rd - Stephen Leacock Collegiate,2,1,1,0.00012652734417449883,0.002829327945555083
7426,Ellesmere Rd at Oakley Blvd,2,1,1,9.279458802802216e-05,0.0
7427,Gerrard St East at Carlaw Ave,2,1,1,0.00012023240335872802,0.004641948208462458
7429,Kipling Ave at New Toronto St,2,1,1,9.055491242654132e-05,0.0
7431,Ossington Ave at Salvador Allende Crt,2,1,1,0.00013264081177775684,0.004681604709624701
7432,Bathurst St at Fisherville Rd,3,2,1,0.00020278315121474981,0.003982347937048065
7433,Markham Rd at Passmore Ave,4,2,2,0.00018509397991956522,0.018418867140297838
7434,Brimley Rd at Port Royal Trail (North),2,1,1,4.27003801239841e-05,0.0
7435,Burnhamthorpe Rd at Appleby Rd,2,1,1,0.00010984986392727851,0.007335176520629519
7436,Oakwood Ave at Vaughan Rd,2,1,1,0.00012168172083470367,0.005637995940160193
7437,Warden Ave at Denison St,2,1,1,0.00011062853171393727,0.004922373458102935
7439,Kipling Ave at Hunting Ridge,2,1,1,0.00010064446067514901,0.00010048915355168014
7440,Old Kingston Rd at Morrish Rd West Side,2,1,1,0.00010334938370679486,0.0004030199914929817
7442,Woodbine Ave at Sammon Ave,2,1,1,0.00011265067832885327,0.003356759175533102
7443,Berry Rd at Cloverhill Rd East Side,2,1,1,7.519690533627907e-05,0.007496728069888428
7445,McNicoll Ave at Clansman Blvd,2,1,1,0.00011062853171393727,0.006379820643697718
7446,Eglinton Ave East at Brentcliffe Rd West Side,3,1,2,0.00023943010462773915,0.033788741026192115
7447,Petrolia Rd at Steeles Ave West South Side,2,1,1,4.444034865952409e-05,0.0006773713313483624
7448,Willowdale Ave at Revcoe Dr South Side,2,1,1,9.747596157004039e-05,0.0014536367503190132
7449,Royal York Rd at Frankwood Rd,3,1,2,0.00011004593190617405,0.0006981071884304552
7450,Steeles Ave East at Opposite Walkway to Enchanted Hills Cres,2,1,1,0.00010629550782616858,0.00020097830710336028
7452,100 Lesmill Rd,2,1,1,0.00011062853171393727,0.005030306252658444
7453,Pharmacy Ave at Singleton Rd,2,1,1,0.00010213751276519313,0.0032985963419821353
7455,Upper Canada Dr at Fairmeadow Ave,2,1,1,9.371496156719718e-05,0.0024117396852403232
7456,Lansdowne Ave at Glencairn Ave South Side,2,1,1,0.00010370290257168463,0.007770970292769526
7457,Gerrard St East at Coxwell Ave,2,1,1,0.00011491378475010058,0.0038380349800490165
7458,Queen St West at Sorauren Ave,2,1,1,0.00011062853171393727,0.004043551115611488
7459,Annette St at Gilmour Ave,2,1,1,8.214867368219129e-05,0.011348300753919086
7460,Kingston Rd at Birchmount Rd,2,1,1,7.379185622563835e-05,0.0013095643191347148
7461,Dufferin St at Martin Ross Ave,2,1,1,0.000113663969953229,0.002955893473226523
7462,Eglinton Ave West at Renforth Dr,2,1,1,2.342444386704458e-05,0.0006215440238196512
7464,Don Mills Rd at Leith Hill Rd North Side,5,4,1,0.0001574821283314011,0.015457784103177696
7466,Yonge St at Kempford Blvd,2,1,1,6.985431180706462e-05,0.009421585152176951
7467,Islington Ave at Winnipeg Rd,2,1,1,0.00011683682084193494,0.0
7468,West Mall Cres at Dundas St West South Side,2,1,1,7.683246034582331e-05,0.020897287360313294
7469,Opposite 1451 Avenue Rd - Havergal College,2,1,1,0.00011062853171393727,0.000703424074861761
7470,The Westway at Epping St,2,1,1,8.524723122622634e-05,0.0019364100382815823
7471,Steeles Ave West at Peter Kaiser Gate,3,2,1,0.00020509979702447467,0.007959452932597965
7472,Lawrence Ave East at Beechgrove Dr,3,1,2,0.00010293144406749597,0.009266322841344111
7473,Park Lawn Rd at Lorne Ave,2,1,1,7.270401297759454e-05,0.0033995285694030913
7475,Morningview Trail at Sewells Rd,2,1,1,6.550686951072704e-05,0.0018642864738409187
7476,Steeles Ave West at Kipling Ave,2,1,1,9.948543243570068e-05,0.0012555694385367928
7477,Middlefield Rd at Arbor Low Gate,2,1,1,0.0001130271864237671,0.005155784772437261
7478,The Donway West at Lawrence Ave East,2,1,1,0.00016253052777943068,0.004116613129533164
7479,Garnett Janes Rd at Twelfth St East Side,2,1,1,5.259902616952705e-05,0.0
7480,Dupont St at Edwin Ave East Side,2,1,1,0.00010553568071748116,0.010544387525505645
7481,Brimorton Dr at Dalehurst Ave,2,1,1,8.753962953694515e-05,0.004256542125108693
7482,Doncliffe Loop at Glen Echo Rd,2,1,1,0.00010399490734793596,0.0013063589961718417
7483,Laird Dr at McRae Dr,2,1,1,0.00011096707624974722,0.011075582240671572
7485,Chaplin Cres at Colin Ave,2,1,1,9.160800945002526e-05,0.009720966901782317
7486,Dundas St West at Dupont St,2,1,1,0.00010433115376562755,0.003807800152230854
7487,Queen St East at Logan Ave,2,1,1,0.000111561249515919,0.007919196653485831
7488,Tandridge Cres at Byng Ave,2,1,1,9.337327453890734e-05,0.0055891067009341145
7489,Sentinel Rd at Derrydown Rd,2,1,1,9.098787780010859e-05,0.0006938536792854105
7490,Bermondsey Rd at Eglinton Ave East South Side,2,1,1,9.194910459528981e-05,0.003605079398837374
7491,Wilmington Ave at Searle Ave,2,1,1,0.00011062853171393727,0.01008188005104211
7492,St Clair Ave West at Jane St,2,1,1,0.00010548384233742447,0.005549396828772626
7493,Richmond St West at Yonge St West Side,3,1,2,0.00010744791317073693,0.006053334186645091
7494,Birchmount Rd at Comstock Rd,2,1,1,0.00011062853171393727,0.004955550829434283
7495,Pape Ave at Wroxeter Ave,2,1,1,9.919013614125114e-05,0.01963086844626615
7496,Maybrook Dr at McNicoll Ave,0,0,0,1.6598932385570904e-05,0.0
7497,Grantbrook St at Blake Ave North Side,2,1,1,0.00010129211792176993,0.002907805189281157
7498,Yonge St at Manor Rd West,2,1,1,0.00014970398368093255,0.01022146604281866
7499,Gordon Baker Rd at Sparks Ave,2,1,1,6.402594123163365e-05,0.001926839642705232
7501,Dufferin St at Steeles Ave West South Side,3,2,1,0.00011568410606984086,0.003357850087433244
7502,Dawes Rd at Danforth Ave North Side,2,1,1,9.341965113987319e-05,0.0021971147029632783
7503,Queen's Park at Charles St West North Side - Museum Station,2,1,1,0.00015150030095337395,0.0013574011059123777
7504,West Mall Cres at The West Mall,3,1,2,8.18851492454438e-05,0.020901839090859037
7505,Dundas St West at Aukland Rd,4,1,3,0.00019190098414561196,0.0075960519701481
7506,Steinway Blvd at Steeles Ave West South Side,2,1,1,0.00011303512734554073,0.005736388770735857
7507,Sheppard Ave West at John Drury Dr,2,1,1,0.0001639919704526737,0.0
7509,Bayview Ave at Forest Heights Blvd,2,1,1,9.77900725908031e-05,0.0047612376192501665
7510,6900 Airport Rd - International Centre - South Entrance,2,1,1,9.477573055666181e-05,0.0027047001276052744
7511,Danforth Rd at Tyne Crt,3,1,2,0.00010231682238335971,0.00609904431076273
7512,Elmhurst Dr at Redwater Dr West Side,2,1,1,8.712781861846592e-05,0.0006029349213100808
7513,Islington Ave at Gosfield Gate,2,1,1,8.55502662888148e-05,0.003293918589607259
7514,Finch Ave East at McCowan Rd,2,1,1,0.00012932741509785734,0.0002004466184602297
7515,Royal York Rd at Anglesey Blvd,2,1,1,0.00013282166527606073,0.00365854955338154
7516,McCowan Rd at 16Th Ave,2,1,1,0.00010439094462351815,0.008324117396852404
7517,Kipling Ave at Birmingham St,5,2,3,0.00012951596496340272,0.0
7518,Main St at Danforth Ave,2,1,1,2.003469805837776e-05,0.0
7522,Wellesley St East at Ontario St,2,1,1,9.657834334879492e-05,0.004574722810154541
7523,1235 Pharmacy Ave,2,1,1,0.00010790973261104217,0.007334113143343258
7525,Willowdale Ave at Church Ave,2,1,1,0.00010398159657007983,0.0010516801361122926
7526,Dixon Rd at McManus Rd,3,1,2,0.0001033926490188751,0.00044342832837090604
7528,Church St at Pine St,2,1,1,7.216187744324193e-05,0.00417249308804764
7529,Yonge St at Yonge Blvd,2,1,1,9.464404111533096e-05,0.005928665107046647
7530,Pharmacy Ave at Brian Ave,2,1,1,0.00010742909076674265,0.0074346022968949385
7531,Scarborough Golf Club Rd at Lawrence Ave East North Side,2,1,1,4.255304005330906e-05,0.0010171203743088047
7532,Horner Ave at Delta St East Side,2,1,1,6.801500813982854e-05,0.00010045976372718548
7533,Broadview Ave at Mountstephen St,3,2,1,0.00016886387000620255,0.01752761489538393
7534,Lawrence Ave East at Homestead Rd,2,1,1,8.639748264828472e-05,0.009869257762654191
7536,Don Mills Rd at Pebble Byway,2,1,1,9.525218673776944e-05,0.0
7538,Royal York Rd at Van Dusen Blvd North Side,2,1,1,0.00014850992224173357,0.002320820927264994
7539,Ellesmere Rd at Muirbank Blvd,2,1,1,0.00013296763386709879,0.006813310564549086
7540,Christie St at St Clair Ave West South Side,2,1,1,6.715548531177536e-05,0.0019135474266269673
7541,192 Toryork Dr,2,1,1,7.012717220164117e-05,0.0015410995321139941
7542,Queen St West at Niagara St,2,1,1,9.442030820071691e-05,0.0025538335101425737
7543,McCowan Rd at Martindale Rd,2,1,1,6.815076099757008e-05,0.0008308521196653905
7544,St Clair Ave East at Cotton Ave,3,1,2,0.00017816876511757764,0.006702467035304128
7545,Littles Rd at Sewells Rd North Side,3,2,1,0.0001081842011550848,0.005800561297131906
7546,Mortimer Ave at Dewhurst Blvd,2,1,1,0.00011062853171393727,0.004230070147844499
7548,Gerrard St East at Broadview Ave,2,1,1,0.00012552551434593564,0.004943415669117499
7549,Opposite 366 The East Mall,2,1,1,9.036785723945824e-05,0.0035486399677169553
7550,Humberwood Blvd at Arborwood Dr East Side,2,1,1,6.06394371153838e-05,0.002932927477669077
7551,Maniza Rd at Home Rd,2,1,1,7.029394693824289e-05,0.001654969516517794
7552,Yonge St at Eglinton Ave East North Side - Eglinton Station,2,1,1,9.861483644164616e-05,0.007536491563873529
7553,1738 Islington Ave - Richview Collegiate,2,1,1,0.00012271946230054225,0.00040195661420672056
7554,The Queensway at Canmotor Ave,2,1,1,0.00010413689287098804,0.004528589118321601
7555,Mt Pleasant Rd at St Clair Ave East North Side,2,1,1,8.370650816001877e-05,0.0017315579996354136
7556,Wilson Ave at Dubray Ave,4,2,2,0.00017548001028609662,0.14869668765629881
7557,Senlac Rd at Hounslow Ave,2,1,1,0.00011062853171393727,0.005435984687367078
7559,85 Emmett Ave,2,1,1,7.906932036280922e-05,0.0010679608854388205
7560,North Queen St at Eastside Dr East Side,2,1,1,9.05467815132445e-05,3.7218205019140792e-06
7561,Gary Dr at Portage Ave,2,1,1,7.165653470288633e-05,0.0008657013563968052
7562,Wellesley St East at Yonge St,2,1,1,6.800032336527148e-05,0.003981889973063941
7563,Pharmacy Ave at Huntingwood Dr,2,1,1,5.579529676137443e-05,0.0034166312207571247
7564,Kingston Rd at Midland Ave,2,1,1,0.00014134236778903117,0.0064450717620911195
7568,Queens Quay West at Dan Leckie Way East Side,2,1,1,7.62481102388815e-05,0.003976043628850945
7569,Rathburn Rd at The West Mall,2,1,1,9.211748847587692e-05,0.009302254976297475
7570,Bloor St West at The West Mall,2,1,1,0.00010598499465773635,0.004830923011484474
7571,Royal York Rd at Albani St,2,1,1,9.739305768290002e-05,0.0004994525806780447
7572,Victoria Park Ave at Navaho Dr,3,2,1,0.00012491396357997377,0.005108517652062952
7573,Opposite 4125 Lawrence Ave East,2,1,1,0.00013412719037064763,0.0
7574,Chaplin Cres at Duplex Ave,2,1,1,9.446207994389899e-05,0.009620477748230636
7575,16 Park Lane Cir,2,1,1,5.504099875546662e-05,0.00589792084422029
7576,Queen's Plate Dr (West) at Rexdale Blvd,2,1,1,0.00011062853171393727,0.0013709647047355734
7577,Millwood Rd at Overlea Blvd South Side,4,2,2,0.0002824411922485849,0.027367220479541102
7578,Pharmacy Ave at Denton Ave North Side,2,1,1,0.00010948004491805247,0.005307847724372608
7580,Dupont St at Spadina Rd East Side - Dupont Station,2,1,1,0.00011062853171393727,0.008836071915127083
7581,Bathurst St at Joicey Blvd,2,1,1,0.00011232930845842703,0.0006061250531688644
7582,Dufferin St at Apex Rd South Side,2,1,1,0.00012113855859769622,0.0
7583,Sewells Rd at Alford Cres,4,2,2,0.0002216712137599797,0.009614773855097122
7584,Steeles Ave West at Hilda Ave,4,2,2,0.00013374528799005032,0.024689334910545428
7585,Neptune Dr at Bathurst St,2,1,1,0.00012062188310812396,0.0011053806890684815
7586,Milner Ave at Neilson Rd East Side,2,1,1,0.00010452413873964864,0.0013063589961718417
7587,Lawrence Ave West at Caledonia Rd East Side,4,2,2,0.00019941247961069528,0.025602559760612036
7588,Sherbourne St at Earl St North Side,2,1,1,0.00010894294817139055,0.0024117396852403232
7589,Islington Ave at Sandhill Dr North Side,2,1,1,9.518187680080756e-05,0.002992451128952219
7590,Bathurst St at Strathearn Rd,2,1,1,0.00011242345377517285,0.0018504045760532363
7591,Steeles Ave West at Scholes Rd/Barmac Dr,2,1,1,9.464609000695888e-05,0.008440854402328665
7592,Brimley Rd at Largo Lane,2,1,1,7.902358943367245e-05,0.0010048915355168014
7593,Victoria Park Ave at Steeles Ave East,2,1,1,0.0001026289336026642,0.0
7594,Wright Ave at Gibson Ave West Side,2,1,1,6.805540773291508e-05,0.008845267540933763
7595,Marlee Ave at Lawrence Ave West South Side,2,1,1,8.082015830003611e-05,0.0008743999513884669
7597,Danforth Ave at Victoria Park Ave,3,1,2,0.00017248153810947881,0.0053230935959278185
7598,Woodbine Ave at Lumsden Ave,2,1,1,0.00011222834814755543,0.003256270021981422
7599,Carlton St at Church St,2,1,1,0.00011062853171393727,0.003773252479966089
7600,Toba Dr at Fifeshire Rd,2,1,1,0.0001022186611876476,0.002009783071033603
7601,25 Mabelle Ave,2,1,1,9.221509522710098e-05,0.004708924635551602
7604,Sherbourne St at Richmond St East South Side,2,1,1,0.00011062853171393727,0.000703424074861761
7605,McNicoll Ave at Pharmacy Ave,2,1,1,0.00013588973627024327,0.0019514843464451136
7607,Victoria Park Ave at Jonesville Cres South Side,2,1,1,0.0001081378552700571,0.0048946193109315195
7609,Islington Ave at Muir Ave,2,1,1,0.00010223249485519223,0.004532592786484748
7610,Finch Ave East at Markham Rd,2,1,1,0.00010086297797632634,0.0016939362292952027
7611,Gary Dr at Dalbeattie Ave,2,1,1,7.048916941078314e-05,0.006495307847724373
7613,585 Dixon Rd,2,1,1,0.00010434193442288034,0.0
7615,Finch Ave East at Bayview Ave,4,2,2,0.00014782208706090328,0.015146253620546474
7616,Van Horne Ave at Lucifer Dr,2,1,1,8.12696165669504e-05,0.0014982631504324405
7617,Martin Grove Rd at Ronson Dr,2,1,1,9.603176155542579e-05,0.00782733526898822
7618,Millwood Rd at Redway Rd South Side,4,2,2,0.000192792070456635,0.015854258248001674
7619,Yorkland Blvd (South) at Consumers Rd,2,1,1,7.859702033275517e-05,0.0037570752815517246
7620,Danforth Ave at Gledhill Ave,2,1,1,6.762490969724647e-05,0.009521866365338088
7621,Midland Ave at St Clair Ave East North Side,2,1,1,0.00011062853171393727,0.0005698201520286495
7622,Dupont St at Bartlett Ave,2,1,1,0.00011062853171393727,0.0035607597421719074
7623,Lansdowne Ave at Wade Ave - Lansdowne Station,2,1,1,0.00011062853171393727,0.0018088047639302424
7624,Hinton Rd at Harefield Dr,2,1,1,9.547275619561487e-05,0.00020097830710336028
7625,Brenyon Way at Foregate Ave,2,1,1,0.00011062853171393727,0.00040195661420672056
7626,Barmac Dr at Garyray Dr,2,1,1,9.700424197874196e-05,0.0005387069332199064
7627,Culford Rd at Harrow Dr,2,1,1,9.516801883898885e-05,0.002998723947256487
7628,Birchmount Rd at McNicoll Ave,2,1,1,0.00014225281590187015,0.003614100382815823
7629,Eglinton Ave East at Warden Ave,2,1,1,0.00010585495186617505,0.005721434511283526
7630,Ellesmere Rd at Midland Ave,5,2,3,0.00012043431482917664,0.09703671788806004
7631,Kennedy Rd at Wickware Gate,2,1,1,0.00013458795640381972,0.015201134965364285
7632,Steeles Ave East at Walkway to Dairis Cres,2,1,1,0.00010632215868327003,0.0
7633,Scarlett Rd at Richview Rd,4,2,2,0.00016063987337951123,0.0027505339040124767
7634,Mt Pleasant Rd at Belsize Dr,2,1,1,0.00010198036067420935,0.0011286230783253328
7635,Attwell Dr at Carlingview Dr,2,1,1,7.459093657113028e-05,0.0038212313423022924
7636,Midland Ave at Sheppard Ave East,2,1,1,0.00011062853171393727,0.001703541099799294
7637,Pharmacy Ave at Walkway to Crayford Dr,2,1,1,0.00011062853171393727,0.002009783071033603
7638,75 Commissioners St,2,1,1,9.41289447617353e-05,0.007634987460434079
7639,Park Lawn Rd at Keywell Crt,2,1,1,6.023701488574998e-05,0.0036005068765064515
7641,Danforth Ave at Warden Ave,2,1,1,0.00010429348766798451,7.975329646958741e-06
7643,College St at Dovercourt Rd,2,1,1,0.00011062853171393727,0.0026909967676774626
7644,Bloor St West at Old Mill Trail,2,1,1,0.00012151110126576718,0.044778754540306255
7645,Parliament St at Carlton St,2,1,1,0.00010233698625239214,0.004940258752306817
7646,Kennedy Rd at Munham Gate,2,1,1,0.00010691811607594135,0.0035160569970225436
7647,Don Mills Rd at Parkway Forest Dr,4,2,2,0.00013018965546314048,0.025760620688825998
7649,Kingston Rd at Scarborough Rd,3,1,2,0.00010466942406606598,0.006575925138239048
7650,Shorncliffe Rd at North Queen St North Side,2,1,1,0.00013595015283968223,0.00503509145044662
7651,Horner Ave at Fima Cres,2,1,1,0.00012560316826425272,0.009192193661121777
7652,Silverdale Cres at York Mills Rd,2,1,1,7.518149804825101e-05,0.005065594987575277
7653,Yonge St at Belsize Dr,2,1,1,0.000135946765527781,0.01012097688926698
7654,Sheppard Ave East at Doris Ave,4,3,1,0.000151352745403101,0.0172413777825039
7655,Caledonia Rd at Rogers Rd,2,1,1,0.00011062853171393727,0.0005024457677584007
7658,Lawrence Ave West at Sage Ave,2,1,1,0.00015799541330897024,0.0
7659,Dufferin St at Queen St West,4,2,2,0.00012834834266247513,0.010771886778500987
7661,Coe Hill Dr at The Queensway,2,1,1,0.00011062853171393727,0.009462994470438111
7662,Queen St East at Coxwell Ave,3,2,1,0.00018134921709169987,0.0014615982698713453
7663,Yonge St at Eglinton Ave West (Eglinton Station),2,1,1,0.0001259353120739846,0.00951421380972636
7664,Yorkland Blvd (South) at Consumers Rd West Side,2,1,1,7.606104385538008e-05,0.007633405514094581
7665,Portland St at Milton St West Side,2,1,1,7.99445829752503e-05,0.00025786899191833265
7666,Warden Ave at 16Th Ave,2,1,1,0.00010218271688651695,0.007233623989791578
7668,Pharmacy Ave at Brian Ave,2,1,1,0.00011062853171393727,0.005525308379413016
7669,Belfield Rd at Attwell Dr East Side,4,2,2,0.00019617748625127646,0.006396687229295927
7670,Broadview Ave at Queen St East,2,1,1,5.648486104672847e-05,0.01263851929820336
7671,Lawrence Ave West at Scarlett Rd,5,2,3,0.00010146198255760815,0.01256601569796403
7672,Culford Rd at Gracefield Ave,2,1,1,0.0001407478146157696,0.005633241173968524
7673,Victoria Park Ave at Yardley Ave,2,1,1,0.00010834527590464218,0.009673543173117822
7674,Summerhill Ave at Jean St,2,1,1,0.00011062853171393727,1.169715014887282e-05
7675,340 Chaplin Cres,2,1,1,9.754712446673674e-05,0.0014259129853557758
7676,Ellesmere Rd at Military Trail (East) West Side,3,2,1,0.0002352127938091614,0.0024370126187437968
7677,Warden Ave at Roper Rd,2,1,1,0.00010506735607497954,0.0
7678,Ellesmere Rd at Watson St,2,1,1,8.092833457519795e-05,0.005788051183893379
7680,Birchmount Rd at Steeles Ave East,2,1,1,0.00011062853171393727,0.0
7681,Sheppard Ave West at Wilson Heights Blvd,3,1,2,0.00012877394513757283,0.013712527343987363
7682,Brimley Rd at Sheppard Ave East,2,1,1,8.071918652567225e-05,0.0016078264568268822
7683,Driftwood Ave at Yorkwoods Gate,2,1,1,9.435020119299511e-05,0.0008990854955338155
7686,Lawrence Ave East at Mossbank Dr,2,1,1,8.677129295131501e-05,0.00010048915355168014
7687,Westhumber Blvd at Moon Valley Dr,2,1,1,6.529785556291931e-05,0.0
7688,Alliance Ave at Rockcliffe Blvd,2,1,1,8.530606763825052e-05,0.005073612292641427
7689,Islington Ave at Bering Ave North Side,2,1,1,0.00013830552558607905,0.013706053011752713
7690,Islington Ave at St Andrews Blvd,2,1,1,0.00016465890444107507,0.00010048915355168014
7691,Sheppard Ave West at Beecroft Rd West Side,2,1,1,1.9842905586624604e-05,0.0
7692,Kennedy Rd at Foxridge Dr,2,1,1,7.911210673108038e-05,0.011263658542353751
7693,Albion Rd at Finch Ave West,2,1,1,0.00011062853171393727,0.010156316461080391
7694,Hullmar Dr at Hisey Cres (South),2,1,1,8.067153440911948e-05,0.0053376222883879205
7695,Bloor St West at Mill Rd East Side,2,1,1,0.00010138753437818703,0.005232879625691194
7696,Royal York Rd at La Rose Ave,2,1,1,0.00010001714464315061,0.00312998327787091
7697,Huntingwood Dr at Birchmount Rd,2,1,1,9.56723743500922e-05,0.0015350914504466185
7699,Brookmere Rd at Kipling Ave,5,2,3,0.00011138050763429252,0.06281545082899333
7700,205 Cummer Ave,2,1,1,7.238157719349918e-05,0.0027430348787749895
7701,Lawrence Ave West at Bathurst St,4,2,2,0.00012683786582038103,0.016044694536683245
7703,Symington Ave at Dupont St,2,1,1,9.094328683508543e-05,0.007681860302606793
7704,Danforth Rd at Magnolia Ave,2,1,1,9.968995376512539e-05,0.006501000924969451
7705,Dufferin St at Rogers Rd,4,2,2,0.00013473015485334722,0.0152862190446729
7706,Carlaw Ave at Gerrard St East,2,1,1,9.943785777339112e-05,0.019329400985611114
7709,Markham Rd at Turbina Ave,2,1,1,0.00010900769661354782,0.0
7710,O'Connor Dr at Binswood Ave East Side,2,1,1,0.00017180964949475454,0.01213418555427275
7712,135 Commander Blvd,2,1,1,0.00011062853171393727,0.0005301999149298171
7713,700-780 Gordon Baker Rd,2,1,1,3.53634452224858e-05,0.0022283071033602723
7714,Leslie St at Thorny Vineway (South),2,1,1,9.729691003302872e-05,0.0018860148163901886
7716,Yonge St at MacPherson Ave,2,1,1,0.00010203655683873488,0.005384783071033603
7717,Brian Ave at Van Horne Ave,2,1,1,8.027447269767053e-05,0.006539662706852202
7718,Don Mills Rd at Lawrence Ave East,5,2,3,0.00021614595414829458,0.07223762148117129
7719,Trethewey Dr at Jane St,2,1,1,9.917470564619631e-05,0.0
7720,The Westway at Wincott Dr East Side,2,1,1,0.00011333147032750821,0.0005024457677584007
7721,Yorkdale Rd at GO Terminal - Yorkdale Station,3,1,2,0.00011080506408841189,0.00011909825606125054
7722,Steeles Ave West at Turbine Dr,2,1,1,0.000129334877096983,0.004193431590179178
7723,Davean Dr at Bannatyne Dr,2,1,1,0.00010473916764265807,0.005031369629944705
7724,Jane St at Harding Ave,3,2,1,0.00017795395774482413,0.007265940511736673
7725,Martin Grove Rd at Caverley Dr,2,1,1,9.525014623253193e-05,0.002103360272224585
7726,Brown's Line at Horner Ave,3,1,2,0.00013023614250225657,0.0008200475619658947
7727,Donlands Ave at Sammon Ave,2,1,1,0.0001067317878756176,0.002257195519637034
7728,Caledonia Rd at Playfair Ave,2,1,1,0.00012069482515334454,0.0038422479795831564
7729,Royal York Rd at Cavell Ave,2,1,1,0.00011157742157274047,0.0020818510498433937
7730,Ancaster Rd at Home Rd South Side,2,1,1,8.572733037964458e-05,0.0013535020558627536
7731,Ceramic Rd at Ashwarren Rd,2,1,1,6.635167067466241e-05,0.000416099532113994
7733,Yonge St at Heath St West,2,1,1,0.00012624711686872798,0.00981950942861194
7734,Bloor St West at Aberfoyle Cres,2,1,1,0.00010133445907433035,0.03637605070244717
7735,452 Attwell Dr,2,1,1,6.832541432065983e-05,0.0039217204958539725
7736,Annette St at Willard Ave,2,1,1,6.534004293145686e-05,0.011649768214574124
7737,York Mills Rd at Sandfield Rd,2,1,1,0.00013428092919705745,0.0
7739,Dawes Rd at Goodwood Park Crt,2,1,1,0.00010074293453567402,0.0018956472423082378
7740,Davenport Rd at Greenlaw Ave,2,1,1,8.108050836631389e-05,0.007479753335234766
7741,Kingston Rd at Lee Ave,2,1,1,0.00011595078920828892,0.005671522756273926
7742,Sheppard Ave West at Harlock Blvd,2,1,1,0.00013765090180506385,0.00020097830710336028
7743,Sheppard Ave West at Senlac Rd West Side,2,1,1,0.00017799389538514284,0.008372180151303395
7745,North Queen St at Atomic Ave,2,1,1,0.00014028827130611586,0.005135580603998301
7746,1686 Albion Rd,2,1,1,0.00010243404197321246,0.007728626116546151
7747,Hullmar Dr at Ruthmar Cres (North),2,1,1,7.594296281786717e-05,0.0006585672763363107
7748,Mortimer Ave at Carlaw Ave,2,1,1,0.00011062853171393727,0.003928602687189459
7749,Weston Rd at Denison Rd East,2,1,1,9.582221895804052e-05,0.00020097830710336028
7751,Scarlett Rd at Lockheed Blvd North Side,2,1,1,6.185827468697597e-05,0.00020097830710336028
7752,Martin Grove Rd at Racine Rd,2,1,1,7.661378141663003e-05,0.0038850489153551683
7754,Sheppard Ave East at Pharmacy Ave,5,3,2,0.00018604827717652207,0.05776805179311995
7755,Finch Ave West at Pearldale Ave,2,1,1,0.00012244695292867633,0.006872123227311884
7757,Culford Rd at Woolton Cres (South),2,1,1,0.0001219504311664099,0.005030306252658444
7758,Bay St at Albert St,2,1,1,0.00010392781571145351,0.008311826913000326
7759,Eglinton Ave East at Victoria Park Ave,2,1,1,9.519056946593026e-05,0.019815304998418565
7761,Dufferin St at Bloor St West - Dufferin Station,3,2,1,0.00013038706504386985,0.014281327509156097
7762,Queen St East at Neville Park Blvd,1,0,1,1.6598932385570904e-05,0.0
7763,Finch Ave West at Albion Centre,2,1,1,6.370234201424728e-05,0.006071676059832696
7764,Lansdowne Ave at College St,2,1,1,0.00011062853171393727,0.002210761378136963
7766,Kipling Ave at The Westway,4,2,2,0.00014632381472751962,0.00840429083160274
7767,Eastern Ave at Leslie St East Side,2,1,1,9.055616868808709e-05,0.0005024457677584007
7768,Finch Ave East at Birchmount Rd,4,2,2,0.00014800222730481852,0.01566837719666472
7769,Eglinton Ave East at Don Mills Rd,2,1,1,0.00010716151813008434,0.019212370077108486
7770,Albion Rd at Shendale Dr,2,1,1,0.00012621673875950077,0.011805078627773758
7771,Upper Canada Dr at Lord Seaton Rd East Side,2,1,1,9.630558681651103e-05,0.002311250531688643
7772,Royal York Rd at Summitcrest Dr,2,1,1,9.859733832837177e-05,0.0032304724314225902
7773,Dundas St East at Parliament St,2,1,1,7.493369261822919e-05,0.005186815274479537
7774,The East Mall at Bloor St West,2,1,1,7.796033273633406e-05,0.004740890401247696
7775,Cosburn Ave at Broadview Ave East Side,2,1,1,5.6076109168047625e-05,0.006492563954548217
7777,Opposite 92 Oakdale Rd,2,1,1,4.078258646129346e-05,0.002205568552389054
7778,Martin Grove Rd at Enterprise Rd South Side,2,1,1,9.963443879322786e-05,0.003181624840493407
7780,Avenue Rd at Otter Cres,2,1,1,0.00011062853171393727,0.0006029349213100808
7781,Bloor St West at Royal York Rd,2,1,1,0.00011834387741487882,0.050461279063675105
7782,Dupont St at Bedford Rd,3,2,1,0.0002046581310423036,0.010449787846154796
7784,1120 Martin Grove Rd @ Highway 409,2,1,1,9.752588328046502e-05,0.0032821139940450873
7786,120 Emmett Ave at Roadway to West Park Healthcare Centre,2,1,1,7.435207714839146e-05,0.0011684500389905006
7787,Yonge St at Woodlawn Ave West,2,1,1,9.873698524489837e-05,0.005585761378136963
7790,Bellamy Rd North at Eastpark Blvd South Side,2,1,1,0.00010681454204347784,0.005441833262441515
7791,Opposite 225 Rexdale Blvd,2,1,1,9.065717561061853e-05,0.002375856240252375
7792,56 Thorncliffe Park Dr,2,1,1,8.891260840715475e-05,0.00040195661420672056
7793,Opposite 88 Corporate Dr,2,1,1,6.29254735981638e-05,0.018581233895669486
7794,Antibes Dr (South) at Candle Liteway (East),2,1,1,0.00010655525359446282,0.0011053806890684815
7795,Yonge Blvd at Brooke Ave,2,1,1,4.14209164887227e-05,0.00040195661420672056
7796,Tapscott Rd at McLevin Ave,2,1,1,8.979380750742143e-05,0.005635720699736012
7797,Don Mills Rd at McNicoll Ave,4,2,2,0.00014588913467715025,0.02994158610305995
7798,Woodbine Ave at Mortimer Ave,2,1,1,0.0001152159447966372,0.003859204943291503
7799,Sheppard Ave East at Buchan Crt,2,1,1,9.93602383907911e-05,0.010622286489032023
7800,Parkview Hill Cres at Hackberry St,2,1,1,9.348568988460688e-05,0.0009538494257762655
7801,Markham Rd at McLevin Ave,4,2,2,0.0001182209380371866,0.02251765542184594
7802,Wellesworth Dr at Eringate Dr,2,1,1,0.0001022607630828128,0.0007783921735431731
7804,Underpass Gate at Fenelon Dr,2,1,1,9.868642674260109e-05,0.006035197788175245
7806,Eglinton Ave East at Gilder Dr,4,3,1,0.00034981308181401415,0.027594889394361135
7807,Oakwood Ave at Jesmond Ave,2,1,1,0.00010812807298354489,0.004015138234803999
7808,Broadview Ave at Langley Ave-Bridgepoint Health Ctr,2,1,1,0.00016056606307090674,0.02135555221056748
7809,York Mills Rd at Scarsdale Rd,3,1,2,0.00011116696567434217,0.002732879625691195
7810,O'Connor Dr at St Hubert Ave,2,1,1,7.14779261512545e-05,0.006824312349354885
7811,Dixon Rd at Martin Grove Rd,4,2,2,0.00011223245359064386,0.007701596301962327
7813,York Mills Rd at Upjohn Rd,2,1,1,9.284468793790374e-05,0.0
7814,Jane St at Spenvalley Dr,2,1,1,0.00010683393232687193,0.00020097830710336028
7815,Parliament St at Oak St,2,1,1,9.607818650505043e-05,0.0010721881266330436
7816,St Clair Ave West at Florence Cres,2,1,1,0.00010423701863364568,0.005448907675220946
7817,Van Horne Ave at Edmonton Rd East Side,2,1,1,7.615020973211317e-05,0.0015987523039841206
7818,Burnhamthorpe Rd at The East Mall East Side,2,1,1,0.00011062853171393727,0.005526371756699277
7819,Warden Ave at Glenbourne Park Dr,2,1,1,0.00011062853171393727,0.006128243300723097
7820,McCowan Rd at Bur Oak Ave,2,1,1,0.00011062853171393727,0.008022649936197362
7821,Marlee Ave at Viewmount Ave,2,1,1,9.820669469728658e-05,0.0010248298596341983
7822,Lawrence Ave East at Beechgrove Dr West Side,2,1,1,0.00010630425118040996,0.0035391677300439534
7824,Islington Ave at Poplar Heights Dr,2,1,1,0.00012658754087197018,0.0030673361512831418
7825,Airport Rd at Morning Star Dr South Side,2,1,1,0.00011062853171393727,0.004834113143343258
7826,Bathurst St at Yorkview Dr,2,1,1,0.00011152450936844949,0.00870533815397703
7827,Ellesmere Rd at Scarborough Golf Club Rd,2,1,1,0.00015552908357402884,0.015178509897342296
7828,Victoria Park Ave at Paget Rd South Side,2,1,1,0.00015599763913609334,0.0
7829,3241 Kennedy Rd,2,1,1,0.00011062853171393727,0.0003014674606550404
7830,Chesham Dr at Heathrow Dr,2,1,1,8.830132130758792e-05,0.0023527931376719127
7831,Martin Grove Rd at Silverstone Dr,3,2,1,0.00017637867131303268,0.005081370516092444
7832,Sheppard Ave West at Keele St,4,2,2,0.00022590949541548652,0.020704733919809228
7833,Lake Shore Blvd West at Fifth St,2,1,1,0.00012019332465906758,0.005529561888558061
7834,McCowan Rd at Wilfred Murison Ave,2,1,1,0.00011062853171393727,0.006213845172267121
7835,Victoria Park Ave at Patrick Blvd,4,2,2,0.0001299662242468024,0.006217139110003849
7836,Weston Rd at Reuben Ave,2,1,1,0.0001131431207629271,0.0029614806682842893
7837,Underhill Dr at Beveridge Dr North Side,2,1,1,6.897926992403776e-05,0.031731111012906
7838,Bloor St West at Old Mill Trail,2,1,1,0.00012179914305115918,0.016561071631640785
7839,Neilson Rd at Berner Trail,2,1,1,9.976399470295951e-05,0.003695325129831776
7840,Leslie St at Oriole GO Station South Side,2,1,1,8.598565672873296e-05,0.004546789174281163
7842,Dufferin St at College St North Side,2,1,1,0.00012933820317866386,0.010369930164294267
7843,Lawrence Ave East at Morningside Ave,3,1,2,0.0001598272901613994,0.017968665815964843
7844,Leslie St at Farmstead Rd,3,1,2,0.00017744255648048519,0.013590409971072456
7845,Fenelon Dr at Graydon Hall Dr,2,1,1,0.00010045621379598785,0.005934708634623565
7846,Littles Rd at Grayson Cres (North) South Side,2,1,1,9.372515533962505e-05,0.0012613515525308379
7847,Kipling Ave at Lake Shore Blvd West,2,1,1,0.00012098787924299062,0.0
7849,York Mills Rd at Glenridge Ave,2,1,1,0.00012727855382569636,0.0
7850,Albion Rd at Steinway Blvd,2,1,1,0.00011062853171393727,0.006924712888132709
7851,Oakdale Rd at Humber Reactivation Care Centre,2,1,1,9.518661230745713e-05,0.0004119648710185904
7852,Coxwell Ave at Hanson St South Side,2,1,1,0.00010880751014765916,0.0044845278604849
7853,Warden Ave at Upton Rd,2,1,1,0.0001066619155450086,0.0
7854,Leslie St at Coldwater Rd,4,2,2,0.00010753338290299606,0.008158031905001278
7855,Glenorchy Rd at Suncrest Dr North Side,2,1,1,9.2743491107232e-05,0.007353734986125458
7858,Kipling Ave at Norseman St,2,1,1,0.00010537534900383153,0.0
7859,Westhumber Blvd at Ixworth Rd,2,1,1,8.889721022208242e-05,0.0
7860,Mt Pleasant Rd at Lawrence Ave East,2,1,1,9.333808010893524e-05,0.0019092939174819227
7863,The Queensway at Burma Dr,2,1,1,0.00010222435444029939,0.0011632529529169257
7864,Lake Shore Blvd West at Colborne Lodge Dr West Side,2,1,1,0.00011062853171393727,0.0026856955983661393
7865,McNicoll Ave at Shady Hollow Dr,2,1,1,0.00011062853171393727,0.004871331348362399
7867,Islington Ave at Finchley Rd,2,1,1,0.00011323097278387605,0.00010048915355168014
7868,Finch Ave West at Rumike Rd,2,1,1,8.912834407919914e-05,0.005569230292074295
7869,Main St Markham North at Station St - Markham GO Station,2,1,1,0.00011062853171393727,0.005836346235644407
7870,Evans Ave at Ourland Ave,2,1,1,0.00010075267893490554,0.002761140922029905
7871,Albion Rd at Weston Rd West Side,4,2,2,0.0002112824215158961,0.1240620949723918
7872,Arrow Rd at Sheppard Ave West,3,1,2,0.00011433350855143679,0.005208997944137246
7873,Kennard Ave at William R Allen Rd,2,1,1,7.987948630074228e-05,0.0070393760222094755
7874,Yonge St at Drewry Ave,2,1,1,0.00017150362237521494,0.012664354186630379
7875,Huntingwood Dr at Brimley Rd,2,1,1,0.00011062853171393727,0.0007311782220331773
7876,The West Mall at Bloor St West North Side,3,2,1,0.00014176776379308572,0.004455459927827555
7877,Brimley Rd at Chartland Blvd South,2,1,1,9.639744781950963e-05,0.0011053806890684815
7878,Albion Rd at Shendale Dr East Side,2,1,1,0.00023992049277956647,0.023982875310036626
7879,Elmhurst Dr at Islington Ave,4,2,2,9.528182503488957e-05,0.06361936405740676
7880,Senlac Rd at Burnett Ave,2,1,1,7.243691170903345e-05,0.003912696724797959
7881,Ellesmere Rd at Borough Approach West,2,1,1,8.57661077073614e-05,0.0
7882,St Clair Ave East at O'Connor Dr,2,1,1,0.00010468794751273083,0.009778506646398576
7883,Don Mills Rd at York Mills Rd,4,2,2,0.00013011065347987773,0.026162577303032716
7885,Crescent Rd at Cluny Dr,2,1,1,0.00011062853171393727,1.1165461505742238e-05
7886,Lawrence Ave East at Scarborough Golf Club Rd,3,1,2,8.64753761064044e-05,0.013140709950524923
7887,Southwood Dr at Glen Stewart Cres South Side,2,1,1,0.00011646159481706422,0.0012154402381965121
7888,951 Martin Grove Rd,2,1,1,9.822263108665607e-05,0.00772684611543654
7889,Victoria Park Ave at Victoria Park Station,2,1,1,2.4152227149646828e-05,0.01353590392066825
7890,Bathurst St at Briar Hill Ave,3,1,2,0.0001912126534066381,0.01106584481424975
7891,Opposite 230 Rexdale Blvd,2,1,1,9.92521185912333e-05,0.0011347564866014462
7893,St Phillips Rd at Weston Rd,2,1,1,9.695504130345222e-05,0.0005779455550829434
7895,Sheppard Ave West at Buckland Rd,3,1,2,0.00016786948132456743,0.006761708591863807
7897,Gerrard St East at Osborne Ave,2,1,1,5.6920606191239265e-05,0.012294777434744471
7898,Bathurst St at Eglinton Ave West,2,1,1,0.00011355810238810408,0.0021518720367082766
7899,Lawrence Ave East at Railside Rd (West) East Side,5,3,2,0.0001709025884182444,0.017903588630991864
7900,Ellesmere Rd at Birkdale Rd,2,1,1,0.00010585166200312068,0.00010048915355168014
7901,The East Mall at Gordon Park Dr South Side,2,1,1,8.479076462053161e-05,0.004640401247696015
7902,Finch Ave East at Don Mills Rd  West Side,4,2,2,0.0001430395245258588,0.016151145156063276
7903,Heathrow Dr at Jane St East Side,2,1,1,4.6766586160424715e-05,0.0008134836239897916
7904,The West Mall at Sherway Dr North Side,3,2,1,0.00013759290136006205,0.02316447329938388
7905,Meadowvale Rd at Dean Park Rd,2,1,1,0.0001308604151495979,0.0016342336594357008
7907,Moore Ave at Orchard Green,2,1,1,9.932809596133334e-05,0.00013005104210974053
7908,Warden Ave at Lawrence Ave East,4,2,2,0.00011497187139619975,0.00922758046221466
7909,Barkdene Hills at Gradwell Dr,2,1,1,7.390235202039466e-05,0.0004655997447894514
7910,East Ave at Fanfare Ave,2,1,1,9.618144156890875e-05,0.0005024457677584007
7913,McNicoll Ave at Brimley Rd,2,1,1,0.00011062853171393727,0.003870781936764498
7914,Eglinton Ave West at Ennerdale Rd,2,1,1,7.969243475856942e-05,0.01724202187583566
7915,Birchmount Rd at Lawrence Ave East,2,1,1,0.00010260151288311758,0.015316886431305828
7916,Victoria Park Ave at Tempo Ave,2,1,1,0.00012807219909130842,0.0025297745640153126
7917,Spadina Rd at Kendal Ave,2,1,1,0.00011062853171393727,0.00645081917232066
7919,Bathurst St at Dundas St West  - Toronto Western Hospital,2,1,1,0.0001624302463429632,0.003986184717256602
7920,Bathurst St at Lytton Blvd,3,1,2,0.00018267865883687834,0.006150383308507511
7921,Gerrard St East at Greenwood Ave,2,1,1,0.00011122254913433987,0.003931128597759819
7922,Lake Shore Garage Loop,4,3,1,0.0001805119811073543,0.015222169897308138
7923,Pape Ave at Selkirk St,2,1,1,0.00010621992744110827,0.013548086749490408
7924,Hackberry St at Woodbine Heights Blvd,2,1,1,9.724901462349224e-05,0.0007528711186729052
7925,Finch Ave East at Pharmacy Ave,3,1,2,0.00014724826081922104,0.011590857216477431
7926,Danforth Ave at Woodbine Ave,2,1,1,0.00010754494231944792,0.011385873712408661
7927,Mt Pleasant Rd at Stibbard Ave,2,1,1,0.00011062853171393727,0.00040195661420672056
7929,Ranee Ave at Flemington Rd - Yorkdale Station,3,2,1,7.299774303021962e-05,0.0008039132284134411
7930,Varna Dr at Flemington Rd,3,1,2,0.00010456106950699451,0.0038185878349638455
7931,Nugget Ave at Dovedale Crt West Side,2,1,1,0.00011285628135508533,0.006929750297200319
7933,Lawrence Ave East at Brockley Dr East Side,2,1,1,0.00012202830747756109,0.0003014674606550404
7934,Birchmount Rd at Bertrand Ave,2,1,1,0.00011062853171393727,0.0007190557209698002
7935,King St West at Dufferin St,3,1,2,0.00010741137995695052,0.005359797080607374
7936,Queen St East at Woodbine Ave,2,1,1,8.193913883815688e-05,0.000703424074861761
7937,Meadowvale Loop at Sheppard Ave East,5,3,2,9.848467733719995e-05,0.003723681412165036
7938,418 Sherbourne St,2,1,1,0.00011062853171393727,0.0013063589961718417
7939,Avenue Rd at Fairlawn Ave,2,1,1,9.995016408757189e-05,0.0025122288387920033
7940,Opposite 455 Gordon Baker Rd,2,1,1,5.6055759657956587e-05,0.002027328796256912
7941,Mt Pleasant Rd at Blythwood Rd,2,1,1,8.297816522507499e-05,0.002311250531688643
7942,Steeles Ave West at Alness St,4,2,2,0.0001252309498854331,0.023483465067925268
7943,Lawrence Ave West at Ralph St - Weston GO Station,3,2,1,0.000283616298715561,0.017755206497741587
7944,Jane St at Bexley Cres South Side,2,1,1,7.398820913975233e-05,0.00010048915355168014
7945,3501 Finch Ave East,2,1,1,9.377113391038976e-05,0.0
7946,Ellesmere Rd at Conlins Rd,2,1,1,6.155685294908386e-05,0.00608951864454842
7947,Sentinel Rd at Sheppard Ave West North Side,3,2,1,8.25912342136749e-05,0.003968374263620967
7948,Leslie St at Ravel Rd North Side - Old Cummer GO Station,2,1,1,0.00011241029006689917,0.0011080391322841345
7949,Albion Rd at Silverstone Dr,2,1,1,0.00010567643936476492,0.00762813696299447
7950,Parliament St at Front St East,2,1,1,0.00010332681470577555,0.00036876405177128273
7951,3450 McNicoll Ave,2,1,1,0.00011021312757351434,0.004574206011626259
7952,Queen St East at Neville Park Blvd,1,1,0,0.00010227627827093759,0.0
7953,Sheppard Ave West at Walkway to Norman Wesley Way,2,1,1,0.0002289900194953825,0.0
7954,Jones Ave at Danforth Ave,2,1,1,9.582874452380936e-05,0.0004960655040408337
7955,Leslie St at Corning Rd,2,1,1,0.00011223383064299324,0.0016104849000425352
7956,Jane St at Bradley Ave,3,2,1,0.00014838448620107866,0.014604492552309244
7957,Eglinton Ave West at The East Mall,2,1,1,0.0001390973487734663,0.0022951375787242214
7958,Queen St East at Lockwood Rd,2,1,1,8.503300413638005e-05,0.0
7960,Ossington Ave at Hepbourne St North Side,5,2,3,0.00019856700379967897,0.008616366513112579
7961,Evans Ave at Kipling Ave,2,1,1,8.702225925611147e-05,0.003364075843339986
7962,High Park Ave at Annette St,2,1,1,7.340697192578484e-05,0.006065504040833688
7963,Benton Rd at Lawrence Ave West,2,1,1,9.346215206179986e-05,0.005969334224544773
7965,Kennedy Rd at Sheppard Ave East,2,1,1,0.00011062853171393727,0.005136112292641429
7966,Dufferin St at Davenport Rd,4,2,2,0.00013123241565841684,0.014783773276914498
7967,Warden Ave at Calvert Rd,2,1,1,0.00011062853171393727,0.006027754147171416
7968,4725-4727 Sheppard Ave East,2,1,1,9.913787675759701e-05,0.0
7969,The East Mall at Evans Ave,2,1,1,7.245107218753555e-05,0.0003799737055798307
7970,Leslie St at Opposite Oriole GO Station North Side,2,1,1,8.837217382683368e-05,0.005956309233797536
7971,Victoria Park Ave at Crescent Town Rd,4,3,1,0.0001329861672718729,0.013836839692680162
7972,Manse Rd at Deanscroft Sq North Side,2,1,1,9.451712962270714e-05,0.01523341131433433
7973,Ellesmere Rd at Meadowvale Rd,2,1,1,0.00013242009058171664,0.006712821410997405
7974,Bathurst St at Nassau St - Toronto Western Hospital,2,1,1,0.00013670590105834031,0.0018388223856109864
7976,Wynford Dr at Gervais Dr,3,1,2,0.0001830676354276502,0.00878782584918272
7977,Wilson Heights Blvd at Sheppard Ave West,2,1,1,9.95156759297678e-05,0.0009153906139231532
7978,Donlands Ave at Mortimer Ave,2,1,1,9.096740592356509e-05,0.003882339835125884
7979,Spadina Rd at Eglinton Ave West,2,1,1,9.03091231332838e-05,0.005628326897469087
7980,Keele St at Maple Leaf Dr,2,1,1,0.00010669692016356775,0.00010048915355168014
7981,Dufferin St at Springhurst Ave,3,2,1,0.00015472896011702286,0.004600170140365802
7983,Heathrow Dr at Datchet Rd,2,1,1,9.17141980482344e-05,0.0022523039841202326
7985,Bay St at Queen St West,2,1,1,0.00010513210009639333,0.008211337759448647
7986,125 Norfinch Dr,2,1,1,9.680135977617951e-05,0.0012006770168722532
7988,Islington Ave at Beaumonde Heights Dr South Side,2,1,1,0.0001125715232347775,0.004664097110885711
7989,Brimley Rd at St Clair Ave East South Side,3,1,2,9.860632387847463e-05,0.010504636865887387
7990,McLevin Ave at Hupfield Trail,2,1,1,0.00010025798709088144,0.006389391039274068
7991,261 Maple Leaf Dr,2,1,1,0.00014166765714112374,0.0058342194810718844
7992,Bathurst St at Steeles Ave West North Side,2,1,1,4.932601216118203e-05,0.002914185452998724
7993,McNicoll Ave at Hutchcroft Ave,2,1,1,0.00011031896257685723,0.0039712710903161775
7994,Ellesmere Rd at Orton Park Rd,3,1,2,0.000147443706777551,0.015078020743790615
7995,Queens Quay West at Bay St East Side,3,1,2,0.0001583095126356206,0.011262764320977295
7996,Willowdale Ave at Newton Dr,2,1,1,7.810936250663905e-05,0.002056571671629094
7998,Gerrard St East  at Golfview Ave,2,1,1,0.00011821405382801152,0.00483553097972494
7999,Old Weston Rd at Turnberry Ave,2,1,1,8.363929809360391e-05,0.00475659331098506
8001,Lumsden Ave at Barrington Ave,2,1,1,0.00011105152598019042,0.00040195661420672056
8003,Ellesmere Rd at Birkdale Rd,2,1,1,9.040132590866002e-05,0.00010048915355168014
8004,Jane St at Cornell Ave,3,1,2,0.00011665734850019107,0.0012430071384979566
8005,Huntingwood Dr at Belgreen Ave West Side,2,1,1,9.641150839047677e-05,0.0012313022827165746
8007,Steeles Ave West at Conley St,3,2,1,0.0001249594242721267,0.023885421682131987
8010,Annette St at High Park Ave,2,1,1,0.00011062853171393727,0.0022544007460000653
8011,Dundas St West at Scarlett Rd,3,2,1,0.00019206531413126044,0.007044377906936393
8012,Brimley Rd at Deerfield Rd,2,1,1,9.957167512014182e-05,0.0004999167302442505
8013,Dundas St West at Old Dundas St,2,1,1,9.822966054954751e-05,0.002312597104441001
8014,Van Horne Ave at Edmonton Dr,2,1,1,8.929344183757534e-05,0.0063386843997488415
8015,Warden Ave at Apartments (South of Finch),2,1,1,0.00011991664283695367,0.010862543985151386
8016,Bay St at Elm St,2,1,1,0.00010214020186446007,0.003121053234302915
8017,Fleet St at Bathurst St West Side,3,2,1,0.00019630711969198584,0.010004678860059549
8018,830 Progress Ave,2,1,1,9.900765453576491e-05,0.00010048915355168014
8019,Westhumber Blvd at Delsing Dr East Side,2,1,1,8.307530297905517e-05,0.00010048915355168014
8020,Gerrard St East at Beaton Ave,2,1,1,0.00011499192899178606,0.00443357436551822
8022,Midland Ave at St Clair Ave East,2,1,1,0.00011062853171393727,0.0006703093055803296
8023,Bathurst St at Clark Ave West,2,1,1,7.864201633894278e-05,0.0025122288387920033
8025,Rogers Rd at Glenholme Ave,2,1,1,0.00010328194135416293,0.008068454372408055
8026,Steeles Ave West at Cactus Ave,2,1,1,9.800912447731523e-05,0.00010048915355168014
8027,Martin Grove Rd at Lexington Ave,2,1,1,0.00014922119524808666,0.004779903055437403
8028,St Clair Ave East at Glenburn Ave,2,1,1,9.472741536173995e-05,0.010280952414156979
8029,Evans Ave at Garroch Pl,2,1,1,0.00010232620086306519,0.002660651768478225
8030,Trethewey Dr at Jane St East Side,2,1,1,4.667563184511948e-05,0.0015668996682363958
8031,Clonmore Dr at Queensbury Ave West Side,2,1,1,7.346974155442533e-05,0.0071281365734789815
8033,Queen St East at Leslie St,2,1,1,0.00011273117600329451,0.011905470822952745
8034,1325 Lansdowne Ave,2,1,1,0.00011062853171393727,0.0011053806890684815
8035,Morningside Ave at Kingston Rd,4,2,2,0.00014885321991924292,0.009037380935934742
8036,Ellesmere Rd at Kennedy Rd,4,2,2,0.00012273728589753255,0.09733818534871508
8039,Birchmount Rd at Ivy Bush Ave North Side,2,1,1,0.00011062853171393727,0.012905146746065504
8040,Ellesmere Rd at Warden Ave,4,2,2,0.0001308779754618386,0.09794112027002515
8041,Kingston Rd at Military Trail,2,1,1,9.18962934197557e-05,0.002079079824188289
8042,Marlee Ave at Roselawn Ave,2,1,1,8.526800851500426e-05,0.0013262973202892386
8043,Martin Grove Rd at Dewitt Rd,2,1,1,8.578624687769973e-05,0.0011590812420246704
8044,1451 Avenue Rd - Havergal College,2,1,1,9.494854278940213e-05,0.002914185452998724
8045,Leslie St at Old Cummer Ave - Old Cummer GO Station,2,1,1,8.482286216530385e-05,0.0022879714305969094
8047,Danforth Ave at Eastwood Ave East Side,2,1,1,7.881928445761856e-05,0.002243897587540468
8048,Dufferin St at Ranee Ave North Side,3,2,1,0.00013277799805421948,0.0011524351339855382
8049,Kipling Ave at Beaconhill Rd,2,1,1,0.00010531910519556294,0.00020097830710336028
8051,Kipling Ave at St Andrews Blvd,2,1,1,0.00010700844835891029,0.00202945868812267
8052,Kennedy Rd at Shropshire Dr South Side,2,1,1,0.0001456243718055532,0.015402113272467644
8053,Parkview Hill Cres at Aspen Ave (South),2,1,1,8.696370487176869e-05,0.0011548277328796257
8054,23 Lesmill Rd,2,1,1,4.683342955726867e-05,0.002431412165036155
8055,International Blvd at Voyager Crt South,2,1,1,8.782518957502664e-05,0.000703424074861761
8056,Rogers Rd at Nairn Ave West Side,2,1,1,9.396444903376412e-05,0.0005024457677584007
8057,Bayview Ave at The Bridle Path,2,1,1,0.00011062853171393727,0.005617290514674606
8058,Sheppard Ave East at Rean Dr,2,1,1,0.00010656853205991102,0.014403223805472848
8059,McCowan Rd at Huronia Gate,2,1,1,0.00011031626902891913,0.005032433007230966
8060,Maple Leaf Dr at Bourdon Ave,2,1,1,0.00014761428356433332,0.005934708634623565
8062,La Rose Ave at Arcade Dr,2,1,1,7.5222976423327e-05,0.0012513934673188715
8063,Crow Trail at Horseley Hill Dr,2,1,1,7.327409002939582e-05,0.0037603130717762784
8064,Eglinton Ave East at Rosemount Dr,2,1,1,0.00010397550358401319,0.005419967050628486
8065,Dundas St West at Bathurst St - Toronto Western Hospital,2,1,1,0.00011062853171393727,0.0038804562783076963
8066,Kipling Ave at Clement Rd,2,1,1,0.00012884337079965808,0.00010048915355168014
8067,La Rose Ave at Timothy Crt,2,1,1,6.897109915577918e-05,0.0013518826208705516
8069,Pritchard Ave at Mould Ave,2,1,1,8.01168848896999e-05,7.561794035634954e-06
8070,Bathurst St at Bannockburn Ave,2,1,1,0.00011398418839189158,0.0007066142067205445
8071,Gateway Blvd South Side at Don Mills Rd East Side,2,1,1,9.89071788347196e-05,0.004002552105487027
8072,Danforth Ave at Chester Ave,2,1,1,0.00010685395611038714,0.006381008042442403
8073,201 Garyray Dr,2,1,1,8.944786578254113e-05,0.005533815397703106
8075,Signet Dr at Ormont Dr,2,1,1,6.296124615004194e-05,0.006036261165461507
8076,O'Connor Dr at Sunrise Ave,2,1,1,0.00012422828243756532,0.006386595088238006
8077,Lawson Rd at Wichey Rd,2,1,1,0.00010274584441853282,0.00010048915355168014
8079,Warden Ave at Clonmore Dr,2,1,1,6.092442460463981e-05,0.0033980188673576853
8080,Keele St at Maple Leaf Dr,2,1,1,0.00010403311530524675,0.00010048915355168014
8082,Church St at George St,2,1,1,9.356813027582112e-05,0.0036700473202892388
8083,Wellesworth Dr at Clumber Rd South Side,2,1,1,0.00011128977824537186,0.0015073373032752021
8084,Humberline Loop at Albion Rd,2,1,1,9.4692768588556e-05,0.005733730327520206
8085,Queen St West at Bathurst St,2,1,1,9.889968884856218e-05,0.0023528552030392135
8086,Glen Rd at Highland Ave,2,1,1,0.00011062853171393727,1.5950659293917482e-05
8087,The Pond Rd at Sentinel Rd West Side,3,2,1,9.830411115273639e-05,0.005487387330358617
8088,8150 Sheppard Ave East,2,1,1,0.00012162072666017983,0.0012832263700886565
8089,Christie St at Benson Ave,2,1,1,7.449076682578759e-05,0.0018130582730752872
8090,433 Sherbourne St,2,1,1,0.000108848471102084,0.0026127179923436834
8091,Finch Ave West at Alness St,2,1,1,0.00010938997524717836,0.006349101699378176
8092,Jane St at Firgrove Cres (South) South Side,2,1,1,0.00019792419347284193,0.00010048915355168014
8093,Lawrence Ave West at Jane St,3,2,1,0.00011022233000950119,0.010772284716736547
8094,Wellesworth Dr at Rangoon Rd,2,1,1,0.00011917870273256032,0.002110272224585283
8097,545 Commissioners St East Side,2,1,1,7.566571057456056e-05,0.005765897490429605
8098,879 Kennedy Rd,2,1,1,0.00010656575611738952,0.004319970225435985
8099,Bathurst St at Warwick Ave,2,1,1,0.00011274178125398874,0.0019508937296049164
8100,Fifeshire Rd at Caldy Crt North Side,2,1,1,0.00011062853171393727,0.0018088047639302424
8102,Warden Ave at Ellesmere Rd,4,2,2,0.00011200548189234586,0.003079186161916915
8103,Humberwood Blvd Loop at View Green Cres,3,1,2,0.00011250076012272542,0.0039032592513823907
8104,Burnhamthorpe Rd at Silver Shadow Path,2,1,1,0.00010721416623143658,0.006430774138664399
8105,Lawrence Ave East at Victoria Park Ave,4,2,2,0.00011670060577003674,0.009246208792625213
8106,Finch Ave West at Carney Rd,2,1,1,0.0001093589800782948,0.0015486317878916772
8107,Howard Park Ave at Parkside Dr,2,1,1,8.747938432194323e-05,0.005237664823479371
8108,Leslie St at Lesmill Rd South Side,2,1,1,8.930220630422531e-05,0.009161975262437833
8109,McNicoll Ave at Clansman Blvd,2,1,1,0.00011062853171393727,0.006175616758826032
8110,Dovercourt Rd at Dupont St,2,1,1,7.484659706647616e-05,0.0040713740563668695
8111,Dundas St West at Keele St,2,1,1,0.00012353211912728931,0.013016935044801878
8112,Kennedy Rd at Ranstone Gardens,2,1,1,0.00010768319040551714,0.004219481071884305
8113,The Esplanade at Lower Jarvis St,2,1,1,9.577104315883838e-05,0.002622997306110875
8114,Mimico Ave at Lake Shore Blvd West West Side,3,2,1,0.0001112667058430919,0.0023833185104984336
8115,Pharmacy Ave at Steeles Ave East,2,1,1,0.00011062853171393727,0.0019092939174819227
8116,Highview Ave at Birchmount Rd,2,1,1,0.00011062853171393727,0.0002708067489011768
8118,Yonge St at Merton St,2,1,1,0.00012892156733210086,0.00991999858216362
8119,Dundas St West at Grace St,2,1,1,0.00011062853171393727,0.003679477971204336
8120,Pharmacy Ave at Albion Ave,2,1,1,0.00010696894294584105,0.0016690727126977662
8122,1800 The Queensway,3,2,1,0.00018710107392229242,0.0054543521132206785
8123,Thistle Down Blvd at Albion Rd East Side,2,1,1,5.222822593112404e-05,0.0011952360697575501
8124,Kennedy Rd at Havendale Rd,2,1,1,0.00011062853171393727,0.00543757975329647
8125,Dundas St West at Denison Ave,2,1,1,0.00010637445260438548,0.003980945431859376
8126,St Clair Ave East at Birchmount Rd West Side,6,4,2,0.00034143548389255684,0.034379350259045684
8127,Flemington Rd at Varna Dr,2,1,1,9.644540738133861e-05,0.00020097830710336028
8128,Sloane Ave at Eglinton Ave East,2,1,1,8.849760384043649e-05,0.003705568552389054
8129,Warden Ave at Canadian Rd North Side,2,1,1,0.00010935577067668444,0.0
8130,80 Dynamic Dr,2,1,1,0.0001099530620573888,0.0048756734722813
8131,McCowan Rd at Kingston Rd,2,1,1,8.744074604590652e-05,0.0004288955054586701
8132,Finch Ave West at Clarkhill St,2,1,1,0.00012900234794634716,0.0
8133,Birchmount Rd at Staley Ter,3,2,1,0.00014099164455055465,0.0035327520204168437
8134,Main St Markham North at Robinson St South Side,2,1,1,0.00011062853171393727,0.005635367928541047
8135,King St West at Dufferin St,2,1,1,0.00011793508209923873,0.004775250101108778
8138,Sewells Rd at Neilson Rd,2,1,1,0.00013029591193335627,0.005076811285977599
8140,Gerrard St East at Broadview Ave,2,1,1,0.00011140110705788864,0.011479056813048229
8141,Yonge St at Gloucester St,2,1,1,0.0001106690498686093,0.00672320289238622
8142,Kingston Rd at Queen St East,3,1,2,0.00011264978977535136,0.005068587834963846
8143,1095 Bellamy Rd North,2,1,1,0.0001026888051411585,0.0003014674606550404
8144,Victoria Park Ave at Patrick Blvd North Side,4,2,2,0.00014270143627957506,0.00933181802070041
8145,Overlea Blvd at East York Town Centre (East Side),2,1,1,0.0001139322606321578,0.0
8147,Steeles Ave East at Townsend Rd,2,1,1,0.00012332049553877397,0.0
8148,Eglinton Ave East at Cedar Dr,2,1,1,0.0001331867409271472,0.0014701190982560613
8149,Queen St East at Sherbourne St,2,1,1,0.00010790106533761971,0.0013479636675224121
8150,Kennedy Rd at Trojan Gate,2,1,1,0.00010697804205740745,0.0009044023819651212
8151,Brimley Rd at Kingston Rd North Side,4,3,1,0.00019197539867768406,0.011816147295884632
8152,Sweeney Dr at Gretna Ave West Side,2,1,1,0.00011062853171393727,0.0008514461931093153
8153,The West Mall at Sherway Dr - Trillium Health Centre (South,4,1,3,0.00022163594153128938,0.009463526159081241
8154,Promenade Bus Terminal at Promenade Cir (Mall North Entrance,2,1,1,8.752749635486742e-05,0.002311250531688643
8156,Parkside Dr at The Queensway,2,1,1,0.00011062853171393727,0.0027722245852828584
8158,Oasis Blvd at Seasons Dr,2,1,1,0.0001201791065785595,0.00018683538919608676
8160,Don Mills Rd at Sheppard Ave East,3,2,1,0.00012154212029138193,0.011614247805575965
8161,Willowdale Ave at Revcoe Dr,2,1,1,9.719852761065731e-05,0.0012303275202041684
8162,Queen St East at Silver Birch Ave,2,1,1,0.00010080420271135301,0.00010048915355168014
8163,Park St at Midland Ave,2,1,1,0.00010541321683801085,0.00107226591978705
8164,Danforth Ave at Westlake Ave,2,1,1,6.0038633092409446e-05,0.009622355518889769
8165,Royal York Rd at The Queensway,2,1,1,0.0002391641317898009,0.0031247341556784347
8166,327 Dixon Rd,2,1,1,0.00010294651012238563,0.00010048915355168014
8167,Lynedock Cres at Climans Rd,3,1,2,0.00014052288752662017,0.006619523606975755
8168,Ellesmere Rd at Birchmount Rd West Side,4,2,2,0.00011401690874092668,0.11351479407964939
8169,2 Sheffield St,2,1,1,7.489495258706795e-05,0.006256812130424266
8170,Kennedy Rd at Summer Dr South Side,2,1,1,8.333872234043895e-05,0.011163169388802071
8171,Pharmacy Ave at Collingsbrook Blvd,2,1,1,7.156523287843984e-05,0.0032156529136537645
8172,McCowan Rd at Raymerville Dr (South),2,1,1,0.00010166670950311786,0.008525095703955763
8173,Bathurst St at Yorkview Dr South Side,2,1,1,0.00013824171211978512,0.0031784347086346236
8174,McCowan Rd at Ellesmere Rd South Side,2,1,1,9.875107040055654e-05,0.0017045937898766484
8175,Cosburn Ave at Woodmount Ave,2,1,1,0.00011146671018699432,0.0003014674606550404
8176,347 Danforth Rd,2,1,1,8.245988691969199e-05,0.0021337104102948433
8177,Midland Ave at Rural Ave,2,1,1,0.00010396606550286641,0.00203917601981312
8178,Bloor St West at Montrose Ave,2,1,1,0.00011062853171393727,0.01741816331899966
8179,Brimley Rd at Skagway Ave,2,1,1,0.00011781919861436691,0.008047985295188603
8180,Drewry Ave at Norwin St,2,1,1,0.00011062853171393727,0.00040195661420672056
8181,McNicoll Ave at White Heather Blvd,2,1,1,0.00011010504487655155,0.004272738550971218
8182,Huntingwood Dr at Birchmount Rd,2,1,1,0.00011062853171393727,0.000829345668509854
8184,Hoskin Ave at St George St,2,1,1,9.020828808955684e-05,0.003479444205305541
8185,Coxwell Ave at Glebeholme Blvd,3,1,2,0.00010859296451925669,0.005240525814749549
8186,Culford Rd at Flamborough Dr,2,1,1,9.252623549065172e-05,0.003099213100808167
8187,Sentinel Rd at Lamberton Blvd,2,1,1,6.719909220582023e-05,0.0020511990844827937
8188,Birchmount Rd at Wintermute Blvd,2,1,1,0.0001639840525558606,0.0039155678434708635
8189,3034 Weston Rd,2,1,1,0.00011207994340876794,0.0
8190,Warden Ave at Wayne Ave,2,1,1,0.00010593614891273419,0.00020097830710336028
8191,La Rose Ave at Scarlett Rd,2,1,1,8.053720937875814e-05,0.0011509043137671914
8192,Willowdale Ave at Abitibi Ave,2,1,1,6.571660438597956e-05,0.002257549978732454
8193,Lawrence Ave East at Curlew Dr West Side,3,2,1,0.00010690890446811449,3.08379413015738e-05
8194,Martin Grove Rd at Enterprise Rd,2,1,1,0.00010008476339025293,0.00762635696188486
8195,Donlands Ave at Pape Ave East Side,2,1,1,6.183906249032692e-05,0.004485274756435964
8196,College St at Borden St,2,1,1,0.00010727562504507434,0.00467765486193121
8197,Van Horne Ave at Houston Cres (West) West Side,2,1,1,9.507441620705681e-05,0.006169083197274986
8198,Cummer Ave at Bayview Ave,2,1,1,0.00011062853171393727,0.005475418261732597
8200,Portland St at Royal York Rd,2,1,1,8.846456385018856e-05,5.6890684814972354e-05
8201,Coxwell Ave at Robbins Ave,2,1,1,0.00011078272733736554,0.004082571246278179
8202,Huntingwood Dr at Kennedy Rd,2,1,1,0.00010167000420067244,0.001233623989791578
8203,Yonge St at Berwick Ave,2,1,1,0.00015699755223348358,0.01032195519637034
8204,Wilson Ave at Jane St,4,2,2,0.0001528561457744471,0.11912920778799767
8205,Lawrence Ave East at Flerimac Rd,2,1,1,0.00010828948957006203,0.0033381894229405932
8206,Gerrard St East  at Coxwell Ave,2,1,1,0.0001143366659654566,0.004333085211966539
8207,Danforth Ave at Pape Ave,2,1,1,0.00011062853171393727,0.020249098304353834
8208,422 Consumers Rd,2,1,1,6.281240664645764e-05,0.0030954429449750586
8209,Tapscott Rd at Finch Ave East,3,1,2,5.8874493807964875e-05,0.001372961860201333
8211,Sentinel Rd at Fredrick Mowat Lane,2,1,1,8.609407869745162e-05,0.0038678851100692867
8212,Kipling Ave at Six Point Rd,2,1,1,0.00010472797546837458,0.0
8213,Bayview Ave at Manor Rd East,2,1,1,0.00010559393103414628,0.004533473597861092
8214,Warden Ave at Manhattan Dr,2,1,1,0.00010869691065456427,0.0003014674606550404
8216,Woodsworth Rd at Northey Dr (East) - Walkway to Oriole GO St,2,1,1,9.961009984621707e-05,0.005433326244151425
8218,Sheppard Ave West at Keele St East Side,2,1,1,4.726210114573135e-05,0.013069012771654816
8219,Dufferin St at Sylvan Ave,2,1,1,0.00012535147556791545,0.014080349202052736
8220,Rockcliffe Blvd at Homer Ave North Side,2,1,1,8.865581363239595e-05,0.005136643981284561
8221,Beechgrove Dr at Coronation Dr,2,1,1,6.674651682339735e-05,0.006390950926474141
8222,Claireport Cres (East) at Albion Rd South Side,2,1,1,0.00011062853171393727,0.00682422373458103
8224,Opposite 5600 Finch Ave East,3,2,1,0.00011440889599392508,0.007214520178588655
8225,Midland Ave at Havendale Rd,2,1,1,9.830505082346986e-05,0.0023406434804681604
8227,Lawrence Ave West at Rosewell Ave East Side,2,1,1,0.00010432256440622587,0.009215612404042858
8228,Lumsden Ave at Barrington Ave East Side,2,1,1,0.00010959803772468262,0.001406848149723522
8229,125 Bermondsey Rd,2,1,1,9.816333126557979e-05,0.0018563377286261167
8230,Keele St at Junction Rd,3,2,1,0.00020738020844646748,0.0030748263150432434
8232,Bayview Ave at Parkview Ave,2,1,1,0.00011028962340626911,0.007225116971501489
8233,Greenwood Ave at Mountnoel Ave,2,1,1,9.529610843846535e-05,0.0014609031617751314
8234,Leslie St at Sheppard Ave East,2,1,1,0.00011437113486911744,0.002012441514249256
8235,Lawrence Ave East at Wanless Cres (East),2,1,1,0.0001175123359301822,0.012962422272184079
8236,Faywood Blvd at Laurelcrest Ave,2,1,1,0.00011062853171393727,0.010885793279455552
8237,Midland Ave at Town Haven Pl South Side,2,1,1,4.840841313333472e-05,0.00238107897348646
8238,Eglinton Ave East at Swift Dr,2,1,1,0.00010033319530196942,0.019513837537763527
8239,Tapscott Rd at Crow Trail,3,1,2,9.304183641632263e-05,0.005535231546184331
8240,Runnymede Rd at Colbeck St North Side,3,2,1,0.000140032850196269,0.002608464483198639
8241,McCowan Rd at Kingston Rd North Side,3,2,1,4.687378181192594e-05,0.0008581454700127605
8242,Wellesley St East at Church St,3,1,2,9.991364624252434e-05,0.004273255349499501
8243,Sheppard Ave East at Leslie St - Leslie Station,2,1,1,0.00010306183186384389,0.010421308181928662
8244,Danforth Rd at Brimley Rd West Side,2,1,1,0.00010578484933477963,0.0
8245,Queen St West at Triller Ave,2,1,1,0.00011062853171393727,0.003943061962059808
8247,Rathburn Rd at Birchcroft Rd West Side,2,1,1,8.562609985595553e-05,0.0004169792675272007
8248,Steeles Ave East at Waggoners Wells Lane,3,2,1,0.00020470071815587452,0.0005019140791152701
8249,Eglinton Ave East at Redpath Ave,4,3,1,0.0002818015205172383,0.025706340971971567
8250,Dufferin St at Melbourne Ave,2,1,1,8.646396477476992e-05,0.0
8251,2025 Sheppard Ave East,3,1,2,0.0001661812328555395,0.02220571459019077
8252,Bathurst St at Milner Gate,2,1,1,0.00011062853171393727,0.00040195661420672056
8254,Cosburn Ave at Coxwell Ave West Side,2,1,1,2.2182248002630258e-05,0.006252229179441004
8255,Mabelle Ave at Dundas St West South Side,2,1,1,8.539651518732973e-05,0.004909902942654964
8256,Gerrard St East  at Kingsmount Park Rd,2,1,1,0.00010118426976029834,0.004421056895748517
8257,Lower Jarvis St at Queens Quay East North Side,2,1,1,0.00011062853171393727,0.00020097830710336028
8258,Finch Ave East at Dudley Ave,2,1,1,0.00011840068054548542,0.0
8259,O'Connor Dr at Donlands Ave,2,1,1,6.471559112072446e-05,0.006924801502906566
8260,Bloor St West at The East Mall,2,1,1,0.00010731115878402392,0.003350703758248249
8261,141 Morningview Trail,2,1,1,4.917216416574226e-05,0.002065264780944279
8262,Warden Ave at Huntingwood Dr,2,1,1,0.00012415768813692855,0.011063522292254747
8263,Morning Star Dr at Netherwood Rd,2,1,1,9.963530812883757e-05,0.005236069757549979
8264,Royal York Rd at Tenby St,2,1,1,0.00021975305907528594,0.0030242450021267546
8265,Dundas St West at Royal York Rd East Side,2,1,1,9.271866292455172e-05,0.002513575411544361
8266,Pharmacy Ave at Florens Ave,2,1,1,0.00011006040304378754,0.004905891110165887
8267,Wasdale Cres at Rajah St East Side,2,1,1,0.00012430354905146624,0.0013063589961718417
8268,Kingston Rd at Warden Ave,2,1,1,0.00011344721225694623,0.0011714654634751218
8269,Caledonia Rd at Lawrence Ave West,2,1,1,0.00012138949054877563,0.0039427371331348365
8270,Kennedy Rd at Norcap Ave,2,1,1,0.00010685763937305626,0.001000106337728626
8271,Kennedy Rd at Finch Ave East,2,1,1,0.00010623441676001894,0.0010048915355168014
8272,Keele St at St Regis Cres North Side,4,2,2,0.00011836457743933781,0.019149009620145846
8273,Martin Grove Rd at Dixon Rd North Side,2,1,1,9.345452396072344e-05,0.0079278244225399
8274,North Queen St at Nova Rd,2,1,1,7.657678109317158e-05,0.00030518928115695447
8275,Overlea Blvd at Leaside Park Dr,4,2,2,0.00022142837888909867,0.024982982587618913
8276,Neilson Rd at Finch Ave East,2,1,1,9.956622591060003e-05,0.000657777416061125
8281,40 Milvan Dr,2,1,1,9.964660171890281e-05,0.000737186303700553
8282,Opposite 130 Neptune Dr East Side,2,1,1,0.00012942948600388153,0.0015073373032752021
8283,Bathurst St at Greenwin Village Rd,3,1,2,4.451396968617966e-05,0.00770044661846023
8284,Lake Shore Blvd West at Long Branch Ave,2,1,1,0.0001232861787912196,0.011065803967760579
8286,Eglinton Ave West at Royal York Rd,2,1,1,0.00011886257299075718,0.0015917135038624607
8288,Keele St at West Toronto St,2,1,1,0.00012982975486871675,9.809655465759252e-05
8289,Markham Rd at Highway 7,2,1,1,0.00011062853171393727,0.005534878774989366
8290,Jane St at Chalkfarm Dr (South) South Side,2,1,1,0.0001092567261226219,0.00010048915355168014
8293,Neilson Rd at Purpledusk Trail South Side,2,1,1,0.0001055250330200738,0.007711833616900611
8294,Burnhamthorpe Rd at Kipling Ave West Side,2,1,1,0.00010940547487310481,0.00753615482773288
8296,McNicoll Ave at Walkway to Hawkshead Cres,2,1,1,0.00010796450640540058,0.003047727917198355
8297,Steeles Ave West at Keele St,3,1,2,0.00016171157087180562,0.022398554391617313
8298,Bloor St West at Keele St,3,1,2,7.998717230853322e-05,0.005849709662062292
8299,Scarlett Rd at La Rose Ave North Side,2,1,1,9.671710450588226e-05,0.0008507018290089324
8300,Lloyd Manor Rd at Beaverbrook Ave,2,1,1,8.908941022017924e-05,0.00808930780658815
8301,Grantbrook St at Drewry Ave,2,1,1,0.00010323174702264376,0.002706826882177797
8302,Albion Rd at Weston Rd,3,2,1,0.00025435488021863814,0.09588192446053961
8303,Albion Rd at Claireport Cres (East),2,1,1,0.00011062853171393727,0.006522756273925989
8304,McCowan Rd at Southdale Dr,2,1,1,9.039916260076636e-05,0.009027541471714164
8305,Birchmount Rd at Fundy Bay Blvd,2,1,1,0.00014805665342859767,0.0037145895363675037
8307,Steeles Ave West at Tangreen Crt,3,2,1,0.00015935036256682958,0.006245746490854956
8309,Dupont St at Emerson Ave,2,1,1,0.00011062853171393727,0.0032592922815168667
8310,88 Corporate Dr,2,1,1,0.00010106082518628116,0.00020097830710336028
8311,Parkview Hill Cres at Woodbine Heights Blvd,2,1,1,7.195946483887599e-05,0.0014562951935346662
8312,Brimley Rd at Skagway Ave,2,1,1,8.715817778105292e-05,0.011007082633645788
8313,Vaughan Rd at Winona Dr West Side,2,1,1,0.0001042653949575797,0.007976284741954866
8314,Hullmar Dr at Bamford Cres,2,1,1,8.517852007562952e-05,0.00523713313483624
8315,Park St at Claremore Ave,2,1,1,9.869480274762242e-05,0.0013737333804420906
8317,Don Mills Rd at Gateway Blvd (North),2,1,1,7.463266243545687e-05,0.0
8319,Lake Shore Blvd West at Twenty Second St,2,1,1,0.00011014042012544306,0.005405617962955266
8320,Rogers Rd at Keele St,2,1,1,0.00012988998052547744,0.014231895833116638
8322,Symington Ave at Ernest Ave,2,1,1,9.665383133962324e-05,0.007380392841951753
8324,Gary Dr at Yelland St,2,1,1,5.665472616415048e-05,0.0010666796635001655
8327,Senlac Rd at Churchill Ave,2,1,1,0.00011062853171393727,0.005335495533815398
8328,Finch Ave West at Jane St East Side,2,1,1,5.701290125760278e-05,0.004465599744789451
8329,185 Evans Ave,2,1,1,9.707375467773497e-05,0.002962119229133266
8330,Albion Rd at Thistle Down Blvd North Side,2,1,1,6.680384601794124e-05,0.003994576775840068
8331,Lawrence Ave West at Glenmount Ave,2,1,1,0.00010783942595390982,0.00020789025946405784
8334,Carlton St at Jarvis St,2,1,1,0.00010167897040593943,0.004298823224504346
8335,Pape Ave at Harcourt Ave,2,1,1,0.00010792093084176902,0.013849554210145448
8336,Weston Rd at Lanyard Rd,3,1,2,0.00013729214737172467,0.004264782084423328
8337,Dundas St West at Donnybrook Lane East Side,2,1,1,8.131328337075404e-05,0.002815042872199402
8338,Eglinton Ave West at Ennerdale Rd,2,1,1,9.716694880593601e-05,0.017858015028800064
8339,Kennedy Rd at Antrim Cres,3,1,2,8.608783709704366e-05,0.0024117396852403232
8341,Midland Ave at Stansbury Cres,2,1,1,7.369364847820928e-05,0.0033023181624840495
8342,Highview Ave at South Woodrow Blvd,2,1,1,0.00011062853171393727,0.0004717850560045371
8343,Annette St at Evelyn Ave East Side,2,1,1,8.643144523205065e-05,0.011247811600367405
8344,Ellesmere Rd at Scarboro Ave,2,1,1,0.00012613919452426762,0.006511843103894045
8345,McLevin Ave at Empringham Dr,2,1,1,9.950599125224647e-05,0.0041728560677943925
8346,Grenoble Dr at Vendome Pl,2,1,1,0.00010748841179367239,0.002461452573373033
8347,Cosburn Ave at Westlake Cres East Side,3,2,1,0.0001086521727498805,0.0018088047639302424
8348,Main St at Danforth Ave South Side,4,2,2,0.00017475390002049288,0.01573349652084765
8349,Bathurst St at Rockford Rd,2,1,1,0.00017720371546561456,0.0037813696299447046
8350,Eglinton Ave West at Glen Cedar Rd,3,2,1,8.776919417106708e-05,0.015096087674298025
8351,Military Trail at Gladys Rd,2,1,1,6.33722232820793e-05,0.0013063589961718417
8352,McCowan Rd at Bullock Dr,2,1,1,0.00011062853171393727,0.010349851127179923
8353,Senlac Rd at Hounslow Ave North Side,2,1,1,9.357689933636501e-05,0.003410250957039558
8354,Goulding Ave at Cactus Ave,2,1,1,0.00011062853171393727,0.0018024245002126755
8355,Brimley Rd at Anson Ave,2,1,1,0.00011574116658822183,0.008248963602291964
8357,Leslie St at Dexter Blvd,2,1,1,0.00011171210563320415,0.000806571671629094
8358,Evans Ave at Treeview Dr,2,1,1,0.00010138098096454433,0.009771905572096978
8360,Opposite 555 Sheppard Ave West,2,1,1,0.00015748606298755005,9.995746490854956e-05
8361,Marlee Ave at Ridelle Ave,2,1,1,9.078373457220652e-05,0.0012258081667375585
8362,Lambton Ave at Cashman Cres (East),2,1,1,9.7142330845877e-05,0.0048351765206295205
8363,190 Bermondsey Rd South Side,2,1,1,9.494410495742794e-05,0.003504590245285694
8364,Lawrence Ave West at Bolingbroke Rd,2,1,1,0.00013443932008519495,0.005275433482623163
8365,The Westway at Celestine Dr East Side,2,1,1,0.00011503460083531279,0.0008039132284134411
8366,Berry Rd at Park Lawn Rd,2,1,1,0.00010211110595072887,0.014559230114844748
8367,Mortimer Ave at Woodmount Ave,2,1,1,0.00011005900782292137,0.00513447252980962
8368,Sherbourne St at Queen St East,2,1,1,0.00011062853171393727,0.0008039132284134411
8369,Warden Ave at Bamburgh Cir (North),2,1,1,0.00015055597344135383,0.0003014674606550404
8370,Parkside Dr at Garden Ave,2,1,1,0.00011062853171393727,0.0028727137388345385
8371,Midland Ave at Progress Ave,2,1,1,0.00011062853171393727,0.0015367302520547194
8372,Dufferin St at Orfus Rd,4,2,2,0.00014060212038207628,0.007455744711295542
8374,Whitehorse Rd at Rimrock Rd,2,1,1,5.839592839056733e-05,0.0017027328796256913
8376,Marlee Ave at Whitmore Ave,3,1,2,0.00014407467124185336,0.006405932425365646
8378,Steeles Ave East at Bayview Ave West Side,4,2,2,0.000110681363195428,0.02822782700201873
8379,Warden Ave at McNicoll Ave,4,2,2,0.00014851072478113918,0.021420542354639548
8380,Wilson Heights Blvd at Sheppard Ave West North Side,2,1,1,4.2521459171607185e-05,0.0075418217899678765
8381,Kingston Rd at Mason Rd,2,1,1,0.00013765942272683004,0.00040195661420672056
8382,Grenoble Dr at Grenoble Dr,2,1,1,7.162539800578244e-05,0.00628668651637601
8383,Islington Ave at Birmingham St North Side,3,2,1,0.00011311611018073592,0.006222174961009499
8384,Pharmacy Ave at Rosscowan Gate,2,1,1,6.405958163625429e-05,0.0033161420672054446
8385,Danforth Rd at Horton Blvd,2,1,1,0.0001049297681182787,0.00010048915355168014
8386,Avenue Rd at St Clair Ave West North Side,2,1,1,0.00012839668069809367,0.0005534878774989367
8387,McNicoll Ave at Michael Dr,2,1,1,0.00011062853171393727,0.006276105912377712
8388,Eglinton Ave West at Castle Knock Rd,2,1,1,0.00011407664439018564,0.024077612733316708
8389,McCowan Rd at Kenhatch Blvd,2,1,1,0.00012025405060163893,0.009685240323266696
8390,Bathurst St at Davenport Rd,2,1,1,0.00011188194436519385,0.001284559761803488
8391,Kingston Rd at Elmer Ave,2,1,1,9.213644822526524e-05,0.007178860059549128
8392,Drewry Ave at Cactus Ave,2,1,1,0.00010611334001632268,0.0019092939174819227
8393,Kingston Rd at Dixon Ave,2,1,1,7.920503466645967e-05,0.0027413866439812847
8395,Gary Dr at Lockerbie Ave,2,1,1,8.311708310510655e-05,0.000664723049293445
8396,College St at Yonge St - College Station,2,1,1,0.00011062853171393727,0.003873741633517769
8397,Midland Ave at St Clair Ave East,2,1,1,8.270635699876404e-05,0.0018786332057280591
8398,8270 Sheppard Ave East,2,1,1,0.0001244576064336393,0.0014842046771920165
8399,Wilson Ave at Yonge St West Side,6,4,2,0.00017003040487525384,0.027392101444099034
8400,Dundas St West at Jerome St,2,1,1,0.0001172748802987952,0.01261497843059516
8401,Sheppard Ave East at Pharmacy Ave,5,2,3,0.0001478446337183234,0.04691837019621239
8403,Birchmount Rd at Hollis Ave,2,1,1,0.00010560236942891131,0.003364146176855775
8404,70 The East Mall,2,1,1,5.776999031899078e-05,0.000580952012683191
8405,Opposite 20 Graydon Hall Dr,2,1,1,8.989488946715204e-05,0.0064669289663972776
8406,Gerrard St East at Leslie St,2,1,1,0.00011584674608410722,0.004239991594255737
8407,Garratt Blvd at Plewes Rd South Side,2,1,1,9.249715065589811e-05,0.0011525237487593934
8408,Lawrence Ave West at Grey Rd,2,1,1,0.00012591035634670555,0.00020097830710336028
8409,Victoria Park Ave at Finch Ave East,5,2,3,0.00012983324423388446,0.011445467273758428
8410,Birchmount Rd at Zenith Dr North Side,2,1,1,8.096055704791434e-05,0.00021639727775414716
8411,York Mills Rd at Fenside Dr,2,1,1,0.00013175346510821515,0.0
8412,Ellesmere Rd at Deep Dene Dr,2,1,1,8.813455570685756e-05,0.005587072876790018
8414,Markham Rd at Denison St,2,1,1,5.496753604152962e-05,0.0044135474266269676
8415,Lawrence Ave West at Hickory Tree Rd,3,2,1,0.00028133179089271667,0.00023287962569119524
8416,Faywood Blvd at Reiner Rd,2,1,1,8.751758536172565e-05,0.0073527222458528285
8417,Oriole Pkwy at Tranmer Ave,2,1,1,7.863457813506175e-05,0.0038696299447043814
8418,Islington Ave at Thorold Gate North Side,4,2,2,0.00018010319012090088,0.004414889670510909
8419,Oriole Pkwy at Gormley Ave,2,1,1,0.00012152829143402801,0.00025202041684389625
8420,Bathurst St at Elderwood Dr,2,1,1,0.00011093662451056938,0.0006816248404934071
8421,Broadview Ave at Langley Ave-Bridgepoint Health Ctr,3,2,1,0.00021198001457318702,0.02632877220433048
8423,Anglesey Blvd at The Kingsway,2,1,1,8.035561575229244e-05,0.002392574525024812
8424,Parkwoods Village Dr at Gisburn Rd,2,1,1,0.00010520806496157125,0.0
8425,Sheppard Ave East at Ecopark Gate,2,1,1,0.00013321635105461031,0.001785672137847057
8426,East York Acres Parking Lot at Haldon Ave,4,2,2,9.921740973903721e-05,0.000703424074861761
8427,Markland Dr at Mill Rd,2,1,1,9.783076792515866e-05,0.0054338579327945545
8429,Willowdale Ave at Cummer Ave,2,1,1,9.986098178379248e-05,0.0010293492131008082
8430,The Queensway at Sherway Gardens Mall (North Entrance),2,1,1,7.433985585005549e-05,0.005633969807390083
8431,Dundas St West at Sterling Rd,3,2,1,0.0002046581310423036,0.005064115742709959
8432,Eglinton Ave West at Oriole Pkwy,3,1,2,0.0001642888039945389,0.027996689721832228
8433,Dundas St West at Keele St,2,1,1,0.00010618419757353064,0.0036068218451274937
8434,York Mills Rd at Cedarwood Ave East Side,2,1,1,0.0001378434891656349,0.0003014674606550404
8435,Skyway Ave at Meridian Rd (South),2,1,1,9.729636325500797e-05,0.00040195661420672056
8436,Danforth Rd at St Clair Ave East North Side,3,2,1,9.103634919541836e-05,0.0068024683856244906
8437,1450 Don Mills Rd,2,1,1,0.00010312019501830492,0.0005024457677584007
8439,Grand Ave at Portland St,2,1,1,7.452701723737774e-05,0.0003583581454700128
8441,Dixon Rd at Roxaline St,2,1,1,7.458606793600263e-05,0.0
8442,Dufferin St at Glengrove Ave,2,1,1,9.307534154335122e-05,0.00010048915355168014
8443,Bermondsey Rd at Eglinton Ave East,2,1,1,0.00010140530133321551,0.0015548702679710762
8445,Yonge St at Elm St,2,1,1,0.00011449852805547566,0.007225648660144621
8446,Islington Ave at Norseman St,2,1,1,0.00010541577653156318,0.005651389479654049
8447,28 Ingram Dr,3,1,2,0.00015779004144553908,0.010331555699983872
8448,Gerrard St East at Jones Ave,2,1,1,0.00011746786082493041,0.004340480747807417
8449,Mt Pleasant Rd at Manor Rd East,2,1,1,0.00010327048979696,0.0010281339247736527
8451,Ellesmere Rd at Morningside Ave,4,2,2,0.00017360953706936508,0.013784370716952595
8452,Martin Grove Rd at Brunello Gate,2,1,1,0.0001406778732640549,0.0014740403019991492
8453,Wilson Ave at Garratt Blvd,2,1,1,0.00019733704816222392,0.0001999149298170991
8455,Warden Ave at Danforth Rd North Side,3,2,1,0.00014287720808784973,0.017523449862321624
8456,89 Upper Canada Dr,2,1,1,8.902533715169378e-05,0.0026127179923436834
8457,Humberline Dr at Woodlot Cres (West),2,1,1,0.00017353773291768377,0.006505875159506593
8458,Bathurst St at Stafford Rd,2,1,1,0.00011168446504237434,0.008805827307528711
8459,551 The West Mall,2,1,1,9.53291757062673e-05,0.001381327094853254
8460,Bathurst St at Glengrove Ave,2,1,1,0.00012662374004615941,0.0016110165886856658
8462,The West Mall at Civic Centre Crt South Side,2,1,1,0.00011062853171393727,0.0006029349213100808
8463,75 Lesmill Rd,2,1,1,6.415616538094922e-05,0.002242176428719523
8464,Don Mills Rd at Lawrence Ave East,4,2,2,0.00015975783290561891,0.03372831367569644
8465,Glencairn Ave at Shermount Ave,2,1,1,0.00011062853171393727,0.006464611296597684
8466,Pharmacy Ave at Biscayne Blvd South Side,2,1,1,0.00011062853171393727,0.004821884304551255
8467,Lawrence Ave East at Tremont Cres (East) West Side,2,1,1,0.00015448883646393025,0.004016123975981484
8468,70 Milner Ave,2,1,1,0.0001053604765969212,0.005121012335176521
8469,Calvington Dr at Renshaw St,2,1,1,5.12782325857492e-05,0.0029557280589819937
8471,Kipling Ave at Warnica Ave,2,1,1,9.790743135644928e-05,0.0
8472,Markham Rd at Nugget Ave,4,2,2,0.00016949270969648987,0.012094369962590931
8473,Lawrence Ave East at Mt Pleasant Rd,2,1,1,0.00013890415562600934,0.007221302738449697
8474,Don Mills Rd at Clock Tower Rd,2,1,1,0.00018160009228158745,0.0
8476,Mantis Rd at Poppy Pl (North),2,1,1,0.0001865193954597605,0.0012135261590812422
8477,Lawrence Ave East at Greenbrae Circt,2,1,1,0.00015531748098869823,0.0003014674606550404
8479,Sherbourne St at Isabella St,2,1,1,0.00011062853171393727,0.0015073373032752021
8480,Bellamy Rd North at Northleigh Dr North Side,2,1,1,9.925951898437696e-05,0.0006029349213100808
8483,Eglinton Ave East at Torrance Rd,4,2,2,0.00020889201556581263,0.0018917481922586135
8484,Wilmington Ave at Overbrook Pl,2,1,1,5.8147727601594925e-05,0.0031162271373883456
8485,1860 Midland Ave,2,1,1,0.00011062853171393727,0.0011347736378479988
8486,Yonge St at Aylmer Ave,2,1,1,0.00011575904842480868,0.006321246278179499
8487,Dufferin St at Dundas St West,3,1,2,0.00012164836723531103,0.013879370894949377
8488,Scarlett Rd at Chapman Rd,2,1,1,8.538685308186799e-05,0.0018006078973486462
8489,Dupont St at Huron St,2,1,1,0.00011062853171393727,0.008735582761575402
8490,1149 Bellamy Rd North,2,1,1,0.00011062853171393727,0.00020097830710336028
8491,Ferris Rd at Plaxton Dr,2,1,1,0.00010568333679375507,0.0009912448603431165
8492,Weston Rd at Eglinton Ave West,2,1,1,0.00016246555521168648,0.005800589147662985
8493,Sheppard Ave East at Walkway to Winstanly Cres,2,1,1,0.0001142798046806725,9.995746490854956e-05
8494,Avenue Rd at Dunblaine Ave,2,1,1,0.00011062853171393727,0.0015073373032752021
8495,Eringate Dr at Sigmont Rd,2,1,1,0.00010351782636790397,0.000677903019991493
8497,Bay St at King St West,3,1,2,0.00013218794088903126,0.004791707565793062
8498,Davenport Rd at Walmer Rd,2,1,1,0.00011062853171393727,0.010385846820130103
8500,3507 Ellesmere Rd,2,1,1,7.737572993756314e-05,0.005888540337445058
8501,Steeles Ave West at Sea Hawkway,2,1,1,0.00011016391885011531,0.0
8502,The West Mall at Rathburn Rd,2,1,1,9.76358608030405e-05,0.0012808379413015737
8503,Old Weston Rd at Rogers Rd South Side,2,1,1,7.415585035717027e-05,0.004957571618088419
8504,McCowan Rd at South Unionville Ave,2,1,1,8.682451204485852e-05,0.009128030625265845
8506,Pharmacy Ave at McNicoll Ave,2,1,1,9.812278353284502e-05,0.0025122288387920033
8507,Keele St at Greenbrook Dr,3,1,2,0.0001410128820997591,0.02580932561242385
8508,Pharmacy Ave at Craigton Dr,3,2,1,0.0001452209984010946,0.004720863462356444
8509,Warden Ave at Ashtonbee Rd,3,2,1,0.00012206228151922832,0.0017728271657450729
8510,Keele St at Dovehouse Ave North Side,2,1,1,0.00011455954819508302,0.00010048915355168014
8511,Seasons Dr at Canoe Cres (West),3,1,2,0.00011850942345135472,8.634623564440665e-05
8512,Davisville Ave at Forman Ave,2,1,1,0.00016003092181205578,0.008591189665998259
8513,Kipling Ave at Snaresbrook Dr,2,1,1,0.00010931049020205445,0.004127955069953794
8514,Tandridge Cres at Arcot Blvd North Side,2,1,1,8.117473973172763e-05,0.005890574161589154
8515,Cactus Ave at Connaught Ave,2,1,1,0.00011062853171393727,0.0025058485750744366
8516,Steeles Ave East at Middlefield Rd,2,1,1,0.00010513023996243647,0.007196611416491255
8517,Sheppard Ave East at Idagrove Gate,2,1,1,0.00014187811730664198,0.001986650444950417
8518,Warden Ave at Bridletowne Cir (South),2,1,1,0.00011663223089347025,0.00020097830710336028
8519,Ellesmere Rd at Parkington Cres,2,1,1,0.00014761051478543398,0.0
8520,Oakwood Ave at Clovelly Ave,3,1,2,0.000203733868557506,0.010962737987055745
8522,Keele St at North Park Dr,2,1,1,0.00010879767152351705,0.0
8523,Opposite 6793-6823 Steeles Ave West,3,2,1,4.9301999029561084e-05,0.000303302988784843
8524,Giltspur Dr at Calico Dr,2,1,1,6.768162411661973e-05,0.0012614667594939147
8525,399 The West Mall - Etobicoke Civic Centre,2,1,1,0.00012393252455308838,0.003953014160069154
8526,1055 McNicoll Ave,2,1,1,0.0001403460683408569,0.0020416843896214378
8527,Opposite 1921 Albion Rd,2,1,1,0.00011062853171393727,0.00712569119523607
8528,Royal York Rd at Edenvale Cres South Side,2,1,1,0.00015721212558963068,0.004160995321139941
8529,College St at St George St,2,1,1,0.00010602537324083376,0.0035953991496425848
8530,Dufferin St at Bentworth Ave,4,2,2,0.0001325528577846122,0.004556305827307529
8531,Birchmount Rd at Scarden Ave,2,1,1,0.00011107330363106685,0.002326882177796682
8532,Alness St at Dolomite Dr,2,1,1,6.431606199070029e-05,0.0019092939174819227
8534,Parliament St at Winchester St,2,1,1,8.999128625969909e-05,0.0013736555872880844
8535,150 Railside Rd,2,1,1,0.00010879263572501963,0.00010048915355168014
8537,Finch Ave West at Martin Grove Rd,2,1,1,4.5655777957463134e-05,0.006272654366936056
8538,Sheppard Ave West at Banting Ave,5,3,2,0.00019379764273770854,0.014297634919132777
8539,Yonge St at Athabaska Ave,3,1,2,0.0001740142972961641,0.01349335389196087
8540,Scarlett Rd at Saxony Cres,2,1,1,0.00010335462308567659,0.0006497235219055721
8541,Opposite 195 Galaxy Blvd,2,1,1,9.494091051497216e-05,0.0005024457677584007
8542,Cummer Ave at Ruddington Dr West Side,2,1,1,0.00011062853171393727,0.005575907415284277
8543,Eglinton Ave East at Bellamy Rd North - Eglinton GO Station,4,2,2,0.00020029813172686814,0.008447793801579425
8544,Lawrence Ave East at Warden Ave,4,2,2,0.00010287468552083249,0.007797712571316117
8545,Bloor St West at Dundas St West,5,2,3,0.00019692642968803954,0.02039314960853754
8546,Arcot Blvd at Albion Rd East Side,3,2,1,7.656254136376498e-05,0.005991063315140835
8549,180 Milvan Dr,2,1,1,8.95470748129102e-05,0.0011391429179072735
8550,Tapscott Rd at Blackwell Ave West Side,2,1,1,0.00013101938903450363,0.00773366352561376
8551,Wilson Ave at Jane St,4,2,2,0.0001941190544584098,0.10527283412332829
8552,Midland Ave at Verdun Ave,2,1,1,0.00011062853171393727,0.00026835269137360905
8555,Avenue Rd at Bloor St West,2,1,1,0.00011062853171393727,0.0025632709485325393
8556,Lawrence Ave West at Blackstone St,2,1,1,0.00010637805071613183,0.0
8557,Lake Shore Blvd West at Tenth St,2,1,1,0.00011039793831063929,0.005104150502300225
8558,800 Islington Ave,2,1,1,0.00010820176022050435,0.005048454558343967
8559,Bellamy Rd North at Grace St South Side,2,1,1,0.00011062853171393727,0.004939387494683114
8560,New Westminster Dr at Bathurst St,2,1,1,0.00010208090490036419,0.0017083156103785623
8561,St Clair Ave West at Florence Cres East Side,2,1,1,7.64017927082331e-05,0.00029960655040408337
8562,Birchmount Rd at Sadler Dr North Side,2,1,1,7.503989194411164e-05,0.0003168864313058273
8563,44 Valley Woods Rd,2,1,1,2.5174269928746537e-05,0.024484764885785448
8564,Dovercourt Rd at Northumberland St,3,2,1,9.624608435682375e-05,0.001667907273500638
8565,Sheppard Ave East at Opposite Walkway to Murison Blvd,2,1,1,0.00011558399372627132,0.0
8566,Huntingwood Dr at Kittery Blvd,2,1,1,0.0001017349419254006,0.0010326456826882178
8567,Brimley Rd at Omni Dr North Side,2,1,1,0.00011062853171393727,0.0
8568,Avenue Rd at Woburn Ave,2,1,1,0.00011062853171393727,0.0010048915355168014
8569,Jones Ave at Sproat Ave,2,1,1,7.269614090271067e-05,0.0010990004253509146
8570,Don Mills Rd at Freshmeadow Dr,2,1,1,0.00010074245662094385,0.0
8571,6445 Airport Rd,2,1,1,8.159031838607492e-05,0.003106656741811995
8572,Birchmount Rd at Mack Ave,2,1,1,8.464561405287715e-05,0.0005198142634339997
8573,Humber Blvd at Louvain St,2,1,1,6.874608577299291e-05,0.0006361388770735859
8574,St Clair Ave West at Wychwood Ave,2,1,1,0.00011062853171393727,4.253509145044662e-06
8575,Birchmount Rd at Glendower Circt (North),2,1,1,0.00011062853171393727,0.013508081667375585
8576,Ossington Ave at Dupont St,2,1,1,0.0001365274260335985,0.004782093863176381
8578,Dundas St West at Roncesvalles Ave,2,1,1,0.00010637477943153091,0.003962456874143391
8579,Markland Dr at Silverthorne Bush Dr,2,1,1,9.749425928632396e-05,0.005534347086346235
8580,Bay St at Wellington St West,2,1,1,0.0001359952547369857,0.0048921967193447415
8581,Dundas St West at Gilmour Ave,2,1,1,0.00017958105246901744,0.00866743435044438
8582,Jane St at Grandravine Dr,4,2,2,0.0001628324518257795,0.020953743299045244
8583,Sheppard Ave East at Glen Watford Dr,2,1,1,0.00011489107942480196,0.00010048915355168014
8584,Markham Rd at Brimorton Dr,2,1,1,0.000112573145124739,0.025437266565137687
8585,2220 Midland Ave,2,1,1,0.00011062853171393727,0.0016372194056063995
8586,Morningview Trail at Sewells Rd,3,1,2,0.00010847363634438424,0.002930127250815256
8587,Arleta Ave at Sheppard Ave West,2,1,1,0.00011062853171393727,0.004730433857932794
8588,Queen St East at Sackville St,2,1,1,0.00011062853171393727,0.005785437083090255
8589,Underhill Dr at Beveridge Dr,2,1,1,0.0001185962028853424,0.02873176908674541
8590,Pape Ave at O'Connor Dr,2,1,1,0.00011062853171393727,0.013045640981732007
8591,Midland Ave at Passmore Ave,3,1,2,0.0001080103748120003,0.005852978656988791
8592,King St West at Jefferson Ave,2,1,1,0.00010616602096901002,0.005560775387710735
8593,Queens Quay East at Yonge St,2,1,1,0.0001262876108512384,0.003026726215794697
8594,Lawrence Ave East at Victoria Park Ave,4,2,2,0.00010751563198326339,0.0073957559571093965
8595,Dundas St West at Howard Park Ave,3,1,2,0.00017855668330389043,0.004863137435606598
8596,Islington Ave at Eglinton Ave West,4,2,2,0.00012411257812816,0.007981025361548277
8597,Bayview Ave at Country Lane,2,1,1,7.972223601843164e-05,0.005364172540560248
8600,John Garland Blvd at Martin Grove Rd,2,1,1,8.636507554886507e-05,0.0037606306355693763
8601,Carlaw Ave at Queen St East,3,1,2,0.00012502451037026602,0.02991335019162273
8602,The Donway West at Clock Tower Rd North Side,3,2,1,0.00017179959728382154,0.004217102283084844
8605,Victoria Park Ave at Denton Ave,8,3,5,0.00012718355202533558,0.02141279068244722
8607,Lansdowne Ave at Wade Ave - Lansdowne Station,2,1,1,0.00011062853171393727,0.0038185878349638455
8608,111 Disco Rd,2,1,1,8.456898032579424e-05,0.0036202530351989322
8609,Kingston Rd at Parkcrest Dr,4,2,2,0.00015772933251410656,0.014886080644507912
8610,Royal York Rd at Hartfield Crt South Side,2,1,1,0.00013695733811148,0.00375903870693322
8611,Royal York Rd at Ashley Rd,3,2,1,0.0002006023407861479,0.005850145771302991
8612,Woodbine Ave at Norway Ave,2,1,1,0.00012517212845283433,0.006335601871544024
8613,Bayview Ave at Moore Ave North Side,4,2,2,0.0001689198749833788,0.015343903443476829
8614,Glencairn Ave at Bathurst St West Side,2,1,1,6.113526540068764e-05,0.004237899259166805
8615,Warden Ave at Baycliffe Rd,2,1,1,0.00011062853171393727,0.005826775840068056
8616,Danforth Ave at Broadview Ave,2,1,1,0.00011062853171393727,0.02054927773839566
8617,Steeles Ave East at Walkway to Irenemount Cres,2,1,1,0.00010192604460165501,0.007498078877146296
8618,Royal York Rd at Chapman Rd,2,1,1,9.699678599619512e-05,0.0033309615849742703
8619,Caledonia Rd at Orfus Rd South Side,3,2,1,0.00012571240844101543,0.004143715440238197
8620,Hilda Ave at Moore Park Ave North Side,2,1,1,6.31124386177822e-05,0.0050343318952421464
8621,O'Connor Dr at Northbrook Rd,2,1,1,7.729616623672396e-05,0.0067238231958032055
8622,Weston Rd at Clouston Ave,2,1,1,9.636485558442347e-05,0.0003014674606550404
8623,Sheppard Ave East at Rouge River Dr (East),2,1,1,0.00013687560273372074,0.001886161291398737
8624,Benton Rd at Colville Rd,2,1,1,5.366407862976329e-05,0.0065582795910793055
8626,Orfus Rd at Dufferin St,2,1,1,4.4891610820434205e-05,0.0012295299872394725
8627,Dufferin St at Eversfield Rd,2,1,1,9.005103428248666e-05,0.0003014674606550404
8628,Overlea Blvd at Thorncliffe Park Dr (West),5,2,3,0.0002283173875655289,0.060380590981399154
8629,Dufferin St at Celt Ave North Side,2,1,1,9.678787526719927e-05,0.0
8630,Harold Evans Cres at Tempo Ave,2,1,1,7.699058750350972e-05,0.0017258613356018716
8631,McLevin Ave at Tapscott Rd West Side,2,1,1,0.00012576887274334545,0.0075326852185104
8632,Spadina Ave at Harbord St South Side,2,1,1,0.00011991560582633911,0.000899617184176946
8633,Consumers Rd at Hallcrown Pl,3,1,2,9.098164161270149e-05,0.008194548697119568
8634,West Promenade at New Westminster Dr,2,1,1,9.099748355014298e-05,0.002210761378136963
8635,King St West at Dunn Ave,2,1,1,7.219335741520181e-05,0.002432319411530386
8636,Runnymede Rd at Morningside Ave North Side,2,1,1,0.00010764228168603387,0.0058592622833435574
8637,Commissioners St at Bouchette St,2,1,1,0.0001859615341952579,0.01207958711166181
8638,Hullmar Dr at Shoreham Dr,2,1,1,8.577378659580502e-05,0.00045758896923295056
8639,Lansdowne Ave at Queen St West,2,1,1,0.00011062853171393727,0.002914185452998724
8641,Kingston Rd at Cathedral Bluffs Dr,4,2,2,0.0001087978547037856,0.027591103093229846
8642,Ossington Ave at College St,2,1,1,0.00010872217809789457,0.00614181384332384
8643,Arrow Rd at Gail Grove South Side,2,1,1,0.00011498832228349024,0.005309487097688926
8644,Eastdale Ave at Goodwood Park Cres,2,1,1,0.00010975296558280611,0.0013063589961718417
8645,Brimorton Dr at Linville Rd,2,1,1,7.509124668004315e-05,0.0006151637601020842
8646,Montressor Dr at Troon Crt North Side,2,1,1,0.00011062853171393727,0.0010048915355168014
8647,Jones Ave at Gerrard St East,3,1,2,0.0001134737786034622,0.016979353672540644
8648,Victoria Park Ave at St Bedes Rd,2,1,1,0.00012729903956559775,0.013635861385576802
8649,Flemington Rd at Replin Rd East Side,2,1,1,9.393935424573268e-05,0.0003014674606550404
8651,Sheppard Ave West at Downsview Dells Park,4,2,2,0.00022495561321879024,0.006174783779951794
8652,Maybrook Dr at Passmore Ave South Side,0,0,0,1.6598932385570904e-05,0.0
8653,Rogers Rd at Boon Ave,2,1,1,9.102198903815785e-05,0.0006029349213100808
8654,Kingston Rd at McNab Blvd,2,1,1,0.00012683825627070124,0.00010048915355168014
8655,McNicoll Ave at Kennedy Rd,2,1,1,0.00011996510127810567,0.005775733730327521
8656,Keele St at Ypres Rd,2,1,1,0.00010092032304963845,0.0
8657,Maple Leaf Dr at Veerland Dr West Side,2,1,1,0.00010886363224140751,0.0021948107188430456
8658,Ellesmere Rd at Brimley Rd,4,2,2,8.884956239272224e-05,0.011157034240748617
8659,Dufferin St at Finch Ave West,2,1,1,0.0001077388643559029,0.0027549151661231627
8660,Lumsden Ave at Main St,2,1,1,0.00011062853171393727,0.0003014674606550404
8661,O'Connor Dr at Donlands Ave West Side,2,1,1,8.971015430669606e-05,0.00917332908965786
8662,Vaughan Rd at Louise Ave,2,1,1,0.00010523948200021226,0.0060431973702866236
8663,Gary Dr at Wendell Ave West Side,2,1,1,8.96858032980104e-05,0.006093351233517653
8664,Culford Rd at Lawrence Ave West,2,1,1,0.00010324600140679277,0.002697256486601446
8666,88 Upper Canada Dr,2,1,1,0.00011062853171393727,0.0006029349213100808
8667,Jane St at Giltspur Dr,2,1,1,0.00010894618428796345,7.25223309230115e-05
8668,Benton Rd at Lawrence Ave West South Side,2,1,1,4.3719973245286506e-05,0.006658768744630985
8669,Queen's Plate Dr (East) at Harness Rd South Side,2,1,1,7.926694321265854e-05,0.001737691407911527
8670,Davisville Ave at Cleveland St,2,1,1,0.00016758923554526634,0.00869167881954994
8671,McNicoll Ave at Middlefield Rd,2,1,1,0.00011062853171393727,0.004770842194810719
8672,Carlaw Ave at Dundas St East,3,2,1,0.00012416248813318622,0.025375387622503204
8673,Symington Ave at Kingsley Ave,2,1,1,0.00011245866633911983,0.010348736720240085
8674,Eglinton Ave East at Laird Dr West Side,2,1,1,0.00011772014842508405,0.021385813739385636
8675,Evans Ave at Carnarvon Ave,2,1,1,0.00010566475072282597,0.002560162614926545
8677,Don Mills Rd at Cliffwood Rd (South) North Side,2,1,1,9.802683591050065e-05,0.00020097830710336028
8678,Royal York Rd at The Westway,2,1,1,8.471802498192463e-05,0.0037329181991809907
8680,Bloor St West at Lansdowne Ave,2,1,1,9.887558958027087e-05,0.018121587393861417
8681,Yonge St at Avondale Ave North Side,2,1,1,0.0001402677612246977,0.005121030058131292
8682,1200-1202 York Mills Rd,3,2,1,0.0001773788017157861,0.030898164632926165
8683,Danforth Ave at Donlands Ave,3,1,2,0.00010139996176846669,0.008516974829821288
8684,Rogers Rd at Silverthorn Ave,2,1,1,9.819518984401876e-05,0.00010048915355168014
8685,Lawrence Ave East at Valia Rd,2,1,1,9.295552562334347e-05,0.009668279455550832
8686,Anglesey Blvd at Wimbleton Rd East Side,2,1,1,6.95375704206075e-05,0.002593552832128172
8687,Islington Ave at Barker Ave,2,1,1,0.00011171167645343218,0.0042621404966789915
8688,Belfield Rd at C.N. East Spur,2,1,1,7.347301333827835e-05,0.001326034613260909
8689,Bathurst St at York Downs Dr,2,1,1,0.00011062853171393727,0.002173543173117822
8690,375 Danforth Rd,2,1,1,8.679290835729743e-05,0.0020332212567431627
8691,Ellesmere Rd at Neilson Rd - Scarborough Health Network Cent,3,1,2,0.0002305220791110367,0.009713247031656595
8692,Pape Ave at Eastern Ave,2,1,1,2.078362060401289e-05,0.005118428616581576
8693,Warden Ave at McPherson St,2,1,1,0.00011062853171393727,0.005123351765206295
8694,Neilson Rd at Wickson Trail,2,1,1,0.00010393804246594204,0.0020097451704108463
8695,7710 Markham Rd,2,1,1,0.00011062853171393727,0.005132922160782646
8696,Finch Ave East at Page Ave West Side,2,1,1,9.862340626804841e-05,0.00020097830710336028
8697,Kennedy Rd at Passmore Ave North Side,2,1,1,0.00011062853171393727,0.00020097830710336028
8698,Church St at Cypress St,2,1,1,8.283974242713827e-05,0.0039715147809442795
8700,Highview Ave at Anneke Rd,2,1,1,8.188120451019406e-05,0.0019766683017521714
8701,Shaw St at Queen St West,2,1,1,0.00010958116374011612,0.006644259611082241
8702,Kennedy Rd at McNicoll Ave South Side,2,1,1,9.72117000245863e-05,0.0017035304125903872
8703,Finch Ave East at Ravel Rd East Side,2,1,1,9.938852148174893e-05,0.0003014674606550404
8704,Sheppard Ave East at Brenyon Way West Side,4,2,2,0.0001181035363974479,0.000981758909433616
8705,Don Mills Rd at Mogul Dr,2,1,1,9.608528049756898e-05,0.0003014674606550404
8707,McCowan Rd at Benleigh Dr,2,1,1,0.00010996552097479619,0.0054343896214376864
8709,Danforth Rd at Linden Ave,2,1,1,0.00011321011101139621,0.0032254007574137413
8710,Lord Seaton Rd at Upper Canada Dr,2,1,1,8.075405783760094e-05,0.002813696299447044
8712,400 The West Mall,2,1,1,0.00011062853171393727,0.000703424074861761
8714,Garratt Blvd at Katherine Rd,2,1,1,9.502706615731118e-05,0.001052034595207713
8715,Lawrence Ave West at Westona St East Side,2,1,1,0.0001222244165122415,0.0005885793279455551
8716,Mt Pleasant Rd at Manor Rd East,2,1,1,7.31876543607883e-05,0.0015684017439387494
8718,Runnymede Rd at Dundas St West North Side,3,1,2,0.0001151522870382123,0.001905040408336878
8719,Steeles Ave East at Walkway to Whitman St,2,1,1,0.00012280355626047282,0.00020097830710336028
8720,Lake Shore Blvd West at Royal York Rd,2,1,1,0.0001260445620687872,0.005831029349213101
8721,Eglinton Ave East at Leslie St West Side,4,3,1,0.0002510212768455863,0.033889230179743796
8722,Signet Dr at Finch Ave West North Side,2,1,1,1.91938567717886e-05,0.0016992769034453424
8725,Victoria Park Ave at Ripon Rd,2,1,1,0.00010890929631107225,0.012249072265840856
8726,Bergamot Ave at Rexdale Blvd,2,1,1,7.24675106158305e-05,0.0027778128544590952
8727,Elmhurst Dr at Fordwich Cres,2,1,1,0.00012017018243639418,0.00010846448319863888
8728,1103 Birchmount Rd,2,1,1,9.748743262931835e-05,0.01113660604169294
8729,Willowdale Ave at Cummer Ave South Side,2,1,1,9.258865915580329e-05,0.0016546150574223736
8730,Islington Ave at Riverbank Dr,2,1,1,0.00011025325818650794,0.0
8731,Warden Ave at 14Th Ave,2,1,1,8.419189386235621e-05,0.0032147124392699353
8732,821 Progress Ave,2,1,1,8.123781036262947e-05,0.00020097830710336028
8733,Yonge Blvd at Harley Ave,2,1,1,6.091285643442343e-05,0.00020097830710336028
8735,Pharmacy Ave at Camilla Cres North Side,2,1,1,0.00011030234093691127,0.004403445342407487
8736,100 Consilium Pl,2,1,1,0.00010225296374887237,0.00010048915355168014
8737,Brimley Rd at Oakridge Dr,2,1,1,0.00011820128680895117,0.008148474448740284
8738,Queen St West at Strachan Ave,2,1,1,9.156016035360124e-05,0.002654322663694254
8739,Broadview Ave at Pretoria Ave,6,1,5,0.0002356323846879881,0.03352006047452812
8740,Rexdale Blvd at Tidemore Ave,2,1,1,9.207934548709947e-05,0.0014362239472564867
8741,Birchmount Rd at Ranstone Gardens,2,1,1,0.00011062853171393727,0.0009200340280731605
8742,Avenue Rd at Wilson Ave South Side,2,1,1,0.00011062853171393727,0.0017083156103785623
8743,Foxwell St at Scarlett Rd,2,1,1,8.586255016607863e-05,0.0
8744,Westlake Ave at Wallington Ave,2,1,1,0.00011062853171393727,0.00020097830710336028
8746,3311 Bayview Ave,2,1,1,0.00011062853171393727,0.0035553677766300058
8747,Belfield Rd at Iron St,2,1,1,6.723046334556318e-05,0.0014466888029079847
8748,Eglinton Ave West at Spadina Rd,2,1,1,0.00011340750457376929,0.02389615775005507
8749,23 Kodiak Cres,2,1,1,3.867937202030039e-05,0.0019037111867290515
8750,Islington Ave at Dundas St West,4,2,2,0.00012144184076405253,0.006730469303842338
8751,Islington Ave at Sandhill Dr,2,1,1,0.00011202022624441082,0.004362629650230671
8752,Horner Ave at Delta St West Side,2,1,1,0.00010074281363383237,0.00037101233517652064
8753,Bloor St West at Spadina Ave,2,1,1,0.00011062853171393727,0.02155416927391246
8754,Gerrard St East at Victoria Park Ave,2,1,1,7.660102533592556e-05,0.01199330997408943
8755,Mt Pleasant Rd at Snowdon Ave,2,1,1,0.00010109770491830393,0.0015073373032752021
8756,Eglinton Ave West at Glenholme Ave,2,1,1,8.940490836426858e-05,0.018159482489455103
8757,Faywood Blvd at Bainbridge Ave,2,1,1,0.00011062853171393727,0.01058432581880051
8758,Lawrence Ave East at Kingston Rd,4,2,2,0.0001042769111544365,0.012437285875663163
8759,Warden Ave at Boem Ave,2,1,1,0.0001040286859811111,0.0
8760,Brookmere Rd at Elmhurst Dr,3,2,1,0.00013042879988144318,0.0005104210974053594
8761,Opposite 8270 Sheppard Ave East,2,1,1,0.00012310065103186618,0.006169449170565716
8762,Dupont St at Franklin Ave,2,1,1,0.00011062853171393727,0.0029578248208618264
8763,Spadina Ave at King St West North Side,2,1,1,0.00011482225170407871,0.0021054870267971076
8765,Lawrence Ave West at Dufflaw Rd,2,1,1,0.0001607977367580209,0.00010048915355168014
8766,King St West at Portland St,2,1,1,0.00010338051499511649,0.006264199462572496
8767,Kennedy Rd at Munham Gate,2,1,1,0.0001518187555627602,0.010818284661748312
8770,111 Bridgeland Ave,2,1,1,0.00010904564517051301,0.00020097830710336028
8771,Bayview Ave at Post Rd,2,1,1,0.00011062853171393727,0.005516801361122927
8772,Ellesmere Rd at Wye Valley Rd,2,1,1,0.000108905238255188,0.0
8774,Mortimer Ave at Burley Ave,2,1,1,0.00011062853171393727,0.003727624380086098
8775,The West Mall at Leavenworth Cres South Side,2,1,1,0.00011062853171393727,0.00020097830710336028
8776,Opposite 71 Maybrook Dr,0,0,0,1.6598932385570904e-05,0.0
8778,High Park Loop,2,1,1,9.095195006629731e-05,0.0051371756699276905
8779,Wilmington Ave at Overbrook Pl,2,1,1,0.00011062853171393727,0.00988090174393875
8780,Queen St West at Lansdowne Ave,2,1,1,0.00011062853171393727,0.004144040269163168
8781,Bloor St West at Shaw St,2,1,1,0.00011062853171393727,0.017518652472551337
8784,Weston Rd at Knob Hill Dr,2,1,1,0.00016220397112630075,0.0
8785,McLevin Ave at John Tabor Trail,2,1,1,0.00012157561930084342,0.002622447894512973
8786,Birchmount Rd at Zenith Dr,2,1,1,6.089776324666913e-05,0.0009217708776407203
8788,Dupont St at Lansdowne Ave,2,1,1,0.00011062853171393727,0.010242920064850605
8789,Lawrence Ave East at Scarborough Golf Club Rd,3,2,1,0.00012605779055298058,0.006055526039571949
8790,St Clair Ave East at Midland Ave,4,2,2,0.00012437928988195764,0.024588214602756286
8791,Varna Dr at Tundra Lane,3,2,1,0.0001637389707152948,0.00010048915355168014
8792,Ormont Dr at Barmac Dr (East),2,1,1,0.00010019674006392316,0.00023723947256486602
8794,Opposite 3030 Birchmount Rd Scarb Hospital Birchmount Campus,2,1,1,0.00011062853171393727,0.013206614206720545
8795,Thirtieth St at Lake Shore Blvd West,0,0,0,1.6598932385570904e-05,0.0
8796,Grantbrook St at Hendon Ave,2,1,1,0.00011062853171393727,0.0011050574009990402
8797,Brown's Line at Valermo Dr,2,1,1,0.00010319556611351044,0.00011768686439039479
8798,Martin Grove Rd at Jeffcoat Dr,2,1,1,7.158432775075936e-05,0.003985538068906848
8799,Kingston Rd at Beechgrove Dr,2,1,1,8.852457734505898e-05,0.002179568977739969
8801,3555 Danforth Ave,2,1,1,6.663268998656838e-05,0.0024448758946438278
8803,Humberwood Blvd at Topbank Dr,2,1,1,0.00011722104180340539,0.004204726712037431
8804,Dupont St at Bartlett Ave,2,1,1,0.00011062853171393727,0.009840963450643885
8805,Arrow Rd at Bartor Rd North Side,3,2,1,0.00018399075810067716,0.0077815057744609
8806,Woodbine Ave at Gerrard St East,2,1,1,0.00011454014026808783,0.0055316886431305825
8807,Opposite 1111 Arrow Rd,2,1,1,0.00011967989381891919,0.005811932865447327
8809,Warden Ave at Sherry Rd,2,1,1,0.0001066646808921516,0.0
8810,Harefield Dr at Elmhurst Dr,2,1,1,9.76368565265651e-05,0.00010048915355168014
8811,Lawrence Ave West at Keele St East Side,4,2,2,0.00012627682999881657,0.019934692996722295
8812,Varna Dr at Rondale Blvd South Side,2,1,1,7.666445591896068e-05,0.0
8814,Danforth Rd at Seminole Ave,2,1,1,0.00010714580642245548,0.000699702254359847
8818,Lawrence Ave East at Greencrest Circt East Side,2,1,1,0.00011540787277343383,0.014459297785488769
8819,Danforth Ave at Byng Ave,2,1,1,0.00013982619069295946,0.011180045578538788
8821,Dundas St West at Wilmar Rd,3,2,1,0.00023645901812125624,0.00789751943080314
8822,Weston Rd at Gunns Rd South Side,2,1,1,0.00014713206111866196,0.00010048915355168014
8823,Finch Ave East at Wayside Ave,2,1,1,9.968167616142539e-05,0.00010048915355168014
8826,Thirtieth St at Lake Shore Blvd West North Side,2,1,1,1.958197256007137e-05,0.005157740237046916
8827,Kipling Ave at Longfield Rd,2,1,1,0.00012127659627065484,0.00040195661420672056
8828,Finch Ave West at Champagne Dr,2,1,1,0.00014883193210903244,0.008175191407911528
8829,Bergamot Ave at Islington Ave,2,1,1,0.00011025113506552155,0.00527076244151425
8830,Markham Rd at Blakemanor Blvd South Side,4,2,2,0.00012131038296914521,0.011220393804055012
8831,Danforth Ave at Chester Ave,2,1,1,0.00011062853171393727,0.020348299431292297
8833,Wilson Ave at Agate Rd West Side,2,1,1,0.0001334956782952424,0.0
8834,Middlefield Rd at Nashdene Rd,2,1,1,0.00011347653212315359,0.005356763079540621
8835,Opposite 4000 Victoria Park Ave,2,1,1,0.00011838016005758336,0.0
8836,Bloor St West at Dovercourt Rd,2,1,1,0.00011062853171393727,0.013716180841447545
8837,Orfus Rd at Dufferin St West Side,2,1,1,1.886387413993912e-05,0.004397330923011485
8838,Markham Rd at Opposite Walkway to Clandfield St,2,1,1,0.00011062853171393727,0.005333900467886006
8840,Bayview Ave at Holmes Ave,2,1,1,0.00010998164956829595,0.007627073585708209
8841,Maple Leaf Dr at Stella St,2,1,1,0.00015209022621350755,0.006135686941726925
8842,Airport Rd at Flight Training Centre,2,1,1,0.0001471870535054707,0.004830923011484475
8843,McLevin Ave at Malvern St West Side,2,1,1,0.0001221811593013271,0.007231217757855359
8844,Yonge St at Steeles Ave West South Side,8,5,3,0.00029017269848930714,0.06106719963163892
8845,Steeles Ave East at Old English Lane,2,1,1,0.00010818561467276891,0.0
8846,130 Milvan Dr,2,1,1,9.271303663257736e-05,0.0010386537643555934
8847,Warden Ave at Upton Rd,2,1,1,0.00011226583865044858,0.00010048915355168014
8848,1120 Tapscott Rd,2,1,1,6.569619243737006e-05,0.00020097830710336028
8849,Gerrard St East at Blantyre Ave East Side,2,1,1,8.275573281195018e-05,0.011892820820537749
8850,Military Trail at Old Kingston Rd,2,1,1,7.597343320743398e-05,0.0011053806890684815
8852,Markham Rd at Finch Ave East,3,1,2,0.00019576214856619004,0.012395837423245973
8853,Davenport Rd at Old Weston Rd East Side,2,1,1,0.0001426202136596695,0.011704989130393214
8854,The Queensway at Windermere Ave,2,1,1,9.239347494485164e-05,0.00438005104210974
8855,Midland Ave at Havendale Rd,2,1,1,0.00011062853171393727,0.006031475967673331
8856,Willowdale Ave at Finch Ave East,2,1,1,9.217727826363496e-05,0.0014313058273075288
8857,Lawrence Ave East at Kingston Rd,3,1,2,0.0001403835668011816,0.0066584609608820325
8860,Dufferin St at Bowie Ave,2,1,1,0.00010304413575611853,0.0
8861,Eglinton Ave West at Opposite Walkway to Rangoon Rd,3,1,2,0.0001039883203855916,0.0017576629625691196
8862,Yonge St at Davenport Rd,2,1,1,0.00010947892910766912,0.0050833156103785625
8863,4121 Lawrence Ave East,2,1,1,9.864787156728852e-05,0.0
8864,225 Carrier Dr,2,1,1,0.0001131968509450253,0.0013476313270948533
8865,Jones Ave at Danforth Ave South Side,2,1,1,9.973429239794863e-05,0.0002950871969374734
8866,Middlefield Rd at Passmore Ave East Side,0,0,0,1.6598932385570904e-05,0.0
8867,Danforth Rd at Eglinton Ave East,3,1,2,0.00011062853171393727,0.00493619736282433
8868,Bathurst St at Queen St West,2,1,1,0.00011150248018646712,0.0
8869,Bathurst St at Wells St,2,1,1,0.00011252476394753679,0.0015860272224585284
8870,Danforth Ave at Broadview Ave,2,1,1,0.00010790225937576926,0.010886533882706583
8871,Steeles Ave West at Highway 27,3,1,2,0.00011211668058749567,0.005233943002977456
8872,Milner Ave at Markham Rd,2,1,1,9.14741281587333e-05,0.0018088047639302424
8874,Woodbine Heights Blvd at Parkview Hill Cres,2,1,1,9.925941355288237e-05,0.0006523819651212251
8875,Dundas St West at East Mall Cres,8,5,3,0.00044847699830016894,0.06731366237545836
8876,Steeles Ave West at Gihon Spring Dr,2,1,1,0.00010697742018594814,0.001885039154887323
8877,Willowdale Ave at Silverview Dr,2,1,1,9.506191455007656e-05,0.0015541259038706933
8878,Finch Ave East at Kenneth Ave,3,2,1,0.00011918154747823573,0.00010048915355168014
8879,Pharmacy Ave at Teesdale Place,2,1,1,0.0001096940209800188,0.0052073585708209275
8880,Humber College Blvd at John Garland Blvd West Side,3,2,1,0.0002421153382129622,0.0062543010239941455
8881,160 Tycos Dr,2,1,1,0.00010397510548415686,0.007569991985666166
8882,Steeles Ave West at Yonge St West Side,5,3,2,0.00013757146995498103,0.02489031321764879
8884,Symington Ave at Wallace Ave,2,1,1,0.00011361934404578285,0.010650204180895127
8886,Oakwood Ave at Clovelly Ave,3,2,1,0.00020658552912772055,0.013312813221460018
8887,105 Nugget Ave,2,1,1,6.491264002232276e-05,0.007787129590245284
8888,King St West at Shaw St,2,1,1,0.00015401195795596346,0.004860858292495026
8889,Opposite 200 Brockport Dr,2,1,1,0.00010811313657157581,0.0003965068056146321
8890,Gentian Dr at Sagamore Cres,2,1,1,0.0001188432241731863,0.002311250531688643
8891,Glenorchy Rd at Saintfield Ave North Side,2,1,1,9.771071556150134e-05,0.007152756679022098
8892,Sheppard Ave East at Opposite Walkway to Winstanly Cres,2,1,1,0.00012152117696427234,0.0
8893,McNicoll Ave at McCowan Rd,2,1,1,0.00011025113506552155,0.004071760243867858
8894,Wilmington Ave at Sheppard Ave West,2,1,1,8.399216598875068e-05,0.007453211399404509
8895,Victoria Park Ave at Ivordale Cres (South),2,1,1,0.00011108996228132952,0.00020097830710336028
8897,Vaughan Rd at Kenwood Ave,2,1,1,0.00010040664805920145,0.008277752202609906
8899,Sherbourne St at Front St East,2,1,1,0.00010472599346980489,0.0034166312207571247
8900,Bayview Ave at Empress Ave South Side,2,1,1,0.0001102415702925872,0.007124627817949809
8902,Garratt Blvd at Regent Rd South Side,2,1,1,9.749879091157726e-05,0.000951545441656033
8903,Steeprock Dr at Chesswood Dr,2,1,1,7.272762168021045e-05,0.0015017545725223309
8904,Steeles Ave East at Milliken Go Station,3,2,1,0.00019199292454796533,0.015655777728698826
8905,Donlands Ave at Cosburn Ave,2,1,1,0.0001062046061571314,0.0019557280589819932
8906,Finch Ave East at Middlefield Rd,2,1,1,0.0001532557888198534,0.0014710938607684675
8907,Rexdale Blvd at Brydon Dr,2,1,1,0.0001052229679646528,0.00567271905572097
8909,Jones Ave at Boultbee Ave,2,1,1,8.744859401374453e-05,0.0007975329646958741
8910,Parliament St at Shuter St,2,1,1,9.87352068729552e-05,0.005342215366513537
8911,King St West at Dunn Ave,2,1,1,0.00011915278880947775,0.004976228408212138
8912,Birchmount Rd at Parnell Ave,2,1,1,6.131127170743384e-05,0.0005178647384091876
8913,Sheppard Ave East at Midland Ave,2,1,1,0.00011432141949856129,0.0
8914,Keele St at Sheppard Ave West North Side,4,2,2,0.00012517872940121438,0.019550966234352565
8915,The East Mall at West Deane Valley Rd,2,1,1,0.00011393767677747962,0.0053737771161208
8916,Eglinton Ave West at Caledonia Rd,2,1,1,0.0001006061046934026,0.017657036721696703
8918,Martin Grove Rd at Royalcrest Rd,2,1,1,0.00012320352867177008,0.0026874459321452283
8919,1816 Lake Shore Blvd East,3,2,1,0.00013430197456977208,0.006637069332199064
8920,Don Mills Rd at Cliffwood Rd (North),2,1,1,9.013182837559966e-05,0.00020097830710336028
8921,The East Mall at Capri Rd,2,1,1,0.00011004532896912366,0.004871331348362399
8923,Warden Ave at Sherwood Ave South Side,2,1,1,0.0001048685999764922,0.00040195661420672056
8925,College St at Bay St,2,1,1,0.00011062853171393727,0.003974230787069449
8926,Steeles Ave East at Shadlock St,2,1,1,0.00010416157796469484,0.007397589723594615
8927,Finch Ave East at Bayview Ave,4,2,2,0.00016464780191186156,0.017099001495802416
8929,Opposite 1750 Brimley Rd,2,1,1,5.3795651745154836e-05,0.002009783071033603
8930,King St West at Atlantic Ave,2,1,1,0.00016177988200985813,0.00571633899944991
8931,Bathurst St at King St West,2,1,1,0.00011108662275171241,0.0006681883089262928
8932,Ellesmere Rd at Pharmacy Ave,3,2,1,0.00011942192053814664,0.1129118591583393
8933,Birchmount Rd at Lawrence Ave East,2,1,1,0.00011062853171393727,0.001321990642279881
8934,McLevin Ave at Fawcett Trail West Side,2,1,1,9.827270574355116e-05,0.004273345221346072
8935,McCowan Rd at Alton Towers Cir (South),2,1,1,0.00014069421450222714,0.010388664398128456
8936,Pape Ave at Floyd Ave,2,1,1,0.00011062853171393727,0.013347108442387047
8937,Bathurst St at Dupont St,2,1,1,0.00011227878006194903,0.0014855380689068481
8938,Yonge St at Scollard St,2,1,1,0.00011039530464268665,0.006421735431731179
8939,Pharmacy Ave at McNicoll Ave,2,1,1,0.00011062853171393727,0.0010048915355168014
8941,Lake Shore Blvd West at Thirteenth St,2,1,1,0.00011035782292682721,0.005204639655851905
8942,Sheppard Ave East at Parkway Forest Dr East Side,6,5,1,0.00017632865520224758,0.02230620374374245
8943,620 Evans Ave,2,1,1,0.00023208084026639595,0.009566142067205442
8944,Brimley Rd at Sheppard Ave East,2,1,1,0.00011062853171393727,0.0
8945,Bathurst St at Townsgate Dr,2,1,1,5.852515322506117e-05,0.002813696299447044
8946,Harefield Dr at Hinton Rd,2,1,1,0.00012232101333400545,0.00030944279030199913
8947,The East Mall at Burnhamthorpe Rd,2,1,1,9.68422647527088e-05,0.0033476616606135956
8948,Broadview Ave at Cosburn Ave North Side,4,2,2,0.00016353825871662564,0.04875491313592122
8949,Davenport Rd at Dartnell Ave East Side,2,1,1,0.0001021909468154501,0.006953264940079061
8950,Kennedy Rd at Kenmark Blvd,2,1,1,5.953399495874686e-05,0.011565126003008791
8951,49 Thorncliffe Park Dr,2,1,1,9.360976327729662e-05,0.01163403744100788
8952,Opposite 1859 Kingston Rd,2,1,1,6.721284682091492e-05,0.0014100534726863949
8954,Lynedock Cres at Roywood Dr,2,1,1,8.361021930932054e-05,0.0018082757470893386
8955,Dufferin St at Eversfield Rd South Side,2,1,1,0.00010271806834928371,0.0
8956,Markham Rd at Rochman Blvd South Side,2,1,1,0.00012110612721085139,0.00010048915355168014
8957,Dupont St at Lansdowne Ave,2,1,1,0.00011062853171393727,0.0031588031279651866
8958,Horner Ave at Alderbrae Ave,2,1,1,5.070440519043626e-05,0.00030040408336877927
8959,Burnhamthorpe Rd at Silver Shadow Path,2,1,1,0.00011062853171393727,0.0060288175244576775
8960,Lawrence Ave East at The Donway West,2,1,1,5.031836231207667e-05,0.004668568086528529
8961,Neilson Rd at Sheppard Ave East,2,1,1,0.00010170577369256721,0.002210723477514206
8962,Royal York Rd at La Rose Ave,2,1,1,6.719218382922367e-05,0.0012850914504466185
8963,Sheppard Ave West at Banting Ave,5,2,3,0.00019893352705068287,0.005913382856332665
8964,1120 Birchmount Rd,2,1,1,0.00011062853171393727,0.0008195448745214803
8965,Bloor St East at Sherbourne St,2,1,1,0.00010243478689737269,0.010484577268499863
8966,Don Mills Rd at McNicoll Ave,4,2,2,0.00014043190651173945,0.02732948220264777
8968,Wellesworth Dr at Torrington Dr,2,1,1,0.00011119034887241671,0.001406848149723522
8969,Jane St at Wilson Ave North Side,4,2,2,0.00014723474012614217,0.0253474701732413
8970,Islington Ave at Milady Rd,2,1,1,0.00010583021008919635,0.0022890270540904577
8971,Brimley Rd at Brimorton Dr,2,1,1,0.00010039945644751584,0.0003014674606550404
8972,Jones Ave at Myrtle Ave,2,1,1,8.362345586056583e-05,0.0008980221182475543
8973,Bayview Ave at Valley Rd,2,1,1,0.00011062853171393727,0.005918757975329647
8974,Crow Trail at Carrying Pl,2,1,1,8.930887673608056e-05,0.0005872501063377287
8975,Victoria Park Ave at Ernest Ave,2,1,1,0.00010744592551395948,0.00416824907334265
8976,Lake Shore Blvd West at Superior Ave,2,1,1,0.00011036692399246119,0.004199748120335104
8978,O'Connor Dr at Milton Rd West Side,2,1,1,7.070134692890592e-05,0.00957528570386458
8981,Steeles Ave West at Tandem Rd,3,2,1,0.00016953120150378753,0.022499043545168993
8982,Mortimer Ave at Broadview Ave East Side,2,1,1,3.572747465300609e-05,0.003533005595000491
8983,Bathurst St at Glengrove Ave,2,1,1,0.00010722314649469508,0.005304657592513824
8984,Bellamy Rd North at Eglinton Ave East  - Eglinton GO Station,2,1,1,0.00011062853171393727,0.004738409187579754
8987,Avenue Rd at Brooke Ave,2,1,1,0.00011062853171393727,0.001406848149723522
8988,Kingston Rd at Manderley Dr,3,1,2,0.00017942617121168296,0.0012340645318101718
8989,Leslie St at Thorny Vineway (South) North Side,2,1,1,0.00011154654812838921,0.0014095065929391748
8990,Opposite 900 The East Mall,2,1,1,0.00011062853171393727,0.0025437484322001548
8991,Dundas St West at Humberside Ave,2,1,1,0.00011054118663800418,0.003908289305782534
8992,Huntingwood Dr at Harfleur Rd,2,1,1,9.793573381922327e-05,0.0014346022968949382
8993,Finch Ave East at Bridletowne Circle (West),2,1,1,9.430125893556733e-05,0.00010048915355168014
8994,Bathurst St at Douglas Ave,2,1,1,0.0001167947422598433,0.0012090599744789452
8995,Neilson Rd at Military Trail South Side,2,1,1,0.00010608817167109428,0.0078123227704522905
8996,Concorde Pl at McDonald's Pl,3,1,2,0.00016899595492164915,0.0067317099106763085
8997,Maple Leaf Dr at Liscombe Rd,2,1,1,0.00010609298389160148,0.00673277328796257
8999,Bayview Ave at Sheppard Ave East - Bayview Station,2,1,1,0.00011062853171393727,0.006722671203743088
9000,St Clair Ave East at Linden Ave - Scarborough GO Station,2,1,1,0.0001211025065822733,0.0
9001,Christie St at St Clair Ave West,2,1,1,0.00011062853171393727,0.0001047426626967248
9003,Dundas St West at Pacific Ave,2,1,1,0.0001256682543882343,0.013117424198353558
9004,Opposite 4981 Bathurst St,2,1,1,0.00014537107162895555,0.0033794130157379838
9005,The Westway at Trehorne Dr,2,1,1,0.00011203692237658747,0.00010048915355168014
9006,Parliament St at Dundas St East,2,1,1,9.826133218018273e-05,0.0009716989730813635
9008,Airport Rd at American Dr,2,1,1,0.00014169927311047715,0.004730433857932794
9009,Jane St at Dundas St West South Side,4,2,2,0.0001539398231336268,0.03705195723452474
9010,Eglinton Ave West at Bathurst St,2,1,1,9.033592848841645e-05,0.014995598520746344
9011,Kipling Ave at Warnica Ave,2,1,1,0.00010816792514525451,0.0
9012,Pelmo Cres at Longview Dr,2,1,1,9.044808947268103e-05,0.0004637447421900846
9013,Christie St at Davenport Rd,2,1,1,0.00011062853171393727,0.0004062101233517652
9015,The West Mall at Burnhamthorpe Rd,2,1,1,0.00011062853171393727,0.0008039132284134411
9016,Evans Ave at Carnarvon Ave,2,1,1,5.224970706948406e-05,0.001399404508719694
9017,Pharmacy Ave at Dewey Dr,2,1,1,0.0001086654560737409,0.007133134836239898
9018,Gerrard St East at Main St,2,1,1,0.00010121298856458508,0.011063164221288424
9019,Kennedy Rd at Collingwood St,2,1,1,9.159790577282936e-05,0.0019092939174819227
9021,Finch Ave West at Tobermory Dr,2,1,1,6.906427441554045e-05,0.006180104464159121
9022,Dufferin St at Hope St,2,1,1,9.19065332613721e-05,0.0
9023,Dufferin St at Whitley Ave,2,1,1,0.00013514196952808523,0.00010048915355168014
9024,Jane St at Raven Rd North Side,2,1,1,9.966942792989284e-05,0.0
9025,Bloor St West at Mill Rd,2,1,1,8.098482077486936e-05,0.0059363037005529555
9026,Curity Ave at O'Connor Dr North Side,2,1,1,7.171644361522787e-05,0.002559761803487878
9027,Coxwell Ave at Eastwood Rd,2,1,1,9.206132865979564e-05,0.014202822645240764
9028,Lake Shore Blvd West at Long Branch Ave,2,1,1,0.00012921658261840535,0.006010562881043528
9029,St Clair Ave West at Symes Rd,2,1,1,7.670066700895598e-05,0.0023095800615630735
9030,Bayview Ave at Kilgour Rd - CNIB,2,1,1,9.882189503539575e-05,0.004935430212067813
9031,Bay St at Wellesley St West South Side,2,1,1,0.0001001000802866273,0.004276310111639204
9032,Harbord St at Bathurst St,2,1,1,9.784295265874286e-05,0.0031779767446505004
9033,Dundas St West at Windermere Ave,2,1,1,0.00011382366864701559,0.007157970292596656
9034,Broadview Ave at Cosburn Ave South Side,5,3,2,0.0003039064271531618,0.04825488288839668
9035,60 Southport St,2,1,1,9.968833376565545e-05,0.0018944066354742663
9036,Midland Ave at Marcos Blvd,2,1,1,7.941888812459724e-05,0.0032018290089323694
9037,689 Warden Ave,4,1,3,0.00012858677275159156,0.01702100409456322
9038,Middlefield Rd at Compass Crt,2,1,1,5.296109437735127e-05,0.008777736424216644
9039,Highland Ave at Glen Rd,2,1,1,0.00011062853171393727,8.507018290089324e-06
9040,Nugget Ave at Shorting Rd,2,1,1,7.675898627558089e-05,0.007586151283141924
9041,Sheppard Ave West at Magellan Dr,2,1,1,9.889838069707899e-05,0.0
9042,Flemington Rd at Stockton Rd North Side,2,1,1,8.519525133623404e-05,0.00020097830710336028
9043,Humberline Dr at Finch Ave West South Side,2,1,1,0.00011062853171393727,0.00946777966822629
9044,Yonge Blvd at Wilson Ave,2,1,1,7.471743979790268e-05,0.0
9045,Pharmacy Ave at Eglinton Ave East,3,1,2,0.00011062853171393727,0.0039009995746490857
9047,Steeles Ave West at Klondike Dr,3,1,2,0.00018704842102152313,0.00928102879620361
9048,Bloor St West at Spadina Rd,2,1,1,0.00010849557108247418,0.009781153193638101
9049,100 Wynford Dr (Bell Canada),2,1,1,8.206960086600283e-05,0.0006029349213100808
9050,Queen St East at Parliament St,2,1,1,8.43347365917506e-05,0.006656269107955172
9051,Horner Ave at Thirtieth St,2,1,1,9.899460066899087e-05,0.0004715014887282008
9052,1111 Arrow Rd,3,1,2,5.477162822337515e-05,0.0071785708531508195
9053,Millwood Rd at McRae Dr,3,2,1,7.649628184945184e-05,0.007940854702153092
9054,Victoria Park Ave at Pachino Blvd North Side,4,2,2,0.00011469654666620231,0.02986529727162823
9055,5310 Finch Ave East,2,1,1,0.00016482971296273227,0.0016720721678718277
9057,Brimley Rd at Eagledance Dr,2,1,1,0.00011062853171393727,0.00020097830710336028
9058,Varna Dr at Tundra Lane,2,1,1,0.00010380712918469195,0.003919076988515525
9059,Bannatyne Dr at Riderwood Dr,2,1,1,5.933877661432575e-05,0.0016073562196349677
9060,McCowan Rd at Pitfield Rd,2,1,1,0.00026400401552178164,0.00403845628000243
9062,Dufferin St at Melbourne Ave,2,1,1,9.404716534134542e-05,0.0
9063,Markham Rd at Greencedar Circt,2,1,1,0.00011205741961919647,0.00010048915355168014
9064,Dupont St at Kendal Ave,2,1,1,0.00011062853171393727,0.008936561068678763
9066,3030 Birchmount Rd - Scarborough Health Network Birchmount H,2,1,1,0.00013634703908328157,0.0034322628668651636
9068,Maniza Rd at Powell Rd,2,1,1,7.642392921499347e-05,0.001554480362966114
9070,Runnymede Loop at Dundas St West,2,1,1,6.069696858344627e-05,0.001107507443641004
9071,Shorncliffe Rd at Dundas St West South Side,2,1,1,8.117630406848266e-05,0.0019755713236147094
9072,Lawrence Ave West at Duval Dr,2,1,1,0.00011675412985580992,0.0
9073,Steeles Ave East at Conacher Dr,2,1,1,0.00010944540187247232,0.0005024457677584007
9074,Wilson Ave at Apex Lane,2,1,1,0.00017837998181312686,0.004737877498936623
9075,Roselawn Ave at Bathurst St East Side,3,2,1,0.00011963007813164104,0.01895879546271035
9076,Cactus Ave at Green Bush Rd West Side,2,1,1,0.00011062853171393727,0.0021038919608677158
9077,St Clair Ave East at Santamonica Blvd,5,1,4,0.0002965601403211789,0.011534248883744392
9078,West Mall Cres at The West Mall West Side,3,2,1,0.00013812513792116587,0.01652189013597508
9080,Jones Ave at Strathcona Ave,3,2,1,0.0001205646084802195,0.017381310286747362
9081,Dufferin St at Auburn Ave,2,1,1,8.741032153328801e-05,0.0
9082,Steeles Ave West at Markbrook Lane,2,1,1,0.0001097872344907013,0.001583571694232283
9083,Parliament St at Howard St South Side,3,2,1,0.00017643048224762198,0.0064508241652010264
9085,Midland Ave at Midland Station,2,1,1,0.00010646576490850465,0.002196937473415568
9086,McCowan Rd at Bellechasse St North Side,2,1,1,0.0001101912971499245,0.005233411314334326
9087,Sheppard Ave East at Gateforth Dr,4,2,2,0.00020721065512015654,0.008732684592994346
9088,Scarlett Rd at Chapman Rd North Side,2,1,1,9.886320935751004e-05,0.0007502126754572523
9089,Lansdowne Ave at Bloor St West,2,1,1,0.00011062853171393727,0.003718098681412165
9090,781 Warden Ave,2,1,1,0.00011005038637816453,0.0
9091,Milner Ave at Scunthorpe Rd,2,1,1,0.00010040490362294539,0.0007885022731693344
9092,Davenport Rd at Lansdowne Ave,2,1,1,6.57284203515859e-05,0.00331970475292466
9093,Jones Ave at Myrtle Ave South Side,2,1,1,0.00011586928488981164,0.017079842826092324
9094,Alness St at Dolomite Dr,2,1,1,0.00011062853171393727,0.00019539557635048915
9096,12 Thorncliffe Park Dr,2,1,1,9.86744610723383e-05,0.0
9097,McCowan Rd at Devonshire Ave,2,1,1,0.00011062853171393727,0.009545937898766482
9099,Sentinel Rd at Lamberton Blvd,2,1,1,9.638709431339655e-05,0.0004928753721820502
9100,Broadview Ave at Chester Hill Rd,2,1,1,0.00027919869990868193,0.033721038781631484
9101,1165 Leslie St,2,1,1,0.00010364703049359065,0.002659949666808451
9102,Dixon Rd at Carlingview Dr,4,1,3,0.00015274503341108618,0.01880779682476765
9103,Brimley Rd at Steeles Ave East South Side,2,1,1,3.070777245783657e-05,0.0
9104,Bloor St West at Peacock Ave,2,1,1,6.201418128851327e-05,0.0014988302849851128
9105,Milner Ave at Novopharm Crt,2,1,1,0.00011062853171393727,0.0002158655891110166
9106,Clonmore Dr at Queensbury Ave,2,1,1,9.35197938710864e-05,0.011591353359882709
9107,Neilson Rd at Military Trail,2,1,1,9.517389321139289e-05,0.002612680091720926
9108,Keele St at George Appleton Way,2,1,1,0.00010564734126232317,0.0
9109,Broadview Ave at Bater Ave,3,1,2,0.00016312836992906694,0.03285000264870533
9111,Runnymede Rd at Mac Gregor Ave,2,1,1,0.0001403731988985352,0.0031109102509570396
9112,Lake Shore Blvd West at Burlington St,3,2,1,0.00015632099336400002,0.003880356784775728
9113,Bathurst St at Burton Rd,2,1,1,0.00011099062071686099,0.0007821139940450872
9114,Lake Shore Blvd West at Legion Rd,2,1,1,0.00011171777851158774,0.0024443543744538786
9115,Hullmar Dr at Ruthmar Cres (South),2,1,1,7.049177832351474e-05,0.000759056429887991
9116,Lumsden Ave at Main St,2,1,1,0.000109415711710464,0.0015073373032752021
9118,Islington Ave at The Westway,4,2,2,0.00012030514506473002,0.007679557900893236
9119,Brimley Rd at Huntingwood Dr,2,1,1,9.389848426262314e-05,0.0012058698426201616
9120,Christie Station North Side,2,1,1,9.962855283441498e-05,0.001009145044661846
9121,Faywood Blvd at Joel Swirsky Blvd South Side,2,1,1,9.316576934745806e-05,0.007151743938749468
9122,Sheppard Ave East at Harrisfarm Gate,2,1,1,9.574577108786457e-05,0.0
9123,Victoria Park Ave at Eglinton Sq,4,2,2,0.00011942078000992768,0.03132892860874425
9124,Don Mills Rd at Eglinton Ave East South Side,5,4,1,0.00019758331875641553,0.04353429230475114
9126,Humber College Blvd at Westmore Dr - William Osler Health,3,2,1,0.0002251968182882883,0.07385561227051825
9127,Kingston Rd at Bingham Ave,2,1,1,2.112236584049749e-05,0.0031874734155678437
9128,Martin Ross Ave at Flint Rd East Side,2,1,1,8.568164900073292e-05,0.0015073373032752021
9129,Yonge St at Manor Rd East,3,1,2,0.0001273268715518184,0.009047657025379272
9130,Danforth Rd at Linden Ave,2,1,1,9.730540833565319e-05,0.00660149007852113
9131,Park Lane Cir at Post Rd,2,1,1,0.00010162965804178117,0.006750800064815377
9133,Lake Shore Blvd West at Legion Rd,2,1,1,0.00011062853171393727,0.0038982806596800645
9134,Runnymede Rd at Annette St,2,1,1,0.00013331673472896178,0.0023069970225435984
9135,740 Ellesmere Rd at Mondeo Dr,2,1,1,0.00011300841558297718,0.00010048915355168014
9136,Danforth Ave at Westlake Ave,2,1,1,0.00010840192177865093,0.0111848954053053
9138,Senlac Rd at York Cemetery,2,1,1,0.00011062853171393727,0.005034028073160357
9139,Willowdale Ave at Steeles Ave East South Side,2,1,1,5.768682452865189e-05,0.0023580391322841343
9140,Sheppard Ave East at Harrisfarm Gate,2,1,1,0.00011535136245418041,0.00020097830710336028
9142,Parkview Hill Cres at Elswick Rd,2,1,1,7.776225834771805e-05,0.001355806039982986
9144,Shaw St at Adelaide St West,3,2,1,0.00013594546619418574,0.004418193486827774
9145,Bloor St West at Koos Rd,2,1,1,0.00010496758198770098,0.004931412165036154
9146,Queen St East at Sherbourne St,2,1,1,8.999228455521533e-05,0.006455290800851812
9147,Islington Ave at Fordwich Cres,2,1,1,8.925512093887168e-05,0.003193429436055579
9148,Thorncliffe Park Dr East at Overlea Blvd South Side,2,1,1,8.541705722373472e-05,0.0005024457677584007
9149,Finch Ave East at Midland Ave,4,2,2,0.0001709721723234147,0.012382744931234937
9151,York Mills Rd at Don Mills Rd,4,2,2,0.00010508653225018403,0.11866664916440718
9152,Kingston Rd at Choiceland Blvd,2,1,1,0.00012164218555113504,0.0012322770452289802
9154,Dufferin St at Supertest Rd,2,1,1,0.00011530619589254055,0.003056382626778204
9155,Middlefield Rd at Opposite Walkway to Buckhurst Cres,2,1,1,6.115104873257685e-05,0.008677247270664965
9156,Warden Ave at Alden Rd South Side,2,1,1,0.00011062853171393727,0.0052238409187579755
9157,The Queensway at Kipling Ave,2,1,1,9.787335150507277e-05,0.005031034886080002
9158,Steeles Ave East at Firebrace Rd West Side,2,1,1,0.0001435999064031139,0.0
9159,Weston Rd at Seneca Ave,2,1,1,9.090159281979112e-05,0.0
9160,Attwell Dr at Disco Rd North Side,2,1,1,6.095871919874825e-05,0.004022209649405653
9161,Atkinson Ave at Clark Ave West,2,1,1,0.00011062853171393727,0.000703424074861761
9162,59 Lawson Rd,2,1,1,9.198089000251596e-05,0.000703424074861761
9163,Queen's Plate Dr at Highway 27,2,1,1,7.372760084198974e-05,0.0018381805614632071
9164,Finch Ave East at Brahms Ave,2,1,1,9.354224424112299e-05,0.00020097830710336028
9165,McNicoll Ave at Shady Hollow Dr West Side,2,1,1,0.00011001246522488725,0.004373227704522899
9166,4400 Dufferin St,2,1,1,0.00018858409668941344,0.012133371142303513
9169,150 Neptune Dr,2,1,1,0.0001219188957641491,0.000703424074861761
9170,211 The West Mall,2,1,1,8.149934774262575e-05,0.0032065213758745003
9172,Lawrence Ave West at Dufferin St,4,2,2,0.00019598947481729316,0.01883790161109105
9173,St Clair Ave West at Tweedsmuir Ave West Side,5,2,3,0.0001858074643914836,0.007515954890149677
9174,St Clair Ave East at Danforth Rd,4,2,2,0.00014050548800640343,0.018010903414960203
9176,York Mills Rd at Valentine Dr,2,1,1,0.0001412096024870192,0.02524431228224268
9177,Bathurst St at Mascot Pl,2,1,1,0.0001362892715317935,0.0030779455550829435
9178,Don Mills Rd at Legato Crt,2,1,1,8.924233405157114e-05,0.0003014674606550404
9179,McCowan Rd at Hurley Cres South Side,2,1,1,0.00010037353655133359,0.001604104636324968
9180,Upper Highland Cres at Owen Blvd,2,1,1,5.326266018579411e-05,0.0032156529136537645
9181,Lawson Rd at Port Union Rd,2,1,1,0.00011062853171393727,0.0
9182,Warden Ave at Eglinton Ave East,3,1,2,0.00012022522773128883,0.001681276081242737
9183,Sheppard Ave East at Neilson Rd,4,2,2,0.00011733129518427465,0.005419232325001461
9186,Sandra Rd at O'Connor Dr,2,1,1,0.00010272758806607304,0.0003509145044661846
9187,Royal York Rd at Norseman St,2,1,1,0.00010951148161977492,0.0011000638026371758
9188,Sheppard Ave East at Reidmount Ave - Agincourt GO Station,3,1,2,0.00013922030517274757,0.05037296846300898
9190,Wilson Ave at Avenue Rd,4,2,2,0.00018639789525400402,0.1552130177615963
9191,Bayview Ave at Sheppard Ave East North Side - Bayview Statio,2,1,1,0.00010196407077808049,0.004560259312146806
9192,Park Lawn Rd at Kinsdale Blvd North Side,2,1,1,0.00010647414786540868,0.004408230540195662
9193,Humberwood Blvd at Topbank Dr North Side,2,1,1,0.00015230412784736353,0.0019287060913795548
9194,Yonge St at St Edmund's Dr,2,1,1,0.00010410341386698905,0.006933556642563448
9195,Morningside Ave at Ellesmere Rd,4,2,2,0.0001688684358379262,0.005310716159716584
9196,Scarlett Rd at Saxony Cres,2,1,1,8.152110741063134e-05,0.0019010970509003263
9198,Albion Rd at Armel Crt,4,2,2,0.00022746783453309941,0.1129526793440524
9199,St Regis Cres (South) at Bakersfield St West Side,2,1,1,8.4193050059523e-05,0.0001146320714589536
9200,Don Mills Rd at St Dennis Dr - Ontario Science Centre,4,3,1,0.00015897530151563543,0.05181997974200761
9201,Progress Ave at William Kitchen Rd,2,1,1,5.193679723619929e-05,0.0005013823904721395
9202,Rogers Rd at Oakwood Ave,2,1,1,0.00010070978130963804,0.007967965218856374
9203,Islington Ave at Millwick Dr,2,1,1,0.00011062853171393727,0.0019875595934354174
9205,Humber College Blvd at Lynmont Rd,2,1,1,0.000222531529693181,0.006153811870442465
9206,McRae Dr at Laird Dr West Side,2,1,1,7.888190733592728e-05,0.0024158336877924285
9207,Keele St at Toro Rd,3,2,1,0.00017795002471767034,0.0017874992404447957
9209,Christie St at Melita Ave,2,1,1,0.00011062853171393727,0.0005066992769034454
9210,Le Page Crt at Ceramic Rd,2,1,1,5.877124193103e-05,0.0005165886856656742
9212,Brimley Rd at McNicoll Ave,2,1,1,0.00011062853171393727,0.0006029349213100808
9213,Keele St at Beechborough Ave,4,3,1,0.00014616822837922936,0.02590981476597553
9214,Woodbine Ave at Milverton Blvd,2,1,1,0.00011301588324008966,0.003457248329084782
9215,Humberline Dr at Holyoake Cres (East),3,1,2,0.00019911296287054834,0.010994529145399124
9217,Christie St at Dupont St,2,1,1,0.00011062853171393727,0.0006071884304551255
9218,Meadowvale Rd at Euclid Ave,2,1,1,0.0001280466709522845,0.0015337445058840207
9219,Progress Ave at Kennedy Rd East Side,2,1,1,4.344537649030913e-05,0.0006018715440238196
9220,Warden Ave at Comstock Rd,4,2,2,0.00012072215211705103,0.006109811427761237
9221,Kingston Rd at Pine Ridge Dr,2,1,1,0.00010672189988867036,0.00020091952745437096
9222,McNicoll Ave at White Heather Blvd,2,1,1,0.00011062853171393727,0.004971820501914079
9223,Flemington Rd at Dynasty Lane,2,1,1,7.547474879050129e-05,0.00040195661420672056
9224,O'Connor Dr at Woodvale Cres,2,1,1,0.00019575444850572054,0.01385015100940832
9225,John Garland Blvd at Martin Grove Rd East Side,2,1,1,5.060378097382529e-05,0.004157223263832791
9226,Prince Edward Dr South at Ashton Manor,2,1,1,0.00012187221707278642,0.01220261563546336
9227,Rogers Rd at Boon Ave,2,1,1,9.315447242634994e-05,0.008369921833063095
9228,Opposite 2002-2012 Sheppard Ave West,2,1,1,0.0002165519938055471,0.0024256898008097653
9229,St Clair Ave West at Deer Park Cres West Side,2,1,1,0.00013071503674618967,0.0004888877073585708
9231,8800 Sheppard Ave East,2,1,1,0.00012952912948903744,0.0016851829842953769
9232,Don Mills Rd at Duncan Mill Rd South Side,4,2,2,0.00017464401889288598,0.034632716057661564
9233,2265 Jane St,3,2,1,0.00017822849829943137,0.0020927973911810576
9234,Gulliver Rd at Keele St,2,1,1,0.00011062853171393727,0.004728838792003403
9235,Kennedy Rd at Ellesmere Rd,2,1,1,0.00016847879125503595,0.010964639856899801
9236,Weston Rd at McCormack St,2,1,1,8.329526186311308e-05,0.00020097830710336028
9239,Albion Rd at Armel Crt,3,1,2,0.00013748706732953037,0.07582639929938723
9240,Islington Ave at Bywood Dr,2,1,1,0.00011024545678196094,0.0003014674606550404
9241,Lansdowne Ave at Rideau Ave,2,1,1,0.00011062853171393727,0.0024117396852403232
9242,Weston Rd at Cardell Ave,2,1,1,0.00012144117823170583,0.0
9244,Morningview Trail at Rangeley Dr,2,1,1,6.473862282890808e-05,0.002695386714873104
9245,1300 Ellesmere Rd,2,1,1,8.823445691904188e-05,0.00020097830710336028
9246,Martin Grove Rd at Eglinton Ave West,2,1,1,0.00010550305815943851,0.007285394578174708
9247,St Clair Ave West at Dunvegan Rd West Side,2,1,1,0.00011561678402895035,0.0
9248,110 Morningview Trail,2,1,1,7.183207674270151e-05,0.002594897561321424
9249,Ossington Ave at Leeds St,3,2,1,0.0001510873860969914,0.005083561323831422
9250,Wilson Heights Blvd at Brighton Ave,2,1,1,6.874806331997265e-05,0.007240354329312836
9251,Lawrence Ave East at Midland Ave West Side,3,2,1,9.366844571759067e-05,0.008400647492626197
9252,Royal York Rd at York View Dr,2,1,1,0.00010994293722525273,0.0007985963419821353
9253,Rossdean Dr at Steeles Ave West South Side,2,1,1,8.13506850025373e-05,0.005734793704806467
9254,Victoria Park Ave at Steeles Ave East,3,2,1,0.00011952998642887614,0.007695945793537243
9255,Sheppard Ave East at Grand River Blvd South Side,2,1,1,9.605578002060437e-05,0.0016200552956188857
9257,Laird Dr at Lea Ave,2,1,1,0.00011242367263036951,0.010874603933568209
9258,Weston Rd at Ormont Dr,4,2,2,0.00011562734473625946,0.01101855593230825
9259,McNicoll Ave at Harold Evans Cres,2,1,1,0.00010990351861983193,0.006982755565007798
9260,Wellesley St West at Queen's Park Cres East,2,1,1,7.974012319476e-05,0.003780911665960581
9261,Midland Ave at Finch Ave East,2,1,1,8.484495738299226e-05,0.0028430892482265613
9263,The East Mall at Burnhamthorpe Rd South Side,4,3,1,0.00013967463391139793,0.011989166897786226
9264,Anglesey Blvd at The Kingsway,2,1,1,5.4043052174715744e-05,0.000916808450304835
9266,Davenport Rd at Caledonia Park Rd,2,1,1,8.922678460168538e-05,0.0072787750281314055
9267,Victoria Park Ave at Stamford Sq,2,1,1,0.00011772578997805739,0.0005024457677584007
9269,Huntingwood Rd at Ridgecrest Dr,2,1,1,0.00011062853171393727,0.0004273890543031334
9270,Lawrence Ave at Yonge St - Lawrence Station,4,1,3,0.0001305129565564516,0.007020324431346337
9271,Keele St at Humberside Ave,2,1,1,0.00016811621785073878,0.0006029349213100808
9272,McCowan Rd at Castlemore Ave,2,1,1,0.00011062853171393727,0.007922160782645684
9273,Birchmount Rd at Flora Dr,2,1,1,0.00011062853171393727,0.0011210123351765207
9274,Burnhamthorpe Rd at Dundas St West North Side,2,1,1,0.00011037728795037038,0.0030986814121650363
9275,Finchdene Sq (East) at Finchdene Sq (South),2,1,1,0.00010206059184718103,0.00027328796256911956
9276,Sutherland Dr at Bayview Ave East Side,2,1,1,8.787599547503572e-05,0.010683252454029584
9278,Weston Rd at Dennis Ave,3,2,1,0.00018210006881146738,0.006001567454766345
9279,Sheppard Ave East at Parkway Forest Dr West Side,6,1,5,0.0001418094384932751,0.02093377752263149
9280,Ameer Ave at Ranee Ave,2,1,1,0.00011062853171393727,0.00040195661420672056
9281,Kingston Rd at Pine Ridge Dr,2,1,1,0.0001301363681423763,0.00020097830710336028
9282,The Westway at Fulford Pl,2,1,1,0.00011380954283800635,0.0006029349213100808
9283,Bayview Ave at Garnier Crt,2,1,1,0.00011062853171393727,0.003153411162423285
9284,Eglinton Ave East at Credit Union Dr,2,1,1,9.080570664610793e-05,0.006424858586145287
9285,St Clair Ave East at Victoria Park Ave East Side,2,1,1,6.970742635803434e-05,0.008870870551538351
9286,Meadowvale Rd at Sheppard Ave East,3,1,2,0.00010176610992488862,0.0006849922018999007
9287,Caledonia Rd at Kitchener Ave,2,1,1,0.00011048279391903006,0.005426414291790728
9288,Albion Rd at Islington Ave,2,1,1,0.00011062853171393727,0.009553381539770311
9289,Steeles Ave West at Dufferin St,4,2,2,0.00013095593726815573,0.005288816646749444
9291,St Clair Ave East at Brimley Rd,4,2,2,0.00011802640381354965,0.02428674714210125
9292,Warden Ave at Major Mackenzie Dr East,2,1,1,0.00011062853171393727,0.006831667375584858
9293,St Clair Ave East at North Woodrow Blvd,2,1,1,0.00018072461916041172,0.0068137132960512095
9294,Coxwell Ave at Dundas St East,2,1,1,0.0001110109942154543,0.0039820820927265
9295,International Blvd at Carlingview Dr East Side,2,1,1,8.624379356641119e-05,0.0008039132284134411
9296,Lawrence Ave East at Port Union Rd West Side,2,1,1,9.88314081627943e-05,0.004142102651354034
9299,Crow Trail at McGinty Pl,2,1,1,8.494213652985132e-05,0.00042112272386623725
9300,Airport Rd at American Dr North Side,2,1,1,7.0844948184629e-05,0.0033076350489153554
9301,Airport Rd at Northwest Dr,2,1,1,0.00015760349865571134,0.005031901318587835
9302,Evans Ave at North Carson St,2,1,1,6.937608735378932e-05,0.0037660324575467066
9303,Lawrence Ave East at Markham Rd,3,1,2,0.00018050006856942555,0.009508154936267204
9304,St Clair Ave East at Squires Ave,2,1,1,0.0001582020121200369,0.008199170565716715
9305,Martin Grove Rd at Rexdale Blvd,2,1,1,0.00010386684176315504,0.007023422040574779
9306,Sloane Ave at Eglinton Ave East North Side,2,1,1,0.00010278712090836954,0.001454381114419396
9308,Pharmacy Ave at Surrey Ave,2,1,1,0.00011062853171393727,0.005123351765206295
9309,King St West at Spencer Ave,2,1,1,6.403835340007632e-05,0.0025328085650820663
9310,Annette St at Dundas St West,2,1,1,0.00010036665793808664,0.010644876679057325
9312,Finch Ave East at Midland Ave,4,2,2,0.00014749725483739664,0.01506544227535464
9313,Mt Pleasant Rd at Soudan Ave,3,1,2,0.00010420536331305063,0.0009276447712219725
9314,Kodiak Cres at Whitehorse Rd,2,1,1,4.9469892817115815e-05,0.0018032220331773714
9316,Sheppard Ave East at Provost Dr East Side,2,1,1,0.00010850120346473502,0.014001267191266127
9318,Vaughan Rd at Winona Dr East Side,2,1,1,9.674273467094073e-05,0.006545643138045024
9319,Finch Ave East at Gaspe Rd,2,1,1,0.00010241622227201311,0.0
9320,Sheppard Ave East at Markham Rd West Side,5,3,2,0.00013883851546929758,0.006992681700359285
9321,Brimley Rd at Lawrence Ave East,2,1,1,9.06748431542155e-05,0.000703424074861761
9322,Jane St at Bloor St West North Side,4,2,2,2.8712566389742214e-05,0.01784050810703669
9323,Warden Ave at Boem Ave,2,1,1,0.00010886866395169243,0.00040195661420672056
9324,Kennedy Rd at Bertrand Ave,2,1,1,0.0001219504311664099,0.014497710890502523
9326,Birchmount Rd at Modern Rd,2,1,1,0.00010394099462361739,0.015417375584857508
9327,Bayview Ave at Bayview Mews Lane,2,1,1,0.00010221378149045395,0.0044597701585951275
9328,Eglinton Ave East at Wynford Dr,2,1,1,8.657477575313709e-05,0.006525347739696968
9329,Bathurst St at Olive Ave,3,1,2,0.00010616355728197626,0.001046491347639795
9330,Finch Ave East at Brimley Rd,4,2,2,0.000144858510435214,0.01486446396825128
9331,Islington Ave at Ambleside Ave,2,1,1,0.00016236843023554172,0.014108009625959433
9332,Bannatyne Dr at Silvergrove Rd,2,1,1,8.372641448707252e-05,0.005935772011909826
9333,Weston Rd at Verobeach Blvd,2,1,1,0.000120172523669031,0.0006327031556986895
9334,Atkinson Ave at Campbell Ave,2,1,1,0.00011062853171393727,0.0010048915355168014
9335,Humber College Blvd at Highway 27 West Side,7,3,4,0.00038740155564398113,0.14861586016551417
9336,Yonge St at College St - College Station,2,1,1,0.0001075151282940304,0.004480380689068482
9337,Bayview Ave at Heathcote Ave,2,1,1,0.00011062853171393727,0.0063207145895363675
9338,Ellesmere Rd at Claudius Gate,2,1,1,0.000114283649055101,0.00010048915355168014
9339,Sheppard Ave East at Meadowvale Rd East Side,3,2,1,8.676085099312193e-05,0.001921522756273926
9340,Finch Ave East at Page Ave,2,1,1,0.00010269663911847426,0.0003014674606550404
9341,Brimley Rd at McNicoll Ave,2,1,1,7.518699131775336e-05,0.0
9342,Donlands Ave at Plains Rd,2,1,1,0.00011312763963796705,0.0018552389054303133
9343,Keele St at Falstaff Ave South Side,4,2,2,0.00011408921825321899,0.010380990956618855
9344,Spadina Ave at Sussex Ave,2,1,1,0.0001120369418759369,0.0012010846448319865
9345,Island Rd at Port Union Rd,3,1,2,0.0001050443985793157,0.0
9346,Dixon Rd at Riverview Heights West Side,2,1,1,6.883263946553695e-05,0.00010048915355168014
9347,Marlee Ave at Glencairn Ave,2,1,1,9.30138909117786e-05,0.0005729324907334265
9348,Denton Ave at Macey Ave,2,1,1,0.00011062853171393727,0.0013676052520427257
9349,St Clair Ave East at Birchmount Rd East Side,4,2,2,0.00021043049981890054,0.031793127405818807
9350,Park St at Kennedy Rd,2,1,1,0.00010286384653231356,0.001074719977314618
9351,Coxwell Ave at Robbins Ave,2,1,1,8.850915518705379e-05,0.014303311798792443
9352,Wilson Ave at Dufferin St,10,2,8,0.0002153234565125489,0.14205575800080997
9353,Rangoon Rd at Hagersville Crt,2,1,1,0.00011254626125776045,0.002009783071033603
9354,Lawrence Ave East at Brimley Rd West Side,2,1,1,0.00012785523663064798,0.00010048915355168014
9355,Cherry St at Unwin Ave,2,1,1,7.098609067474728e-05,0.0003497278370597772
9356,Islington Ave at Great Oak Dr,2,1,1,0.00011023701334903337,0.00040195661420672056
9358,Sherbourne St at King St East,2,1,1,0.00011062853171393727,0.0006029349213100808
9359,Bay St at Dundas St West,2,1,1,0.00010064219177043616,0.003221542387854595
9360,Kingston Rd at Glen Everest Rd,2,1,1,5.949529132645477e-05,0.001510542626238075
9361,Sheppard Ave East at Birchmount Rd,3,1,2,0.0001314298539979589,0.030486307920971654
9363,College St at Queens Park (Queen's Park Station),2,1,1,0.00010555825732748534,0.0037963774567459454
9364,Evans Ave at Sheldon Ave,3,1,2,9.092605762652751e-05,0.005063352746785329
9365,Finch Ave East at Warden Ave,4,2,2,0.00014789613865582546,0.01596984465731976
9366,Islington Ave at New Toronto St South Side,2,1,1,6.714921210752283e-05,0.003388557704159533
9367,Bathurst St at Bloor St West,4,1,3,2.158073142911375e-05,0.001751727269592008
9368,Underhill Dr at Kellythorne Dr,2,1,1,0.00012007045549267448,0.02883225824029709
9369,Finch Ave West at Keele St,2,1,1,2.386045795261697e-05,0.005569646148548742
9370,Bay St at Bloor St West - Bay Station,2,1,1,9.348094855905409e-05,0.004577777572294244
9371,Old Weston Rd at Rockwell Ave,2,1,1,0.00014798014149419242,0.0023813700280003736
9372,Arrow Rd at Lido Rd South Side,2,1,1,0.00011575870931516778,0.005409976251240606
9374,1816 Lake Shore Blvd East,3,1,2,0.00011062853171393727,0.004928753721820502
9375,Belfield Rd at Kipling Ave West Side - Etobicoke North GO St,2,1,1,2.675978260656084e-05,0.0018284803810193098
9376,Lawrence Ave West at Roxaline St,3,1,2,6.220222781202383e-05,0.0034591663122075715
9377,Grenoble Dr at Spanbridge Rd,2,1,1,0.00010777899440614347,0.002360963419821353
9378,Penworth Rd at Crosland Dr,2,1,1,0.00011062853171393727,0.006530199914929817
9379,Neilson Rd at McLevin Ave,2,1,1,8.835929673706532e-05,0.004078273429746208
9380,Birchmount Rd at Crouse Rd,2,1,1,0.00011062853171393727,0.0010205231816248406
9382,Eglinton Ave East at Birchmount Rd,2,1,1,7.809564874683528e-05,0.020317750766176968
9383,Warden Ave at 16Th Ave,2,1,1,0.00011062853171393727,0.005927264993619737
9384,Midland Ave at McNicoll Ave,2,1,1,6.138716135439365e-05,0.0032450458624332817
9385,Kennedy Rd at Craiglee Dr,2,1,1,9.426265209195721e-05,0.001675200841097131
9386,Weston Rd at Steeles Ave West,3,2,1,0.00010904038441095595,0.004541100463564078
9387,St Clair Ave East at Kingston Rd,6,2,4,0.00015594486699746388,0.027351485067935513
9388,Main St Markham North at Princess St,2,1,1,0.00011062853171393727,0.0054343896214376864
9389,Mortimer Ave at Woodbine Ave West Side,2,1,1,0.00010995904880842493,0.0052349616833613005
9390,Steeles Ave West at Kipling Ave,2,1,1,0.00011119864634712322,0.001684060847783963
9391,Bathurst St at Briar Hill Ave,3,2,1,0.0001936313803563232,0.0062508724620591915
9392,Lawrence Ave East at Mossbank Dr West Side,2,1,1,0.00012181195920215744,0.0
9394,Finch Ave West at Dufferin St,4,2,2,0.00012479608743883622,0.008704083621964313
9395,Avenue Rd at Heath St West,2,1,1,9.606114244480605e-05,0.0033671841769459805
9396,Greenwood Ave at Queen St East,2,1,1,0.00011062853171393727,0.00025503331915496954
9397,Dawes Rd at Beth St,2,1,1,9.604409797548926e-05,0.0035832430264180677
9398,Opposite 350 Steeles Ave West,2,1,1,9.961066070243284e-05,0.0
9399,Dundas St East at Parliament St,2,1,1,0.00011062853171393727,0.011680203628310817
9401,Elmhurst Dr at Drumheller Rd South Side,2,1,1,0.00012023471087089659,7.975329646958741e-06
9403,Sheppard Ave East at Twyn Rivers Dr North Side,3,1,2,0.0001054310603950693,0.0005972594056763498
9404,Carlton St at Jarvis St,2,1,1,0.00011062853171393727,0.003672763326414409
9405,Birchmount Rd at Rolark Dr,2,1,1,0.00011062853171393727,0.014512973202892387
9406,Sheppard Ave West at Faywood Blvd,4,2,2,0.00016118507602765978,0.026109272354553615
9408,Signet Dr at Steeles Ave West,2,1,1,7.617181134518002e-05,0.0058352828583581465
9410,Reddins Rd at Crosland Dr,2,1,1,0.00011062853171393727,0.006630689068481498
9411,Mortimer Ave at Glebemount Ave,2,1,1,0.0001023433826095124,0.006900130663460282
9413,Jane St at St Clair Ave West North Side,2,1,1,9.287637428650767e-05,0.00010048915355168014
9414,Ellesmere Rd at Military Trail (West),4,3,1,0.00022940577837858616,0.01655426299613848
9415,Wilson Ave at Wendell Ave,2,1,1,0.00010896226095705942,0.00010048915355168014
9416,Yorkland Blvd (North) at Consumers Rd,2,1,1,9.259532336821456e-05,0.007231448899887861
9417,Ossington Ave at Dewson St,2,1,1,0.00010918552556279717,0.00604132468977216
9419,Jane St at Troutbrooke Dr,3,2,1,0.00017961094448946604,0.0009320324762102058
9420,The East Mall at Valhalla Inn Rd North Side,2,1,1,8.776458009919423e-05,0.0036491291212686354
9421,Middlefield Rd at Finch Ave East,2,1,1,7.4205021017655e-05,0.008476268963561604
9422,Kingston Rd at Birchmount Rd East Side,2,1,1,6.0629400024488535e-05,0.00040142492556358996
9423,Queen's Plate Dr at Highway 27,2,1,1,0.00010428162129027648,0.001672432165390614
9424,Dupont St at Ossington Ave,2,1,1,0.00011062853171393727,0.009639985143540523
9426,Avenue Rd at Balmoral Ave,2,1,1,9.817680962297666e-05,0.0031662058698426203
9427,Driftwood Ave at Cobbler Cres (South),2,1,1,9.793564899528761e-05,0.006036792854104637
9428,Spadina Rd at Hawarden Cres North Side,2,1,1,7.7615129945065e-05,0.005929794358124128
9429,Princess Margaret Blvd at Cramond Crt,2,1,1,0.0001009525971529568,0.007687351192381429
9430,Dufferin St at Gordon St,2,1,1,9.2005231274419e-05,0.00010048915355168014
9431,Gerrard St East  at Golfview Ave,2,1,1,0.00010346225809140938,0.004220078588645156
9432,Milner Ave at Cinemart Dr,2,1,1,0.00011062853171393727,0.0009044023819651212
9433,Rogers Rd at Northcliffe Blvd,2,1,1,9.791839911878561e-05,0.008168943525959736
9434,73 Fifeshire Rd,2,1,1,0.0001029566009254314,0.0019092939174819227
9435,McCowan Rd at Cree Ave,2,1,1,6.44731688510655e-05,0.0006571671629094003
9436,Kingston Rd at Columbine Ave,2,1,1,0.00011340592126386678,0.005269566142067206
9437,Dundas St West at Prince Edward Dr North,2,1,1,7.477418346660904e-05,0.008188581100241035
9439,Cosburn Ave at Coxwell Ave,3,1,2,9.61256379441703e-05,0.005588161572583096
9440,Dufferin St at Briar Hill Ave,2,1,1,0.00010699973421976646,0.0
9441,Islington Ave at Evans Ave South Side,2,1,1,0.00010677071489469553,0.005148943711895647
9442,Pape Ave at Danforth Ave,2,1,1,0.00010833975817814233,0.013749065056593767
9443,Fisherville Rd at Bathurst St West Side,2,1,1,8.27134944133285e-05,0.00010048915355168014
9444,Main St Markham North at Parkway Ave,2,1,1,9.964406764784541e-05,0.003408655891110166
9445,Mt Pleasant Rd at Lawrence Cres,2,1,1,9.09440117146828e-05,0.002009783071033603
9446,East Ave at Island Rd,2,1,1,0.00010196230794376018,0.00020097830710336028
9449,Prince Edward Dr South at Edwalter Ave,2,1,1,0.0001701110419810541,0.018665993194385368
9450,Bloor St West at Eagle Rd East Side,2,1,1,0.0001232962894081821,0.050662257370778466
9451,Sheppard Ave West at Chesswood Dr,2,1,1,0.00020707170383506155,0.00016145611796398695
9452,Eglinton Ave West at Lloyd Manor Rd,2,1,1,0.00012895239651368822,0.0020941592716208616
9453,Yonge St at Glenforest Rd North Side,3,1,2,0.00010662558445977127,0.006632089181908408
9454,Dundas St West at Spadina Ave,2,1,1,0.00011012955971767381,0.008087613195778437
9455,Burnhamthorpe Rd at Holloway Rd,2,1,1,0.00011062853171393727,0.004822947681837516
9456,Lawrence Ave East at Goldberry Sq,2,1,1,0.00010576548885884581,0.0037401460371473136
9457,Meadowvale Rd at Sheppard Ave East North Side,4,3,1,9.560111795419495e-05,0.0009283283709059975
9459,Warden Ave at Bridletowne Cir (North),2,1,1,0.00011625867184992603,0.00010048915355168014
9460,Coxwell Ave at Danforth Ave,3,2,1,0.00010822340676919896,0.004685506167588261
9461,Arleta Ave at Medal Lane,2,1,1,0.00011062853171393727,0.005031901318587835
9462,Bathurst St at Sheppard Ave West,2,1,1,0.00011380465113951225,0.009308273075287112
9463,Victoria Park Ave at Steeles Ave East South Side,4,2,2,0.00011357317872821398,0.007394478332882202
9464,1450 Sheppard Ave West,3,1,2,0.00014790543177857677,0.0010902734286774864
9465,1515 Albion Rd - Albion Library,2,1,1,0.00011062853171393727,0.01005582730752871
9466,Kennedy Rd at McNicoll Ave,2,1,1,0.00011062853171393727,0.0005024457677584007
9467,Steeles Ave East at Fairway Heights Dr,2,1,1,0.00011167438969296578,0.0003014674606550404
9468,Bloor St East at Castle Frank Rd,3,1,2,0.00010831166379841173,0.010786044729154903
9469,York Mills Rd at Fenside Dr,4,2,2,0.00015726838185835894,0.0058772862611654614
9470,York Mills Rd at Old York Mills Rd,4,1,3,0.0001964383461602392,0.004522011909825607
9471,20 Norelco Dr,2,1,1,9.98506151528683e-05,0.005131858783496385
9472,North Queen St at The East Mall East Side,3,2,1,0.00015628198104504889,0.005336558911101661
9473,Sheppard Ave West at Tuscan Gate,2,1,1,0.0001929931200210395,0.009085198691282749
9474,61 Maybrook Dr,2,1,1,0.00011283930692733031,0.010452555650077982
9475,1859 Kingston Rd,2,1,1,6.868249768260687e-05,0.0003009357720119098
9476,McCowan Rd at Commander Blvd,3,2,1,0.0002139452051547055,0.014137601020842196
9477,Bayview Ave at York Rd South Side,2,1,1,0.00011062853171393727,0.006019247128881328
9478,849 Broadview Ave,5,4,1,0.00023096050130931592,0.03678496485791255
9479,Keele St at Colville Rd,2,1,1,0.00010805766983775013,0.00020097830710336028
9482,9275 Markham Rd,2,1,1,0.00011062853171393727,0.0030066992769034453
9483,Spadina Ave at Queens Quay West North Side,2,1,1,6.630697080977512e-05,1.2760527435133986e-05
9484,Sheppard Ave West at Goddard St,2,1,1,0.0001281243286534547,0.0
9486,Rathburn Rd at The Wynd,2,1,1,9.210545254596824e-05,0.009691266127888844
9487,Lawrence Ave West at Ledbury St,2,1,1,0.00012330311762575303,0.00010048915355168014
9488,38 Thorncliffe Park Dr,2,1,1,9.552564546576905e-05,0.00020097830710336028
9489,Gateway Blvd at Sunny Glenway (West) West Side,2,1,1,0.00020554937489293223,0.004820820927264994
9490,The Queensway at Culnan Ave,2,1,1,9.87795901769775e-05,0.004930545732528322
9492,Mabelle Ave at Dundas St West,2,1,1,9.115426437731228e-05,0.010482374912427752
9494,Coxwell Ave at Earl Haig Ave,2,1,1,0.00010827836400678065,0.00458501701403658
9495,Avenue Rd at Brooke Ave,2,1,1,0.00010425233157706438,0.002210761378136963
9497,Dufferin St at Ascot Ave,2,1,1,0.00010145687137268962,0.0
9498,Yonge St at Churchill Ave,2,1,1,7.609674143438154e-05,0.00932109599862527
9499,Royal York Rd at Allanhurst Dr South Side,2,1,1,0.00016311448500009926,0.0042614844746916205
9500,Parkette Pl at Birchmount Rd,2,1,1,8.35865546672918e-05,0.002143408433988788
9501,Rogers Rd at Caledonia Rd,2,1,1,8.186756146298814e-05,0.008671389293718136
9502,Albion Rd at Riverdale Dr,2,1,1,0.00011062853171393727,0.009452892386218631
9503,Glencairn Ave at Capitol Ave,2,1,1,0.00011062853171393727,0.006866567910804405
9504,Lawrence Ave West at Bathurst St West Side,2,1,1,0.00011786823849881803,0.0008100656255696664
9506,McNicoll Ave at Boxdene Ave,2,1,1,0.00011062853171393727,0.0050723096554657595
9507,New Westminster Dr at Beverley Glen Blvd,2,1,1,9.858443566819857e-05,0.0019092939174819227
9508,Humber College at Finch Ave West North Side,2,1,1,3.8155491252344796e-05,0.0022520337090599744
9509,Welland Ave at Heath St East,2,1,1,9.839986033242525e-05,0.0024034795223916877
9510,Bayview Ave at Dawlish Ave South Side,3,1,2,0.0001874373943827246,0.011452220179862672
9512,Caledonia Rd at Eglinton Ave West,2,1,1,0.00011929751750642769,0.0032393130582730753
9514,Lawrence Ave East at Galloway Rd,4,2,2,0.00013721904627131526,0.006457482653778672
9516,Dufferin Gate Loop,3,1,2,0.00014727692733747323,0.0044996809868141216
9517,Glen Rd at Elm Ave,2,1,1,0.00011062853171393727,0.0018088047639302424
9518,Opposite 60 Belfield Rd East Side,2,1,1,8.884885528265268e-05,0.0010447321887012643
9519,Thirtieth St at Akron Rd,0,0,0,1.6598932385570904e-05,0.0
9520,Neilson Rd at Silverbell Grove South Side,2,1,1,9.796768143537386e-05,0.003776805969091167
9521,Pharmacy Ave at Sherwood Ave South Side,2,1,1,0.00011062853171393727,0.0052238409187579755
9522,McCowan Rd at Sandhurst Cir (South),2,1,1,0.000121951801532441,0.009785729476818375
9523,Parliament St at King St East,2,1,1,0.00010185860412644895,0.00046925320532296283
9524,Lawrence Ave West at Shermount Ave East Side,4,2,2,0.00010422685390907023,0.004340971926839643
9525,Sheppard Ave West at Don River Blvd West Side,2,1,1,0.00016595198204890125,0.0002004466184602297
9526,Sheppard Ave West at Tuscan Gate,3,1,2,0.00022191415753598158,0.0035055118389337872
9527,715 Milner Ave,2,1,1,0.00010281379861935526,0.0011053806890684815
9528,Brimley Rd at Wenlock Gate,2,1,1,0.00011062853171393727,0.00040195661420672056
9529,Opposite 3200 Pharmacy Ave at Walkway to Deerbrook Trail,2,1,1,9.363770973277202e-05,0.002713207145895364
9530,Dufferin St at Liberty St,4,2,2,0.00016615532009007199,0.016002935335612926
9531,Bathurst St at Alcina Ave,2,1,1,0.00011156215173054366,0.0014484479618465157
9532,Kipling Ave at Beaverbrook Ave,2,1,1,0.00011109401463646419,0.0
9533,Steeles Ave West at Irondale Dr,2,1,1,0.0001251792717191614,0.0038919641295241374
9534,Lawrence Ave West at Glen Rush Blvd,2,1,1,0.00010720924713625223,0.00020097830710336028
9535,Royal York Rd at Norseman St North Side,2,1,1,0.00016713807460549303,0.002622288387920034
9538,Markham Rd at Brimorton Dr,3,1,2,0.00014507770964327583,0.012024307032468453
9540,Cosburn Ave at Logan Ave,2,1,1,6.40513066361436e-05,0.006392074800996537
9541,The Westway at Martin Grove Rd,2,1,1,0.000102704279224356,0.0012329859634198214
9542,Marlee Ave at Dell Park Ave,2,1,1,0.00010409491843556365,0.0006228732454274777
9543,Lawrence Ave West at Englemount Ave East Side,3,2,1,0.00010294445190050922,0.00040886856656741815
9544,Rogers Rd at Scott Rd,3,1,2,0.0001268840880636212,0.014131406679564957
9545,Spadina Ave at Willcocks St,2,1,1,0.00011094735346538041,0.0014020629519353467
9546,Garnett Janes Rd at Coin St,2,1,1,6.10848405587747e-05,0.0
9547,Mortimer Ave at Roosevelt Rd,2,1,1,0.00011032990292639472,0.0047325159156028996
9548,Danforth Rd at Hubert Ave,3,2,1,0.00011188032029886436,0.01146408331914437
9549,Dupont St at Howland Ave,2,1,1,0.00011062853171393727,0.009037050222230442
9552,Opposite 601 Milner Ave,2,1,1,0.00011062853171393727,0.0003163547426626967
9554,Rexdale Blvd at Kipling Ave,2,1,1,0.00010603803240098004,0.0055722299021692895
9555,Kennedy Rd at Havendale Rd,2,1,1,0.0001007009147724462,0.0015073373032752021
9556,The Queensway at North Queen St,2,1,1,0.0001120703053599348,0.005466580952012682
9557,Lawrence Ave West at Pimlico Rd,2,1,1,0.00012279336454501465,0.0
9558,Arrow Rd at Sheppard Ave West North Side,3,2,1,0.00012825896568740904,0.005571807773610198
9559,Huntingwood Dr at Commander Blvd,2,1,1,0.00011062853171393727,0.0006306890684814973
9560,Bridgeland Ave at Dufferin St West Side,2,1,1,3.991342572408291e-05,0.0006507868991918333
9561,Lawrence Ave East at Paulander Ave,2,1,1,8.550009569294935e-05,0.0023049234368353894
9562,Sheppard Ave East at McCowan Rd,4,2,2,0.00010472092410100596,0.007766515261995908
9563,Bathurst St at Ranee Ave,2,1,1,9.998419358165338e-05,0.0012760527435133986
9564,Warden Ave at Arkona Dr,2,1,1,0.00010956865174119592,0.00010048915355168014
9565,Brimley Rd at Comrie Ter (North),2,1,1,9.045745249271987e-05,0.010906593480094108
9567,Bloor St West at Islington Ave,4,2,2,0.00021474783712313082,0.055458970015853495
9568,2121 Kingston Rd,2,1,1,8.492074235450479e-05,0.0
9569,Wilson Ave at Belgrave Ave West Side,2,1,1,0.00014424598120342218,0.02138007239134263
9570,Sheppard Ave West at Laura Rd East Side,3,2,1,0.00023527738074922687,0.0025135188167142663
9571,Rogers Rd at Nairn Ave,2,1,1,8.900743404419614e-05,0.008470410986614775
9572,Rathburn Rd at Lloyd Manor Rd West Side,2,1,1,6.628964970965222e-05,0.005065759867832992
9574,Underhill Dr at Cassandra Blvd (North),2,1,1,8.043575927402623e-05,0.03153013270580264
9575,Finch Ave East at Alexmuir Blvd,2,1,1,0.00011181095664825234,0.0
9576,McNicoll Ave at Cleadon Rd,2,1,1,0.00010934755597429564,0.00547426626967248
9577,Milner Ave at Progress Ave,2,1,1,0.00011062853171393727,0.00011537643555933646
9578,Dixon Rd at Skyway Ave,4,1,3,0.00019644796374379068,0.017444438145366087
9579,Caledonia Rd at Norman Ave,2,1,1,0.00011062853171393727,0.0008039132284134411
9580,O'Connor Dr at Sunrise Ave,2,1,1,9.948208869185843e-05,0.005890739143530509
9581,McCowan Rd at Castlemore Ave,2,1,1,0.00011062853171393727,0.006515312632922161
9582,Walsh Ave at Weston Rd,4,2,2,0.00011293773409650433,0.11434858513523988
9583,1710 Midland Ave,2,1,1,0.00011062853171393727,0.0009337953307446386
9584,Lawrence Ave East at Greenland Rd East Side,3,1,2,0.0001000180789157131,0.03190550488785283
9585,O'Connor Dr at Coxwell Ave,2,1,1,8.967048451414847e-05,0.006422355735148165
9586,Weston Rd at Coronado Crt,2,1,1,0.00012454630284161256,0.0
9587,Warden Ave at Bridletowne Cir (South),2,1,1,0.0001220871339504841,0.010963033138703067
9588,Sheppard Ave East at Meadowvale Rd,2,1,1,8.578880354757445e-05,0.00024120524432656945
9589,Passmore Ave at Kennedy Rd,2,1,1,9.013605555502374e-05,0.0020049978732454275
9590,Horner Ave at Sheldon Ave,2,1,1,4.008695433314992e-05,0.0004008932369204594
9591,Lloyd Manor Rd at North Heights Rd,2,1,1,9.233708418203177e-05,0.007988818653036469
9593,Van Stassen Blvd at Skylark Rd,2,1,1,8.891809418796402e-05,0.0009977314617893094
9594,Opposite 1000 New Westminster Dr,2,1,1,0.00010040152770399984,0.0018088047639302424
9595,East Ave at Kirkdene Dr,2,1,1,9.347890211307297e-05,0.0006029349213100808
9597,Broadview Ave at Gerrard St East,2,1,1,0.00015829007892123094,0.017427125741832247
9598,Yonge St at Sheppard Ave West - Sheppard Station,3,2,1,9.64017917557305e-05,0.02051931543243594
9599,Dynamic Dr at Passmore Ave,0,0,0,1.6598932385570904e-05,0.0
9600,Yonge St at Finch Ave East,4,1,3,0.00012615690111638915,0.004417605983269531
9603,Sheppard Ave East at Ecopark Gate East Side,2,1,1,0.00011767519325992876,0.005867981709910676
9604,Dundas St West at Glenlake Ave North Side,2,1,1,0.00010749675887271215,0.004008778459334214
9606,Kipling Ave at Albion Rd South Side,2,1,1,8.680161805664366e-05,0.0009338494044554178
9607,Kennedy Rd at Shropshire Dr North Side,2,1,1,0.00010640157770886298,0.0036165461505742237
9609,Markham Rd at Stevenwood Rd North Side,2,1,1,0.00010785656962290828,0.00010048915355168014
9610,Three Valleys Dr at Laurentide Dr,2,1,1,4.326030618605168e-05,0.005467551601781998
9611,Victoria Park Ave at Old Sheppard Ave,2,1,1,0.00010848070475718424,0.006292195823459117
9612,3008 Kennedy Rd,2,1,1,0.00010158828456828758,0.0015025521054870268
9613,140 Pleasant View Dr,3,2,1,6.155305743451087e-05,0.0068411301675072415
9614,Lynedock Cres at Fenside Dr East Side,3,2,1,0.00014560859196583082,0.006720012760527435
9615,Leslie St at Finch Ave East,2,1,1,0.0001127259009745358,0.0012085282858358146
9618,Warden Loop at Steeles Ave East,4,2,2,0.00014473694164187796,0.023118622958637845
9619,Driftwood Ave at Jane St East Side,2,1,1,9.267595487674383e-05,0.0015068964559077822
9620,Lawrence Ave East at Manse Rd West Side,3,2,1,0.0001906673998745738,0.018270133276619884
9621,Wilson Ave at Bathurst St East Side,5,3,2,0.00014922528098518727,0.1333529789447927
9622,425 Alliance Ave,2,1,1,6.244544042465813e-05,0.0005444491705657167
9623,Bay St at College St,2,1,1,0.00010449620944477845,0.002920074927199555
9624,Fenside Dr at Slidell Cres,2,1,1,0.00011062853171393727,0.005663015737983837
9625,Morningview Trail at Old Finch Ave,2,1,1,7.164192596240282e-05,0.0017637973202892386
9626,Huntingwood Dr at Fairglen Ave,2,1,1,6.908723365639254e-05,0.002138026371756699
9628,Royal York Rd at Glendarling Rd,2,1,1,9.464581729787507e-05,0.003541376453282291
9629,Kingston Rd at Brimley Rd West Side,4,3,1,0.00015307038154457176,0.0025616910737072374
9630,Maniza Rd at Spalding Rd,2,1,1,4.5041473593697846e-05,0.0019564369771728346
9631,Brimley Rd at Bernadine St,2,1,1,0.00010034469312594741,0.00020097830710336028
9632,Lawrence Ave West at Jane St,6,2,4,0.0002482055624058305,0.02955727474825144
9633,Progress Ave at Production Dr,2,1,1,8.4874560745207e-05,0.00010048915355168014
9634,Humberwood Blvd at Kingsplate Cres West Side,2,1,1,0.0001246076886507448,0.001460820085424642
9635,Royal York Rd at Oakfield Dr North Side,2,1,1,0.00019225972394933146,0.0028232666950233944
9636,Drewry Ave at Bathurst St,2,1,1,0.00010797311518507044,0.0015073373032752021
9638,Steeles Ave West at Murray Ross Pkwy East Side,6,3,3,0.0003896036002604443,0.023895473276872185
9639,Carlaw Ave at Eastern Ave North Side,2,1,1,0.00010800753694396306,0.014653467438558889
9640,Kennedy Rd at Merrian Rd,2,1,1,9.779931962808626e-05,0.0007273500638026372
9641,Yonge St at Lord Seaton Rd,2,1,1,0.00014549632664688936,0.0052215192116829715
9642,The Queensway at Ellis Ave East Side,2,1,1,0.0001195410794896275,0.00338720517625239
9643,1801 O'Connor Dr,2,1,1,0.00010114927811104892,0.005790249989978829
9644,Steeles Ave West at Turbine Dr West Side,2,1,1,9.599975001630399e-05,0.008340365248776984
9645,Gerrard St East at River St,2,1,1,0.00011062853171393727,0.002969339251552648
9646,1 and 3 Concorde Pl North Side,3,2,1,0.00021216674459175033,0.007033177371331348
9647,Don Mills Rd at St Dennis Dr - Ontario Science Centre,4,1,3,0.000181642271593872,0.04343380315119946
9648,180 Yorkland Blvd,2,1,1,8.121996292980352e-05,0.007532916360542902
9649,Lawrence Ave East at Orton Park Rd,4,2,2,0.00013076455949534484,0.006256504346675312
9650,The East Mall at North Queen St South Side,2,1,1,5.017903920324159e-05,0.000681441166234871
9651,Bathurst St at Prince Charles Dr South Side,2,1,1,0.00010158252361633165,0.005907592513823905
9652,Markham Rd at Markanna Dr,2,1,1,0.00011235267729876335,0.0
9653,Caledonia Rd at Kitchener Ave,2,1,1,0.00011062853171393727,0.00020097830710336028
9654,Tapscott Rd at Washburn Way,2,1,1,0.00012855691063756353,0.0076331743720620794
9656,Markham Rd at Kingston Rd North Side,3,1,2,0.00010717372580971548,0.02654264725420617
9657,120 Bermondsey Rd,2,1,1,9.875939795295254e-05,0.0033036119381823336
9659,Lawrence Ave West at Brookhaven Dr,2,1,1,0.00012847070008965974,0.00010045976372718548
9660,Rogers Rd at Old Weston Rd East Side,2,1,1,6.478611952458432e-05,0.008972856754373176
9663,Bathurst St at Lawrence Ave West South Side,2,1,1,0.00010507718611876184,0.005606125053168864
9664,Sentinel Rd at Fredrick Mowat Lane South Side,3,1,2,0.00014795570144769557,0.0004940653420023901
9665,Dynamic Dr at Nashdene Rd North Side,0,0,0,1.6598932385570904e-05,0.0
9667,Ironside Cres at Tapscott Rd,2,1,1,5.773580682555068e-05,0.0003014674606550404
9668,Oakwood Ave at Burlington Cres North Side,3,2,1,0.0002458763403485977,0.007547289857642117
9669,Mortimer Ave at Logan Ave,2,1,1,5.637026362386376e-05,0.0033320272878971306
9670,Brimley Rd at Dorcot Ave,2,1,1,9.484773067205087e-05,0.0005024457677584007
9671,Kingston Rd at Brookside Dr,2,1,1,0.0001151522870382123,0.005571033602722246
9673,Bayview Ave at Steeles Ave East South Side,2,1,1,0.00010792358499085979,0.0038121274171794743
9674,Old Dundas St at Varsity Rd West Side,2,1,1,6.632413619832005e-05,0.0015001772295477102
9676,Opposite 2265 Jane St,3,1,2,0.00014460686293882294,0.001114951084644832
9677,Castlemore Ave at Ridgecrest Rd West Side,2,1,1,0.00011062853171393727,0.007319225861335602
9678,Bathurst St at Ava Rd,2,1,1,0.00011089469008329118,0.0005811356869417269
9680,Neilson Rd at Milner Ave North Side,2,1,1,0.00010135417001125039,0.0023112126310658857
9681,Bayview Ave at Hollywood Ave,2,1,1,0.00011062853171393727,0.006923649510846449
9682,Maple Leaf Dr at Opp Roadway to 290-300 Queens Dr Apartments,2,1,1,0.00011062853171393727,0.0065317949808592094
9683,Warden Ave at Lawrence Ave East,4,2,2,0.00011804244234093526,0.0024762512406068344
9684,Lawrence Ave West at Greer Rd,2,1,1,0.0001047848070326672,0.009014634096939497
9685,Cosburn Ave at Todmorden Lane,2,1,1,7.965983344787784e-05,0.006090607340341497
9686,Underwood Ave at Varsity Rd,2,1,1,9.419372068422674e-05,0.0007967531546859493
9687,Rogers Rd at Prospect Cemetery,2,1,1,8.679389866222411e-05,0.008570900140166456
9688,Albion Rd at Silverstone Dr,2,1,1,0.00011062853171393727,0.005718843045512548
9689,Nashdene Rd at Markham Rd West Side,0,0,0,1.6598932385570904e-05,0.0
9690,Markham Rd at Painted Post Dr,4,2,2,0.0001368270531386596,0.011823328725365092
9691,Kipling Ave at Kingsview Blvd,2,1,1,0.00010525280412899282,0.00212994784167435
9693,Trethewey Dr at Greentree Crt,2,1,1,6.517731772145269e-05,0.0008039132284134411
9694,Neilson Rd at Ellesmere Rd North Side,3,2,1,8.64709110397572e-05,0.0028136583988242845
9695,Birchmount Rd at Silver Springs Blvd,2,1,1,0.00011062853171393727,0.013307103360272224
9696,Victoria Park Ave at St Clair Ave East,4,2,2,0.00011569307361385968,0.031649923410743734
9698,Annette St at Durie St,2,1,1,7.242628385970849e-05,0.011549279061022447
9699,Weston Rd at Dennis Ave,3,1,2,0.00011775964206930286,0.0024747902025484157
9700,Queen St West at John St,2,1,1,0.00010372619824541396,0.0019508985888324927
9701,Lawson Rd at Cedarview Dr,2,1,1,9.651354598830034e-05,0.0009054657592513824
9705,Dundas St West at Shaw St,2,1,1,0.00011147428521263329,0.008549089208914815
9706,Finch Ave East at Brimley Rd,4,2,2,0.00018450434811517768,0.012583723238338299
9707,Jane St at Downsview Ave North Side,2,1,1,9.721365266239683e-05,0.0
9708,Elm St at University Ave East Side,2,1,1,4.578802337807288e-05,0.0003014674606550404
9709,Wintermute Blvd at Birchmount Rd West Side,2,1,1,2.3564087891375818e-05,0.0002649936197362824
9710,900 York Mills Rd,2,1,1,0.0001312433803216541,0.0002004466184602297
9712,Cummer Ave at Willowdale Ave,2,1,1,0.00011062853171393727,0.004972972493974197
9713,Leslie St at Old Cummer Ave North Side,2,1,1,0.00011214247277045971,0.0010075499787324544
9714,Keele St at Donald Ave,3,1,2,0.00010578764950035596,0.017855132828511523
9715,Bathurst St at Tichester Rd,2,1,1,0.000111128380472204,0.0009830923011484474
9717,Old Leslie St at 1200 Sheppard Ave East,2,1,1,0.00011062853171393727,0.0012830798950801078
9718,Warden Ave at Castille Ave,2,1,1,0.00010912753193293941,0.00010048915355168014
9719,Brown's Line at Valermo Dr,2,1,1,0.00010010030398044248,0.00731308107743667
9720,Neilson Rd at Oakmeadow Blvd (South),2,1,1,0.0001054852290657434,0.007912811924003971
9721,Carlaw Ave at Gerrard St East North Side,2,1,1,0.00011298934186852128,0.014251510824352168
9722,Islington Ave at Athol Ave,2,1,1,0.00017181005635846862,0.014208498779511114
9723,Eglinton Ave West at Gabian Way,2,1,1,7.430191443820772e-05,0.02327137108893647
9724,Maple Leaf Dr at Venice Dr,2,1,1,0.00014648545025063158,0.006035197788175245
9725,6793-6823 Steeles Ave West,2,1,1,9.946217332393637e-05,0.0008226995604707218
9726,Bay St at Adelaide St West,2,1,1,0.00011062853171393727,0.008110848605896967
9727,St Regis Cres North at Ceramic Rd,2,1,1,5.745316827185667e-05,0.0020974737193899255
9728,Dufferin St at Gerry Fitzgerald Dr,2,1,1,0.00011885015750064346,0.003257360933881564
9729,Dixon Rd at Martin Grove Rd,4,2,2,0.00011638242397158817,0.013241562082921586
9730,The East Mall at Evans Ave North Side,2,1,1,5.828539553247299e-05,0.0009003973504271677
9731,Spadina Rd at Elderwood Dr,2,1,1,7.24142195886094e-05,0.008132447871859587
9732,130 Milner Ave,2,1,1,0.0001032236392523298,0.005321990642279882
9733,Cactus Ave at Drewry Ave,2,1,1,0.00011062853171393727,0.0015009570395576352
9734,Bannatyne Dr at Leslie St West Side,2,1,1,5.023595889861514e-05,0.0016992769034453424
9735,Danforth Rd at Barrymore Rd,2,1,1,0.00010658204414798429,0.000800191407911527
9737,Ameer Ave at Baycrest Ave,2,1,1,0.0001327328568625417,0.0016078264568268822
9738,58 Lawson Rd,2,1,1,0.00010229102608731798,0.000603998298596342
9739,Jane St at Haney Ave,2,1,1,7.73379881564506e-05,0.0
9740,Finch Ave West at Jayzel Dr,2,1,1,0.0001561871955823217,0.010304344839904177
9741,The West Mall at Leavenworth Cres,2,1,1,8.905657420925619e-05,0.0030055430687711397
9742,Finch Ave East at Dudley Ave,2,1,1,9.701450378802356e-05,0.0006300510421097406
9744,Kipling Ave at Prince George Dr,2,1,1,0.00010028902198074019,0.0049372607401105915
9747,Meadowvale Rd at Kingston Rd North Side,2,1,1,9.546046753225167e-05,0.0010869488161066212
9749,250 Carlaw Ave,2,1,1,0.00012232239776478924,0.025402442369441863
9750,Neilson Rd at Livonia Pl,2,1,1,9.193601414620743e-05,0.002713169245272605
9751,Islington Ave at Hilldowntree Rd,2,1,1,0.00011291118356434443,0.0
9753,Brown's Line at Rimilton Ave,2,1,1,0.00010174301194554485,0.00021817601794207493
9754,Underpass Gate at Roywood Dr,2,1,1,0.00010140905397202363,0.0059644831986388775
9756,Lawrence Ave East at Overture Rd,2,1,1,9.52177617330398e-05,0.0
9757,McCowan Rd at Hollyhedge Dr (North),2,1,1,0.00010995485469696766,0.005635367928541047
9758,Royalcrest Rd at Highway 27,2,1,1,5.712518178778751e-05,0.0009976605699702256
9759,Driftwood Ave at Grandravine Dr,2,1,1,0.00011058148285860467,0.005232879625691195
9760,Martin Grove Rd at Garfella Dr,2,1,1,0.00015519501856468647,0.0044890197305288955
9761,College St at Euclid Ave,2,1,1,0.00010325255403118982,0.004878633169034571
9762,Culford Rd at Valencia Cres,2,1,1,0.00010804116109505791,0.002496278179498086
9764,Sheppard Ave East at Hawksbury Dr,2,1,1,0.00010720467610406166,0.009918862414170263
9765,Kipling Ave at Stevenson Rd,3,1,2,7.572320485602446e-05,0.0019697561108215026
9767,Dufferin St at Sylvan Ave North Side,2,1,1,0.00012667836280630973,0.010269441010742586
9769,Kipling Ave at Goswell Rd,2,1,1,0.00015735256321970886,0.012004651119782517
9770,Prince Edward Dr South at Sunnylea Ave West,2,1,1,0.00011535663958416183,0.01200163732836
9771,Evans Ave at Gair Dr,3,2,1,0.00019425476933995127,0.012778390438428721
9772,Rexdale Blvd at Humberwood Blvd,3,2,1,0.00012984048226093512,0.0016617983925280022
9773,Townsend Rd at Steeles Ave East South Side,3,2,1,0.00015144094489217275,0.04827401469824899
9774,Bathurst St at Bainbridge Ave,2,1,1,0.00011506024606223019,0.009509251382390473
9775,Barmac Dr at Ormont Dr,2,1,1,9.86742829947956e-05,0.0004382177796682263
9776,Wellesley St East at Jarvis St,2,1,1,0.00014027630802436228,0.0024149677948593303
9777,The Links Rd at Tournament Dr,2,1,1,0.00011062853171393727,0.0003014674606550404
9778,Lawrence Ave East at Ronan Ave,2,1,1,0.00014399283135160045,0.007321791892001377
9779,The West Mall at Civic Centre Crt,2,1,1,0.0001242419440494495,0.004053503313620834
9780,Kendal Ave at Davenport Rd South Side,2,1,1,0.00010346909529546197,0.006852775786527381
9782,Culford Rd at Maple Leaf Dr,2,1,1,0.00010875144056048165,0.0022952998723947257
9783,Leslie St at Sheppard Ave East North Side,2,1,1,0.00011327265651411161,0.0019119523606975755
9784,Milner Ave at Shadowood Crt,2,1,1,9.702167081391359e-05,0.0010197788175244577
9785,Markham Rd at Denison St,2,1,1,0.00011062853171393727,0.004831454700127606
9786,Steeles Ave West at Dufferin St East Side,3,2,1,0.0001784018464382992,0.02843594121239141
9787,Sherbourne St at Front St East,2,1,1,0.00011062853171393727,0.0005024457677584007
9788,Barmac Dr at Steeles Ave West South Side,2,1,1,9.584681550882637e-05,0.0006391960867715866
9789,Milner Ave at Mid-Dominion Acres,2,1,1,0.0001019452205166676,0.005422479795831561
9790,Bloor St West at Shaver Ave North,2,1,1,0.0001064947425863266,0.003551682065351609
9791,Sherbourne St at Wellesley St East,2,1,1,0.00011062853171393727,0.001406848149723522
9792,Lawrence Ave East at Burnview Cres East Side,2,1,1,0.00011583966604628801,0.00040142492556358996
9793,Dundas St West at Dufferin St,2,1,1,0.00011062853171393727,0.0030765430498942556
9794,Graydon Hall Dr at Graydon Hall Pl East Side,2,1,1,9.307791032942556e-05,0.006366439812845598
9795,2036 Pharmacy Ave,2,1,1,0.00011062853171393727,0.00010048915355168014
9796,Calvington Dr at Renshaw St,2,1,1,9.2652296816353e-05,0.00948745214802212
9797,Sheppard Ave East at Shorting Rd,4,2,2,0.00012939176126548833,0.006691214239704244
9798,Bayview Ave at Foxwarren Dr,2,1,1,0.00010348408865935808,0.004359281005043447
9799,Glencairn Ave at Dalemount Ave,2,1,1,7.505694377044757e-05,0.004036920952063445
9800,Huntingwood Dr at Kilkenny Dr East Side,2,1,1,8.266361827867719e-05,0.001937048064653339
9801,Kipling Ave at Learmont Dr,2,1,1,0.0001388198425220818,0.00010048915355168014
9802,McNicoll Ave at Victoria Park Ave West Side,2,1,1,0.00010977534746135203,0.0023566186241002255
9803,900 The East Mall,2,1,1,0.00011452284222719352,0.00547426626967248
9804,Danforth Ave at Donlands Ave,2,1,1,9.658246351007335e-05,0.009401130644615823
9805,Lake Shore Blvd West at First St,2,1,1,0.00011035708916905143,0.004702193888093505
9806,Gordon Baker Rd at Victoria Park Ave West Side,2,1,1,2.1778970699602865e-05,0.0023287962569119524
9807,Keele St at Sheppard Ave West South Side,5,3,2,0.00017023932231723517,0.013817380831148768
9808,Bloor St West at The West Mall,3,1,2,0.00010749965218330836,0.0032502146046965684
9809,Mt Pleasant Rd at Merton St,2,1,1,8.757266398147997e-05,0.0012669342832837091
9810,Finch Ave West at Chesswood Dr,2,1,1,0.00016427347002564223,0.008376169715014887
9811,Pharmacy Ave at Christina Cres (South),2,1,1,0.00010946764744988705,0.006831667375584858
9812,Jane St at William Cragg Dr,2,1,1,0.00010900219982103621,0.0
9813,4150 Midland Ave,2,1,1,0.00010724679673578856,0.005953467810540471
9814,Mt Pleasant Rd at Glengowan Rd,2,1,1,0.00011062853171393727,0.0005024457677584007
9815,Glencairn Ave at Dufferin St,2,1,1,9.907357760731417e-05,0.0033507824782359943
9817,McCowan Rd at South Unionville Ave,2,1,1,0.00011062853171393727,0.009947894512973203
9819,Barkdene Hills at Larwood Blvd,3,1,2,7.970827453288861e-05,0.00036511059123777123
9822,Finch Ave West at Weston Rd,4,2,2,9.713505908607906e-05,0.00864848311868197
9823,Hullmar Dr at Wheelwright Cres (East),2,1,1,6.161149189303132e-05,0.0009001488728200766
9824,Dundas St West at Chestnut St,2,1,1,0.00011062853171393727,0.012383627703172577
9825,Victoria Park Ave at Surrey Ave North Side,2,1,1,0.00011097744466446376,0.00010048915355168014
9826,St Clair Ave West at Russell Hill Rd West Side,3,2,1,0.00012440071482617442,0.00018742024670353043
9827,46 Norelco Dr,2,1,1,9.792557517228665e-05,0.005232347937048066
9828,Lake Shore Blvd West at Twenty Ninth St,2,1,1,0.0001356974391005971,0.006211541188146888
9829,Midland Ave at Finch Ave East,2,1,1,0.00011062853171393727,0.0056295193534666105
9831,Lake Shore Blvd West at Symons St,2,1,1,0.00012876568570084347,0.005931518502764781
9833,Yonge St at Rowanwood Ave,2,1,1,0.00011062853171393727,0.006120267971076139
9834,Islington Ave at Saybrook Ave,2,1,1,0.00014318241792827472,0.013806542165304393
9836,Davenport Rd at Laughton Ave,2,1,1,0.00013503750527973742,0.011504010823289855
9837,Avenue Rd at Melrose Ave,2,1,1,0.00011062853171393727,0.0012058698426201616
9838,Princess Margaret Blvd at Martin Grove Rd,2,1,1,0.00010490014806951883,0.007586862038829749
9839,Steeles Ave West at Thurman Rd,3,1,2,0.0001283498936842914,0.024086399989235348
9840,Midland Ave at Safari St,2,1,1,5.7317380721635926e-05,0.0022805898199347798
9841,Maybrook Dr at Newmill Gate,0,0,0,1.6598932385570904e-05,0.0
9842,Dufferin St at Holmesdale Rd,2,1,1,0.00010225231935066025,0.00010048915355168014
9843,Barber Greene Rd at Overland Dr,2,1,1,6.588102031848526e-05,0.004136285609328995
9844,Coxwell Ave at Memorial Park Ave South Side,3,2,1,0.00011306794249346018,0.00564248242895627
9845,Senlac Rd at Sheppard Ave West North Side,2,1,1,5.7844311818794835e-05,0.004113675031901319
9846,Wellesley St West at Bay St,2,1,1,7.439283066271429e-05,0.003881400819512261
9847,50 Claireport Cres,2,1,1,0.00011062853171393727,0.006723734581029349
9848,Danforth Ave at Caithness Ave,2,1,1,9.986286355289514e-05,0.008617463983372969
9849,Lawrence Ave West at Dufferin St,4,2,2,0.00015313184947086454,0.025200603146405313
9850,Warden Ave at Marble Arch Cres,2,1,1,0.00010835502253427027,0.00010048915355168014
9851,Weston Rd at Flindon Rd,2,1,1,0.00011830441079791032,0.0030619698218359694
9852,Humberline Dr at Finch Ave West,2,1,1,5.660939306946409e-05,0.0018991918332624416
9853,Warden Ave at Danforth Rd,2,1,1,0.00014666611453069238,0.011459494576386325
9854,Steeles Ave West at Walkway to Plunkett Rd,2,1,1,0.0001417645323531334,0.004494899050834218
9855,3160 Steeles Ave East,2,1,1,0.00013022235519697422,0.0
9857,Mill St at Trinity St,3,1,2,0.00014655486978669245,0.003743735320770071
9858,Wellesley St East at Sherbourne St,2,1,1,0.00013574246067655132,0.0023144786413076502
9859,Steeles Ave East at Warden Ave,5,2,3,0.0002197479547950172,0.02921628389628709
9860,Scarborough Golf Club Rd at Chandler Dr South Side,2,1,1,9.762027084385803e-05,0.0038545855109019724
9861,Kingston Rd at Neilson Ave,4,2,2,0.0001438765352714956,0.002258563863944553
9862,The Westway at Brampton Rd,2,1,1,0.00011581309818805066,0.0009044023819651212
9863,Rathburn Rd at The West Mall,2,1,1,0.00011062853171393727,0.008096385133677313
9864,Runnymede Rd at Deforest Rd,2,1,1,0.00011062853171393727,0.010166418545299873
9865,Danforth Rd at Savarin St,2,1,1,0.00010605058172061908,0.005237664823479371
9866,Pharmacy Ave at Chester Le Blvd (North),2,1,1,0.00011062853171393727,0.0009044023819651212
9867,156 Duncan Mill Rd,2,1,1,0.0001056627863400458,0.005231284559761804
9868,422 Lansdowne Ave,2,1,1,0.00011062853171393727,0.003617609527860485
9869,Ossington Ave at Dewson St South Side,2,1,1,0.00012565417623963917,0.006800430426984794
9870,Gulliver Rd at Keele St West Side,2,1,1,8.126223179715289e-05,0.003400680561463207
9871,120 Nugget Ave,2,1,1,0.00011469079562679348,0.0066282828365452785
9872,Main St Markham North at James Scott Rd,2,1,1,8.9496227610962e-05,0.0038106125053168865
9873,Kingston Rd at Ravine Dr,2,1,1,0.0001059955654075574,0.004837834963845172
9874,Albion Rd at Arcot Blvd South Side,2,1,1,0.00012684673022828668,0.01882390472139515
9876,Danforth Rd at Landry Ave,4,2,2,7.870269289881032e-05,0.011629715887638049
9877,New Westminster Dr at Katerina Ave,2,1,1,9.645372841871863e-05,0.002009783071033603
9878,Finch Ave East at Scottfield Dr,2,1,1,9.709114218703281e-05,0.0018949145363985629
9880,Broadview Ave at Danforth Ave,3,1,2,7.494801386755327e-05,0.00010048915355168014
9881,Rogers Rd at Day Ave,2,1,1,8.756055311333281e-05,0.000703424074861761
9882,Laurentide Dr at Bushbury Dr,2,1,1,4.608061591555416e-05,0.005251895736476765
9883,Kennedy Rd at Linwood Ave South Side,2,1,1,0.00010800392381260632,0.0008036781098174838
9884,Elmhurst Dr at Islington Ave,4,2,2,0.00012513640717353326,0.0893265671135564
9885,Jane St at St John's Rd,2,1,1,0.00014415831366452371,0.03230777681608895
9886,Willowdale Ave at Empress Ave,2,1,1,0.00011062853171393727,0.0008507018290089324
9888,Bathurst St at Davenport Rd,2,1,1,0.00011142092498569943,0.0013479588082948356
9889,Hullmar Dr at Ruthmar Cres (North),2,1,1,9.40445256984839e-05,0.004935665674181199
9890,Queen St West at Gladstone Ave,2,1,1,0.00011095292415945582,0.004545996883369889
9892,Burnhamthorpe Rd at Saturn Rd,2,1,1,0.00011062853171393727,0.005928328370905998
9893,Birchmount Rd at Harleyford Gate,2,1,1,0.00011062853171393727,0.014211505742237346
9894,Avenue Rd at Douglas Ave North Side,2,1,1,9.598232255843134e-05,0.002713207145895364
9895,Steeles Ave West at Bathurst St,3,1,2,0.00014247764203420454,0.027833006291081326
9896,Markham Rd at Turbina Ave,2,1,1,0.00015916763166766852,0.0
9897,Weston Rd at Wallasey Ave,2,1,1,5.062700380165858e-05,0.004807838862895222
9898,2200 Markham Rd,2,1,1,0.00016116962542851482,0.0
9900,Burnhamthorpe Rd at The East Mall,2,1,1,0.00011203658882626263,0.006933219906422799
9902,876 Broadview Ave,2,1,1,0.00025827345836284654,0.0336205496280798
9904,Warden Ave at Tower Dr,2,1,1,0.00010246137488580524,0.00020097830710336028
9905,Ellesmere Rd at Principal Rd,2,1,1,0.00010123508276020613,0.00010048915355168014
9906,Leslie St at Cummer Ave,2,1,1,7.093710027985555e-05,0.0025894388912519497
9907,Victoria Park Ave at Pleasant View Dr North Side,2,1,1,0.00016039327918814005,0.0028580923011484478
9908,The Westway at Celestine Dr West Side,2,1,1,9.583524015316247e-05,0.0015344534240748619
9909,Curity Ave at Hollinger Rd,2,1,1,8.251535425255968e-05,0.0023587834963845174
9910,Sherbourne St at Gerrard St East,2,1,1,0.0001081213002164379,0.002813696299447044
9911,Bathurst St at Nina St,2,1,1,0.00011169033173965794,0.0011840706082518078
9912,Richgrove Dr at Martin Grove Rd,2,1,1,0.00010911762593461099,0.00039398128455976183
9913,Mortimer Ave at Greenwood Ave,2,1,1,9.199631436401524e-05,0.00262860321303537
9914,Manse Rd at Hainford St,2,1,1,9.693816529060358e-05,0.01513292216078265
9917,Danforth Ave at Medford Ave,2,1,1,0.00010432425527885124,0.00010846448319863888
9918,Jane St at Annette St South Side,3,2,1,0.00023169226450809414,0.01605498006989587
9919,McCowan Rd at Highglen Ave,2,1,1,7.18517411733439e-05,0.004690557209698001
9920,Annette St at Evelyn Ave,2,1,1,0.00011062853171393727,0.002053422438896705
9922,150 Bridgeland Ave,2,1,1,5.955111948772777e-05,0.000449808592088473
9923,The Westway at Royal York Rd,3,2,1,0.00012810815844909593,0.00031901318587834965
9924,Middlefield Rd at Pebblewood Ave,2,1,1,0.00011458287812305955,0.005557741386643981
9925,Birchmount Rd at St Clair Ave East North Side,2,1,1,5.528591399926101e-05,0.007245852828583582
9926,McCowan Rd at Bridlegrove Dr North Side,2,1,1,7.699756884507498e-05,0.00045618885580604
9928,Deauville Lane at St Dennis Dr South Side,2,1,1,0.00010630181076042144,0.002662430880476393
9929,Victoria Park Ave at Southmead Rd,2,1,1,0.00011378027944988477,0.0
9930,Davisville Ave at Mt Pleasant Rd West Side,2,1,1,0.00013972021103020565,0.00828972220534322
9931,Albion Rd at Todd Brook Dr,2,1,1,8.27478388875926e-05,0.0037122020138976464
9932,Morning Star Dr at Netherwood Rd,2,1,1,7.627989372163093e-05,0.0012005529561888559
9933,Weston Rd at Ormont Dr,4,2,2,5.1156829718019344e-05,0.004831455840271902
9934,Lansdowne Ave at Dundas St West,2,1,1,0.00011062853171393727,0.002311250531688643
9935,Sentinel Rd at Stilecroft Dr (North),2,1,1,9.186800706502345e-05,0.0036669068029659265
9936,Davenport Rd at Shaw St,2,1,1,9.86055876033028e-05,0.007355221554285782
9937,Spadina Ave at Nassau St,2,1,1,0.00011104683309367142,0.001603041259038707
9938,Markham Rd at Greenbrae Circt,2,1,1,0.00011529753922589472,0.0
9939,Evans Ave at The East Mall,2,1,1,0.00011062853171393727,0.009470438111441938
9941,Kingston Rd at Lakehurst Dr,2,1,1,7.503713024956826e-05,0.0002004466184602297
9942,160 Carrier Dr,2,1,1,0.0001199780016989043,0.0019505662484049341
9943,Upper Canada Dr at Lord Seaton Rd (West),2,1,1,0.00011062853171393727,0.0005024457677584007
9944,Corporate Dr at Lee Centre Dr (West) West Side,4,2,2,0.00011519609617761765,0.044000699251124605
9945,120 McLevin Ave,2,1,1,0.0001242299565014064,0.00733170691140704
9948,Shorncliffe Ave at Newbridge Rd,2,1,1,0.00013142968849758218,0.004934602296894941
9949,York Mills Rd at Leslie St,4,2,2,0.00011946604454239528,0.12160050709720174
9950,Avenue Rd at Glenview Ave North Side,2,1,1,9.170015095384619e-05,0.0030146746065504043
9951,King St West at Peter St,2,1,1,9.832741083046564e-05,0.006465177769675856
9952,Bathurst St at Ulster St,2,1,1,0.00014334897272912862,0.0020398006927143464
9953,Bathurst St at Steeles Ave West South Side,2,1,1,0.00011062853171393727,0.0
9955,Nugget Ave at Transfer Pl,2,1,1,8.560456677205317e-05,0.007385172976038564
9956,Rathburn Rd at The East Mall West Side,2,1,1,8.995598688016753e-05,0.009402744129849153
9957,Dundas St West at Roncesvalles Ave East Side,4,3,1,0.00012707686703892454,0.010702286393262015
9958,Humberline Dr at Viewcrest Cir East Side,3,2,1,0.0002325653824830772,0.011195507452502484
9959,McCowan Rd at Highglen Ave South Side,2,1,1,0.00011062853171393727,0.009746916205869843
9960,Bellamy Rd North at Lynnbrook Dr,2,1,1,9.914486514984067e-05,0.006145257337303275
9961,Annette St at Runnymede Rd,2,1,1,0.00011062853171393727,0.0018524441317933449
9962,Wellesworth Dr at Rangoon Rd West Side,2,1,1,0.0001054943338857314,0.00047692471288813274
9963,Wintermute Blvd at River Grove Dr (South),2,1,1,3.662782869902921e-05,0.00016450446618460228
9964,Islington Ave at New Toronto St,2,1,1,0.00011250302295500735,0.006121685807457819
9965,Victoria Park Ave at Biscayne Blvd North Side,2,1,1,0.00011386972635311137,0.00040195661420672056
9966,2215 Steeles Ave West,2,1,1,0.00012968717525117592,0.0035574105581549225
9967,Gooch Ave at Magwood Crt,2,1,1,9.440461990542869e-05,0.0008972423082376293
9969,Yonge St at Dundas St West - Dundas Station,2,1,1,0.00011062853171393727,0.004178913228413441
9972,Islington Ave at Birmingham St,2,1,1,7.134813311860815e-05,0.00800953494966681
9973,The Donway East at Lawrence Ave East,2,1,1,0.00011044559134489395,0.0006837515950659294
9974,Culford Rd at Gracefield Ave,2,1,1,0.00010842917304426279,0.0023957890259464058
9975,Murray Ross Pkwy at Shoreham Dr North Side (Aviva Centre),2,1,1,8.669685730597066e-05,0.0
9976,Cosburn Ave at Roblin Ave,2,1,1,0.00011134106691145808,0.00020097830710336028
9977,Leslie St at Bond Ave,2,1,1,8.230077626363358e-05,0.0004923436835389196
9978,Bathurst St at Codsell Ave,2,1,1,0.0001219504311664099,0.002675988940876223
9979,Victoria Park Ave at Morecambe Gate,2,1,1,0.0001386217386287988,0.0039181296160241295
9980,O'Connor Dr at Wakunda Pl,2,1,1,9.732003245406005e-05,0.005991228297082189
9981,Pharmacy Ave at Walkway to Ecclesfield Dr,2,1,1,0.00010264897987788675,0.002210761378136963
9982,Wilson Ave at Epic Lane Rd East Side,2,1,1,0.00017441313661546002,0.0003014674606550404
9983,Bayview Ave at Wood Ave,3,2,1,0.00020098467438782228,0.011552709333414353
9984,Gerrard St East at Clonmore Dr West Side,2,1,1,7.934196244064777e-05,0.007027647419927301
9986,McCowan Rd at Bullock Dr - Centennial GO Station,2,1,1,9.821525171069067e-05,0.008726074011059124
9987,High Park Ave at Dundas St West,2,1,1,9.712435874111283e-05,0.005362079965971927
9989,Weston Rd at Cardell Ave,3,1,2,0.00022350753160470095,0.0006704593789876648
9990,Spadina Ave at Bremner Blvd,2,1,1,0.00011062853171393727,0.004734155678434709
9991,Port Union Rd at Lawrence Ave East North Side,2,1,1,0.00011795523973889279,0.004591977965154586
9992,Victoria Park Ave at Navaho Dr,2,1,1,0.00013519141698976943,0.0038176404624724494
9993,Pharmacy Ave at Gordon Baker Rd,2,1,1,0.00011062853171393727,0.0015073373032752021
9994,Brenyon Way at Wickson Trail South Side,2,1,1,7.269551522566998e-05,0.0016227137388345385
9995,Finch Ave East at Milliken Blvd,2,1,1,0.00010770108343505114,0.0
9998,Dawes Rd at Park Vista South Side,2,1,1,0.00010167102819977239,0.008002268538210693
9999,Pharmacy Ave at Princeway Dr,2,1,1,0.00010831828237999972,0.007233623989791578
10000,Birchmount Rd at Highway 401 - Walkway North of Rolark,2,1,1,0.00011100592836235307,0.002226393024245002
10003,Gerrard St East  at Bowmore Rd,2,1,1,0.00011576306205525453,0.0045340635190699
10005,Jane St at Yorkwoods Gate,2,1,1,0.00010446461995158082,0.00010048915355168014
10007,Lawrence Ave West at Duplex Ave,2,1,1,0.00010586995833983476,0.008914144943387818
10010,Elmhurst Dr at Albion Rd West Side,4,2,2,8.795699543886253e-05,0.06382034236451012
10011,Eglinton Ave East at Redpath Ave,3,1,2,0.0001796692065999026,0.012462402249061134
10012,251 Consumers Rd,2,1,1,8.344916540964939e-05,0.0036754952931087187
10013,Neilson Rd at McLevin Ave,2,1,1,0.00010687695490368466,0.0016077885562041244
10014,Runnymede Rd at Henrietta St,2,1,1,9.403086242493815e-05,0.0017040621012335178
10016,709 Milner Ave,2,1,1,0.00010086750307101563,0.0012058698426201616
10017,289 Horner Ave,2,1,1,0.00012336269846984738,0.009091704507570096
10018,The East Mall at Yarn Rd South Side,2,1,1,8.862602734289484e-05,0.004563260083203484
10019,Steeles Ave East at Bluffwood Dr,2,1,1,0.00011062432193276913,0.0
10020,Horner Ave at Beta St,2,1,1,6.049212185667351e-05,0.0001999149298170991
10021,Berry Rd at Stephen Dr,2,1,1,7.952302044432418e-05,0.007396238916336747
10022,Bloor St West at Dovercourt Rd,2,1,1,0.00010454825237835014,0.0177196307796547
10023,Queen St East at Carroll St,3,2,1,0.00018607955740744354,0.009932069426301184
10024,Victoria Park Ave at Conroy Ave,2,1,1,0.00012946737263843213,0.013736350539128483
10025,Westlake Ave at Hamstead Ave,2,1,1,0.00010894898457073978,0.0017083156103785623
10026,Old Finch Ave at Kengate Dr,3,2,1,0.00010711194507307016,0.0031311055579186166
10027,Queen St East at Empire Ave,2,1,1,0.00014622485866943563,0.004491691847072536
10028,4600 Bathurst St,2,1,1,0.00012397168922782397,0.002776478094427903
10029,Markham Rd at Eglinton Ave East,4,2,2,0.00012323577611432168,0.011019415496951651
10030,143 Church St,2,1,1,7.363342733270623e-05,0.0016364253981757174
10031,Trethewey Dr at Todd Baylis Blvd,2,1,1,8.541516069984466e-05,0.00040195661420672056
10032,Kipling Ave at Dixon Rd North Side,4,2,2,0.00011688479569848251,0.007122766907698852
10033,Rogers Rd at Scott Rd,4,2,2,0.00021956177442570242,0.0019794134137936527
10034,Crow Trail at Bradstone Sq,2,1,1,7.903834133447734e-05,0.0036598239182245983
10036,Dundas St West at Denison Ave,2,1,1,0.00011026329405330995,0.008147132594708095
10038,Dundas St East at River St,2,1,1,0.00011062853171393727,0.011479225321207456
10039,The West Mall at Burnhamthorpe Rd,4,1,3,0.00012014191732709399,0.0038525250065174735
10040,Southwood Dr at Glen Ames,2,1,1,0.00011558475350002039,0.001114951084644832
10041,Ellesmere Rd at Borough Approach East,2,1,1,8.02910189489315e-05,0.00010048915355168014
10042,Wellesworth Dr at The West Mall,2,1,1,0.00011110524326983086,0.0013063589961718417
10043,Danforth Rd at Eglinton Ave East,2,1,1,9.33578411302664e-05,0.0
10044,Consumers Rd at Sheppard Ave East South Side,2,1,1,3.788395765340446e-05,0.004259521049310125
10045,Keele St at Rustic Rd,2,1,1,0.0001019939201967842,0.0
10046,Opposite 38 Carnforth Rd,2,1,1,0.00011062853171393727,0.0005499787324542749
10047,Lawrence Ave East at Dinnick Cres East Side,2,1,1,0.00012105047364689518,0.008524948856616232
10048,682 Warden Ave,2,1,1,8.605315405159743e-05,0.007028192157339329
10049,Victoria Park Ave at Esquire Rd,3,2,1,0.00015974574150451703,0.004399191833262442
10051,Dixon Rd at Royal York Rd East Side,4,2,2,0.00011440690654481852,0.011893731372585559
10052,Davenport Rd at Lansdowne Ave,2,1,1,8.551183057682986e-05,0.007379264181683085
10053,Kipling Ave at Torlake Cres (North),2,1,1,0.00010435674423059808,0.0
10054,Rathburn Rd at Melbert Rd,2,1,1,0.00010542468018438333,0.008498341747884034
10055,St Clair Ave East at Fermoy Rd,3,2,1,0.00015900290196910657,0.0031931407331503036
10056,Sheppard Ave East at Glen Watford Dr East Side,2,1,1,9.448312728560482e-05,0.00010048915355168014
10057,Avon Loop at Weston Rd,3,2,1,0.00013664189916870296,0.014432874140219997
10058,Dufferin St at Lappin Ave South Side,2,1,1,9.757018467001756e-05,0.00010048915355168014
10059,Dupont St at Christie St,2,1,1,0.00011062853171393727,0.00943900683643716
10060,Finch Ave East at Willowdale Ave,4,2,2,0.00017032409151979867,0.017601447263560818
10061,Kingston Rd at Morningside Ave,2,1,1,7.671836589767867e-05,0.002481036438395009
10063,McCowan Rd at Steeles Ave East,2,1,1,0.00010598208859730575,0.0068396427052318165
10064,Dundas St West at East Mall Cres,8,3,5,0.00033563992492086433,0.09937567599501602
10066,Baldoon Rd at Finch Ave East,4,2,2,0.0001626496770180153,0.0037794791814357953
10067,Steeles Ave East at Walkway to Enchanted Hills Cres,2,1,1,9.465369791862303e-05,0.0
10068,Mt Pleasant Rd at Heath St East,2,1,1,9.000789102994175e-05,0.0016310688460837335
10069,Royal York Rd at Romney Rd,2,1,1,9.182398124013918e-05,0.0036418656068339713
10071,Progress Ave at Milner Business Crt South Side,3,1,2,8.78530120832694e-05,0.006666861538974782
10072,Birchmount Rd at Sheppard Ave East,2,1,1,0.00011062853171393727,0.014010527435133986
10073,Spadina Ave at College St North Side,2,1,1,0.00011099976254982827,0.0015025521054870268
10074,Progress Ave at Cosentino Dr West Side,2,1,1,6.282562817738845e-05,0.001993989070000608
10075,Lumsden Ave at Oak Park Ave,2,1,1,0.00011062853171393727,0.011302571737067696
10076,Senlac Rd at Park Home Ave North Side,2,1,1,8.299880996925457e-05,0.0037117184176945982
10077,Queens Park Cres at College St (Queens Park Statio,0,0,0,1.6598932385570904e-05,0.0
10078,Eglinton Ave East at Rumsey Rd,2,1,1,0.00011722970680320946,0.02118483543228228
10079,Bay St at Grosvenor St,2,1,1,0.00010168054502638786,0.004175820958087524
10080,Warden Ave at McNicoll Ave North Side,4,2,2,0.00012012666646857057,0.0184474192155498
10081,Oakdale Rd at Sheppard Ave West,4,2,2,0.00016369905798721985,0.0006716389912370346
10082,Annette St at Gilmour Ave,2,1,1,0.00011062853171393727,0.001952933285345025
10083,Danforth Ave at Eastwood Ave,2,1,1,0.00010326117919965528,0.00020895363675031903
10084,Bermondsey Rd at Sunrise Ave,2,1,1,0.00010073438133243926,0.003203122784630654
10085,Bayview Ave at Cummer Ave,2,1,1,0.00010941216849718984,0.00802903019991493
10087,Sheppard Ave West at Keele St,4,2,2,0.00016575067183146437,0.009951153337938638
10088,Douglas Dr at Douglas Dr - Chorley Park,2,1,1,0.00011062853171393727,1.2760527435133986e-05
10090,Don Mills Rd at Kern Rd North Side,2,1,1,9.434711067285412e-05,0.00010048915355168014
10091,755 Oakdale Rd,2,1,1,7.406763132473509e-05,0.0018036119381823334
10092,Belfield Rd at C.N. West Spur,2,1,1,8.37112092745862e-05,0.0011250563061575487
10093,Danforth Rd at Birchmount Rd West Side,2,1,1,0.00010933349559075073,0.01116261585848933
10095,Meadowvale Rd at Ellesmere Rd,2,1,1,9.597986928576237e-05,0.0009864596625549411
10097,Caledonia Rd at Rogers Rd,2,1,1,0.00010967622021758734,0.005124946831135687
10099,Progress Ave at Rosebank Dr,2,1,1,7.86346892394417e-05,0.006867839846078142
10100,Islington Ave at Holgate St,2,1,1,0.00013077361890989048,0.00010048915355168014
10101,Burnhamthorpe Rd at The West Mall,2,1,1,0.00011057026246338289,0.006832730752871119
10102,Bathurst St at Queens Quay West North Side Billy Bishop Airp,2,1,1,7.829623653006902e-05,0.009735826699884547
10103,Eglinton Ave East at Warden Ave,2,1,1,8.686748164283428e-05,0.020116772459073607
10104,Finch Ave East at Estelle Ave,2,1,1,0.0001067510979483678,0.0
10105,Park Lawn Rd at The Queensway South Side,2,1,1,8.12923545165176e-05,0.003299039415851411
10106,Danforth Rd at Glenshephard Dr (West),2,1,1,0.0001040192975477013,0.00619953346431441
10107,Avenue Rd at Carmichael Ave,2,1,1,0.00011062853171393727,0.0016078264568268822
10108,Willowdale Ave at Spring Garden Ave,2,1,1,6.167406306564185e-05,0.0020342407486176094
10109,O'Connor Dr at Milton Rd,2,1,1,8.899000587022241e-05,0.0065228448886998445
10110,Upper Highland Cres at York Mills Rd,2,1,1,0.00011062853171393727,0.0
10111,Lawrence West Station,5,2,3,0.00011348986658160146,0.01962370220312711
10112,Midland Ave at Lorraine Ave,2,1,1,0.00011062853171393727,0.00016786353782192892
10113,Steeles Ave East at Mountcastle Gate,3,2,1,0.00023176433541043876,0.01406135686941727
10115,College St at Augusta Ave,2,1,1,0.00010661106370546625,0.004577165708379531
10116,Bannatyne Dr at Davean Dr,2,1,1,7.336226145563621e-05,0.006136750319013186
10118,6655 Airport Rd,2,1,1,8.919291120164854e-05,0.0029056784347086346
10119,Old Finch Ave at Valley Centre Dr (West) West Side,2,1,1,8.325236190426602e-05,0.0015628190131858784
10120,Danforth Rd at Midland Ave,2,1,1,0.00011440065992707939,0.0034263790645171015
10121,Bloor St West at Runnymede Rd,2,1,1,7.390547324847714e-05,0.014086070592500295
10122,Brimley Rd at Danjohn Cres (North),2,1,1,0.00010189992308268212,0.000703424074861761
10123,Yonge St at Davisville Ave North Side,2,1,1,0.00013200708729055178,0.009248635332482633
10124,Finch Ave West at Greenview Ave,2,1,1,0.00010956624293609367,0.0017496100949950376
10126,St Dennis Dr at Linkwood Lane,2,1,1,8.220050358087591e-05,0.00608570820927265
10127,Steeles Ave East at Henderson Ave,2,1,1,0.00010974961187648443,0.00040195661420672056
10128,Weston Rd at Dee Ave,2,1,1,0.00012466334982798305,0.00010048915355168014
10129,75 Milner Ave,2,1,1,6.852188570074456e-05,0.002311250531688643
10131,Markham Rd at Passmore Ave,4,2,2,0.00011413553858045252,0.025599189875270014
10132,Dundas St West at Humberside Ave,2,1,1,0.00011840263739633874,0.01271546758414684
10133,Finch Ave East at Leslie St - Old Cummer GO Station,4,2,2,0.00014423469983874276,0.015749188541856557
10134,Bay St at Cumberland St - Bay Station,2,1,1,0.00010618081254264175,0.0024176291594411544
10136,Steeles Ave West Loop at Islington Ave,5,2,3,0.00016529303211115955,0.0037955749113319243
10137,Jane St at Foxwell St,4,2,2,0.0001371403013986446,0.03751246153962003
10138,St Regis Cres at Keele St,2,1,1,5.5352714109791924e-05,0.0007046140446821007
10139,John Garland Blvd at Kipling Ave,2,1,1,7.356170377985305e-05,0.003855755803177751
10140,Jane St at Driftwood Ave North Side,2,1,1,8.277695486897147e-05,0.0
10141,Hinton Rd at Elmhurst Dr,2,1,1,0.00012040619917261973,0.00020895363675031903
10142,Uphill Ave at Woodward Ave,2,1,1,5.5065586656266225e-05,0.001957345278604849
10144,Longbourne Dr at Willowridge Rd,2,1,1,0.00010854090104919745,0.0005949595916631221
10145,Dufferin St at Samor Rd South Side,2,1,1,0.00012191896261030233,0.00010048915355168014
10146,Parliament St at Queen St East,2,1,1,0.00010168747115703585,0.0007707206659780032
10147,Caledonia Rd at Cartwright Ave,2,1,1,0.00010805044270567596,0.0005024457677584007
10148,O'Connor Dr at Athlone Rd West Side,2,1,1,8.178089194027589e-05,0.00937430739676122
10150,Parkside Dr at Howard Park Ave,2,1,1,0.00010661402366663204,0.0035761378136962996
10152,673 Warden Ave,2,1,1,0.00013176286228073106,0.017121493248114898
10153,Spadina Rd at Heath St West,2,1,1,9.337643583025843e-05,0.007630002104101187
10155,Sheppard Ave East at Tallpines Crt,2,1,1,9.78131343978532e-05,0.0015195661420672054
10156,Weston Rd at Albion Rd South Side,5,3,2,0.0001297019568981595,0.07217013305818966
10157,Gateway Blvd at Don Mills Rd,2,1,1,0.00019117539723663483,0.004720331773713313
10159,Victoria Park Ave at Valdane Dr,2,1,1,0.00010812172275632327,0.0005001613768544979
10160,Weston Rd at Steeles Ave West South Side,2,1,1,2.070041829503234e-05,0.004265685746422435
10161,Sheppard Ave West at John Drury Dr,4,2,2,0.00023471970512667058,0.01308783941154363
10162,Dufferin St at Dolomite Dr,2,1,1,0.00010719056866469572,0.0022299528063032957
10163,Lake Shore Blvd West at Islington Ave,2,1,1,0.00012103523400748358,0.0054290727350063805
10164,4717 Jane St,2,1,1,8.422974477110303e-05,0.00010048915355168014
10165,Victoria Park Ave at Sweeney Dr South Side,2,1,1,0.00011320206754642304,0.00529657592513824
10166,Lake Shore Blvd West at Park Lawn Rd West Side,2,1,1,0.00011190980294553896,0.0025448435280055587
10167,Lawrence Ave East at Bridgeport Dr,2,1,1,9.549146941814578e-05,0.0020140579545964614
10170,Sutherland Dr at Rolph Rd,2,1,1,9.493666560828022e-05,0.008107073231249118
10171,1234 Dupont St,2,1,1,0.00011062853171393727,0.0033597814350685468
10172,O'Connor Dr at Glenwood Cres,5,2,3,0.00023717938432351858,0.014586542347840731
10173,Pharmacy Ave at Dawes Rd,2,1,1,0.0001018950064128536,0.0022720076340078466
10175,Dundas St West at Chelsea Ave North Side,3,2,1,0.0001102223516632561,0.004109267612885894
10176,Huntingwood Dr at Kittery Blvd,2,1,1,9.398939824117566e-05,0.0013317914362682545
10177,Mill Rd at Rathburn Rd Loop,2,1,1,0.00010337192946202037,0.008699320054987393
10178,Keele St at Junction Rd,3,1,2,0.00014739349967960642,0.0023456746860351712
10179,Dupont St at Symington Ave,2,1,1,0.00011062853171393727,0.0030583139744135065
10180,Cherry St at Unwin Ave North Side,2,1,1,8.222048057286499e-05,0.00014874952995641693
10181,Warden Ave at Mack Ave North Side,2,1,1,0.00013975100827006725,0.017422960708769943
10182,Carlingview Dr at Meteor Dr South Side,2,1,1,0.00013050894402314068,0.005185496734402656
10183,Queen St West at John St,2,1,1,0.00011107620804605848,0.005651377572438371
10184,Linkwood Lane at Opposite 5 Shady Golfway,2,1,1,5.386728735164228e-05,0.0014499149298170992
10186,Chaplin Cres at Duncannon Dr,2,1,1,8.72665567658797e-05,0.0018278695995624964
10188,Lambton Ave at Weston Rd West Side,2,1,1,5.6703800514687506e-05,0.00128792017303164
10189,195-205-215 Wynford Dr,2,1,1,0.00010439158788706825,0.005626329221607827
10190,Crescent Rd at Cluny Dr,2,1,1,0.00011062853171393727,1.3292216078264569e-05
10191,Ranee Ave at Mikado Ave,3,2,1,0.0001466201315925751,0.0019092939174819227
10192,280 Yorkland Blvd (North),2,1,1,8.947870934262865e-05,0.007331938053439541
10193,32 Carluke Cres,2,1,1,0.00011062853171393727,0.0016078264568268822
10194,Disco Rd at Brockport Dr West Side,2,1,1,0.00010838142551281973,0.00029601765206295195
10195,The Donway East at Dutch Myrtleway,2,1,1,0.00010805548503305405,0.0008847299021692897
10196,Yonge St at Park Home Ave,2,1,1,8.572883022058591e-05,0.009120117691521911
10197,St Clair Ave East at Glenburn Ave,3,1,2,0.0001511752299091384,0.00813991266412881
10198,Keele St at West Toronto St,3,1,2,0.00012292595103330115,0.0
10199,Evans Ave at Arnold St,2,1,1,9.141835812872799e-05,0.003263586689788306
10200,Islington Ave at Kingsmoor Gate North Side,2,1,1,0.00010119400417312287,0.002690983668297178
10202,Sheppard Ave East at Rainbow Ridge Ave,2,1,1,0.0001020476839688168,0.00069774855922803
10205,McCowan Rd at 14Th Ave,2,1,1,7.767141636950687e-05,0.004613668085215529
10206,Newgale Gate at Finchdene Sq West Side,2,1,1,0.00010188345723513009,0.0005835282858358146
10208,2980 Don Mills Rd,4,2,2,0.00020227298804079946,0.04011480899706655
10209,Yonge St at Elmhurst Ave,2,1,1,9.215314581872061e-05,0.00891913938441855
10210,Ossington Ave at Essex St,2,1,1,0.000146221222256083,0.004983072170279742
10212,Birchmount Rd at Canadian Rd,2,1,1,0.00011062853171393727,0.014814440663547427
10213,Kennedy Rd at Lawrence Ave East,2,1,1,0.0001275161345669485,0.015000156658260924
10215,Bayview Ave at Finch Ave East North Side,2,1,1,0.00011062853171393727,0.003756346083733366
10216,Finch Ave West at Sentinel Rd,2,1,1,5.3261385291557194e-05,0.0063810827712624816
10217,Huntingwood Dr at Victoria Park Ave,3,1,2,0.00011062853171393727,2.543244009641287e-05
10218,Willowdale Ave at Otonabee Ave,2,1,1,7.241607449719767e-05,0.002157060825180774
10219,Opposite 215 Horner Ave,2,1,1,7.819369798077458e-05,0.0010744364100382818
10220,Milner Ave at Burrows Hall Blvd,2,1,1,0.00010369592709482043,0.0004168438962143769
10221,Royal York Rd at Usher Ave,2,1,1,0.0001330952280775165,0.005262098132000567
10224,Carlingview Dr at Renforth Dr,2,1,1,0.00012740016031061882,0.005085007580850976
10225,Don Mills Rd at Wynford Dr,3,1,2,0.0001008743341605575,0.012962164228539191
10226,Yonge St at Front St West,2,1,1,0.00014574389557706917,0.005093175026448102
10227,McNicoll Ave at Innislawn Rd,2,1,1,0.00010836425999427216,0.002947238763646675
10228,Kennedy Rd at Stratton Ave,2,1,1,0.00010630085776396555,0.004420459378987665
10229,St Dennis Dr at Opposite 195-205-215 Wynford Dr,3,2,1,0.00013929631968363722,0.007334644831986389
10230,Queen St East at Logan Ave,2,1,1,0.0001533871738405751,0.004592181000624217
10232,Don Mills Rd at Fairview Mall Dr North Side,2,1,1,0.0001515957695028941,0.015357294949626017
10233,Brenyon Way at Pioneer Pathway,2,1,1,0.00011062853171393727,0.00010048915355168014
10234,Finch Ave East at Winlock Park,2,1,1,9.596902254046526e-05,0.0003014674606550404
10235,Opposite 709 Milner Ave,2,1,1,0.00010353848723377549,0.0006178222033177372
10236,The Pond Rd at Ian MacDonald Blvd,2,1,1,0.0001118029018484943,0.00020097830710336028
10237,Lawrence Ave East at Bellamy Rd North West Side,2,1,1,0.00014762131249070404,0.00020097830710336028
10238,Bannatyne Dr at Leslie St,2,1,1,0.00011062853171393727,0.004729902169289664
10241,Hackberry St at Elswick Rd,2,1,1,9.488297284520361e-05,0.0008533602722245853
10242,Prince Edward Dr South at Bloor St West South Side,2,1,1,0.00012457175323530404,0.012303104789015041
10243,Louvain St at Humber Blvd,2,1,1,8.243173378319672e-05,0.00024298170991067633
10244,Brimley Rd at Lombardy Cres North Side,2,1,1,0.00011663584019234693,0.007947496141636923
10245,Kipling Ave at Hinton Rd,2,1,1,0.00011002277559506022,0.004328933377057155
10247,Steeles Ave East at Markham Rd West Side,2,1,1,9.905742725482041e-05,0.007699057184249656
10248,McNicoll Ave at Stonebridge Blvd,2,1,1,0.00012886023145355655,0.006479157805189282
10249,The Westway at Kipling Ave,2,1,1,9.333820604493347e-05,0.001634942577626542
10250,Greenwood Ave at Oakvale Ave South Side,2,1,1,0.00010321577041054139,0.0010589465475684106
10251,Burnhamthorpe Rd at Burnhamthorpe Park Blvd West Side,2,1,1,0.00010911457370842837,0.00763664398128456
10252,Lawrence Ave West at Dufflaw Rd,2,1,1,0.00016669773848245213,0.00010048915355168014
10253,Lawrence Ave East at Brimley Rd,2,1,1,0.0001184298681537592,0.00010048915355168014
10254,Willowdale Ave at Byng Ave,2,1,1,0.00010418578728037682,0.001152169289663973
10255,Gerrard St East at Malvern Ave,2,1,1,9.757416561970793e-05,0.011264142528391783
10256,Midland Ave at Baylawn Dr,2,1,1,9.197065635132773e-05,0.002642110941123201
10258,Hullmar Dr at Shoreham Dr,2,1,1,8.8797968770832e-05,0.00513664398128456
10259,The Bridle Path at Saintfield Ave,2,1,1,8.307484148030648e-05,0.0028304563875870005
10260,Opposite 451 The West Mall,2,1,1,0.00011062853171393727,0.0009044023819651212
10261,McCowan Rd at Manhattan Dr,2,1,1,0.00011062853171393727,0.010651318587834965
10262,Royal York Rd at Bell Royal Crt North Side,2,1,1,9.704383934010556e-05,0.003440887299730611
10264,Leslie St at Eglinton Ave East North Side,2,1,1,9.791638276165094e-05,0.003061906281015171
10265,Bay St at Hagerman St,2,1,1,0.00010652220343527043,0.008412316066552007
10266,Lawrence Ave East at West Hill Dr,2,1,1,0.00017860531642292286,0.018169644123068204
10267,Dundas St West at Chelsea Ave,3,1,2,0.00011313292666115102,0.0124140001234918
10268,Lawson Rd at Centennial Rd West Side,2,1,1,9.482825336139624e-05,0.0010059549128030626
10269,Roywood Dr at Marbury Cres (East) East Side,2,1,1,0.0001032303540311765,0.005863994045087197
10270,Dupont St at Huron St West Side,2,1,1,0.0001111197009776591,0.004465162124137028
10271,Maniza Rd at Plewes Rd,2,1,1,5.483944248397284e-05,0.0018559478236211543
10272,Birchmount Rd at Newlands Ave,2,1,1,6.800442957731446e-05,0.0008212817240890402
10273,Queen's Plate Dr (West) at Janda Crt,2,1,1,0.00010523900999509403,0.0015719430118389338
10275,Cosburn Ave at Gledhill Ave,3,2,1,0.00011199319320218481,0.0006029349213100808
10276,Dufferin St at Alma Ave,2,1,1,8.681012654352725e-05,0.00010048915355168014
10277,Spadina Ave at Front St West,2,1,1,0.00011062853171393727,0.0048346448319863886
10279,Gerrard St East at Greenwood Ave,2,1,1,0.00011380799603442248,0.004039013287152377
10280,Royal York Rd at Country Club Dr,2,1,1,0.00014772309827052924,0.00406050616758826
10282,Dundas St West at Humber Hill Ave,2,1,1,0.00010234235396954752,0.002111618797337641
10283,Sewells Rd at Hupfield Trail West Side,2,1,1,0.00010595881046020146,0.0059874344250673475
10284,McCowan Rd at Eglinton Ave East South Side,2,1,1,5.2305855895403794e-05,0.0010318304267687508
10285,Bloor St West at Avenue Rd,2,1,1,0.00010702021222427826,0.009982131500741462
10286,Sheppard Ave East at Wilfred Ave,2,1,1,0.00010404898705527015,0.01470469126612789
10287,Dundas St West at Jane St,3,1,2,0.00011680426136064293,0.0069569919854932955
10288,Steeles Ave East at Old Kennedy Rd,3,2,1,0.0001973970756410101,0.009462994470438111
10290,Lawrence Ave West at Bolingbroke Rd,2,1,1,0.00020649921727172287,0.004037130632772035
10292,Islington Ave at Kingsmoor Gate South Side,2,1,1,0.0001115071764385957,0.004563607957334031
10293,Islington Ave at Resources Rd South Side,2,1,1,0.00018627759289054356,0.0
10294,Sheppard Ave West at Northover St,4,2,2,0.00014823168117817197,0.0177444485296004
10295,Carluke Cres at Fifeshire Rd (West),2,1,1,0.00011062853171393727,0.001406848149723522
10296,Huntingwood Dr at Kennedy Rd,2,1,1,9.90422772256378e-05,0.0011308131291648945
10297,Leslie St at Esther Shiner Blvd,2,1,1,9.176432085498517e-05,0.005855820080245855
10298,Military Trail at University of Toronto Scarborough,3,2,1,0.00016127606664740682,0.002535906706366085
10299,Midland Ave at Gilder Dr,2,1,1,6.004548582935281e-05,0.0035032964695874097
10300,Islington Ave at St Andrews Blvd,2,1,1,0.00011446141061884963,0.00010048915355168014
10301,Markland Dr at Cherry Post Cres (North),2,1,1,9.302686124738383e-05,0.005634836239897915
10302,Yonge St at Lawrence Ave East North Side - Lawrence Station,2,1,1,0.00010508393331248709,0.0068330674890117685
10303,Weston Rd at Ernest Dockray Ave,2,1,1,0.0001023929755775006,0.00010048915355168014
10304,Caledonia Rd at Bridgeland Ave South Side,2,1,1,7.371972268664945e-05,0.0002488302849851127
10306,Bloor St East at Yonge St,2,1,1,0.00010559854447257362,0.010183109807844822
10307,Sutherland Dr at Hanna Rd,2,1,1,9.528893611071148e-05,0.010381784993374546
10308,Pleasant View Dr at Brian Dr,2,1,1,6.870182801229792e-05,0.006740641013955562
10309,Atkinson Ave at Rosedale Heights Dr (North),2,1,1,0.00010671818471924178,0.0016078264568268822
10310,Ellesmere Rd at Bellamy Rd North,4,2,2,0.00016300851826122302,0.016051817228380078
10312,Queen St East at Glen Manor Dr,2,1,1,5.2894199131276036e-05,0.0
10313,Bathurst St at Eglinton Ave West North Side,2,1,1,0.00011093935637719311,0.0004806465333900468
10314,Prince Edward Dr South at Glenellen Dr West,2,1,1,0.00011797707264411188,0.011901148174808321
10315,Kennedy Rd at Trojan Gate,2,1,1,0.00010074485365239378,0.0013015737983836666
10317,York Mills Rd at Sandfield Rd,2,1,1,0.00019573419649548458,0.00010048915355168014
10318,Willowdale Ave at Newton Dr,2,1,1,0.00011062853171393727,0.0006273925988940876
10319,Kipling Ave at Mattice Rd,2,1,1,0.0001637414806314553,0.006130951945611539
10320,Aukland Rd at Dundas St West,2,1,1,6.180972322636122e-05,0.005440461688184419
10321,Avenue Rd at Hillhurst Blvd,2,1,1,0.00011062853171393727,0.00020097830710336028
10322,Islington Ave at Allenby Ave,2,1,1,0.00011024895633844704,0.0
10323,Markham Rd at Nashdene Rd,3,2,1,0.00012602567773526693,0.026604081410786816
10324,Steeles Ave West at Norfinch Dr,2,1,1,0.00011136747982588374,0.0026227699608129093
10326,Martin Grove Rd at Gihon Spring Dr,2,1,1,0.0001237114656891587,0.002586956778593548
10327,Dundas St West at Subway Cres,2,1,1,0.0002179643914881097,0.0077970302772514604
10328,Victoria Park Ave at Gordon Baker Rd,4,2,2,0.00011413957396300779,0.007193500025778843
10329,20 Lesmill Rd,2,1,1,0.00011062853171393727,0.0048293279455550835
10330,Christie St at Tyrrel Ave,2,1,1,8.000622794620711e-05,0.001712569119523607
10331,Caledonia Rd at Glengrove Ave,2,1,1,0.00011923567188995056,0.0037417588260314763
10332,Kingston Rd at Chine Dr,2,1,1,0.00013845421899517251,0.00634458260853944
10333,Spadina Rd at Bernard Ave,2,1,1,0.00011062853171393727,0.010687314280785143
10334,590 Rathburn Rd,2,1,1,0.00010091687353360073,0.008900298362090752
10335,Ossington Ave at Hallam St,2,1,1,0.0001015443337492676,0.00650488124756998
10336,Keele St at Wandle Ave,3,1,2,0.00013389369409006453,0.02895273038226691
10337,60 Belfield Rd,2,1,1,5.0065278616318225e-05,0.0016275020739159494
10338,Kingston Rd at Hunt Club Dr,2,1,1,0.00011270792645877469,0.0004615209333414352
10339,Islington Ave at Anglesey Blvd,4,2,2,0.00020138080972113842,0.006163334751169715
10340,Annette St at Runnymede Rd,2,1,1,7.768834571398152e-05,0.011448789907470766
10341,Cummer Ave at Bayview Ave,2,1,1,8.984616359970012e-05,0.002341078264568269
10342,Antibes Dr (North) at Torresdale Ave,2,1,1,0.00010817603515958927,0.0013063589961718417
10343,Lloyd Manor Rd at Rathburn Rd,2,1,1,0.00010273599269918537,0.00045565716716290943
10344,Finch Ave East at Walkway to Sprucewood Crt,2,1,1,9.053475784517051e-05,0.00010048915355168014
10345,Carlaw Ave at Queen St East,2,1,1,0.00010655003109000141,0.014552978285007208
10347,Wellesley St East at Sherbourne St,2,1,1,9.868049059782397e-05,0.004474233656602861
10348,Humberwood Blvd at Hullrick Dr (South),2,1,1,0.00012734142885029693,0.0015613092389763221
10349,Scarlett Rd at La Rose Ave,2,1,1,8.923830609352642e-05,0.0017001187437969659
10351,Kipling Ave at Finch Ave West,2,1,1,0.00010009671715608109,0.0006029349213100808
10353,Meadowvale Rd at Zoo Rd,4,1,3,9.73638508954591e-05,0.0008278392173543173
10355,Markham Rd at Elson St,2,1,1,4.52021163707291e-05,0.004514036580178647
10356,Steeles Ave East at Milliken Go Station,4,2,2,0.0001946307701160918,0.010215977542619143
10358,Jane St at William Cragg Dr North Side,2,1,1,9.439493611066135e-05,0.00014196086771586558
10359,The Westway at Wincott Dr,2,1,1,8.993103970904569e-05,0.0018359208847299022
10360,Hoskin Ave at Tower Rd - Wycliffe College,2,1,1,9.462563609724536e-05,0.003028004800388892
10361,Marlee Ave at Roselawn Ave,3,2,1,0.00018726625964057006,0.004033226742419639
10362,Martin Grove Rd at Royalcrest Rd,2,1,1,0.00013674037273541235,0.001273061994895789
10364,Midland Ave at Brussels Rd,2,1,1,0.00011062853171393727,6.737438427024877e-05
10365,Bayview Ave at Broadway Ave,2,1,1,0.00010059257757683105,0.004834941058516133
10368,Finch Ave East at Sandhurst Cir (East),3,1,2,0.00014441944135423467,0.0013706047072167874
10369,Queen St West at Peter St,2,1,1,0.00010165741901529857,0.002051387742384173
10370,Sherbourne St at Dundas St East,2,1,1,0.00011062853171393727,0.0010048915355168014
10371,Royal York Rd at Eglinton Ave West,3,2,1,0.00017259758636374917,0.004361973628243301
10372,Danforth Rd at Medford Ave,2,1,1,6.746547898754152e-05,0.002435177870949883
10373,Crow Trail at Tapscott Rd,2,1,1,9.6452609899443e-05,0.0004867609527860485
10374,Evans Ave at Bellman Ave East Side,2,1,1,8.003224576623523e-05,0.0035650541504433464
10375,The East Mall at West Deane Valley Rd,2,1,1,0.00010304894656390528,0.002644237585751835
10376,370 Norfinch Dr,2,1,1,3.306712798938029e-05,0.0014168564065353913
10377,Dovercourt Rd at Geary Ave,2,1,1,6.580222554339844e-05,0.004171863209918549
10378,Belfield Rd at Attwell Dr,3,1,2,0.00010377658483980251,0.002677720066259633
10379,Rexdale Blvd at Martin Grove Rd,2,1,1,9.619378217933877e-05,0.0021748779331490146
10380,Sentinel Rd at Hucknall Rd (North),2,1,1,7.387639047332263e-05,0.0019507099309311136
10381,20 Graydon Hall Dr,2,1,1,0.00010435640897775051,0.005633241173968524
10382,Opposite 4400 Dufferin St,3,1,2,0.00016179196876783906,0.01150218732351504
10383,Finch Ave East at Seneca Hill Dr - Opposite Seneca College,4,2,2,0.00016624150598840582,0.015792642499630576
10384,Birchmount Rd at Bonniewood Rd South Side,2,1,1,0.00011062853171393727,0.0004202210542290354
10385,Flemington Rd at Ranee Ave,2,1,1,8.901173759863167e-05,0.00010048915355168014
10386,Warden Ave at Comstock Rd,4,2,2,0.00011774664013007835,0.01023247199773146
10387,Weston Rd at Ray Ave,4,2,2,0.00010794758998944844,0.052188274902691546
10388,Markham Rd at Walkway to Clandfield St,2,1,1,8.584032469542219e-05,0.003911101658868567
10390,Rexdale Blvd at Queen's Plate Dr (East),2,1,1,0.00010181796742351503,0.0018734104724939741
10391,North Queen St at Manstor Rd,2,1,1,8.114301576809532e-05,0.000289238621863037
10392,Mortimer Ave at Linsmore Cres,2,1,1,0.00011037023075709021,0.00463202676205122
10393,Underhill Dr at Doonaree Dr,2,1,1,6.175946624952062e-05,0.031831600166457676
10396,Pharmacy Ave at Innismore Cres,2,1,1,0.00010449484635816829,0.00783655891110166
10397,Mt Pleasant Rd at Lawrence Ave East South Side,2,1,1,0.00011062853171393727,0.0008039132284134411
10398,McRae Dr at Sutherland Dr,2,1,1,8.512536234013597e-05,0.007739876395049731
10399,2397 Finch Ave West - Finch/Weston Centre,3,1,2,0.00017455228025439138,0.006004949135119808
10400,Lansdowne Ave at Brandon Ave,2,1,1,0.0001125669855813819,0.004321033602722246
10401,Park Lawn Rd at The Queensway North Side,2,1,1,0.0001075704467620102,0.004709698000850702
10402,Kipling Ave at Prince George Dr South Side,2,1,1,0.00011806009028038472,0.00020097830710336028
10403,Bloor St West at Bathurst St,2,1,1,0.00010908836549131223,0.009580174886534742
10404,Keele St at Dovehouse Ave South Side,2,1,1,9.663127989694627e-05,0.00010048915355168014
10405,Brimley Rd at Applefield Dr (North),2,1,1,6.85756990497897e-05,0.0014043191122093718
10406,Dufferin St at Jane Osler Blvd - Yorkdale Shopping Centre,4,2,2,0.00017150962862024397,0.02147374562910505
10407,Sherbourne St at The Esplanade,2,1,1,0.00011062853171393727,0.00040195661420672056
10408,Weston Rd at Victoria Blvd,2,1,1,8.012693898257214e-05,0.00010048915355168014
10409,115 Norfinch Dr,2,1,1,9.436903147104364e-05,0.0013011661704239329
10410,Midland Ave at Huntingwood Dr,2,1,1,0.00011062853171393727,0.005830497660569971
10411,Pharmacy Ave at Bolster Ave,2,1,1,0.00010311266844725318,0.002171518480456167
10412,McCowan Rd at Finch Ave East North Side,2,1,1,9.224650931602413e-05,0.007744045087196938
10413,Petrolia Rd at Canarctic Dr,2,1,1,6.308290598714482e-05,0.00047639302424500214
10414,Horner Ave at Sheldon Ave,2,1,1,0.00010457263200680075,6.954487452148023e-05
10415,Lawrence Ave East at Woodcliff Pl West Side,3,2,1,0.00020355078116668704,0.0283441632323701
10416,The Queensway at Lady Bank Rd,2,1,1,0.00011440430873446827,0.0017325316113066007
10417,Lawrence Ave West at Caledonia Rd West Side,4,2,2,0.00015755264493248137,0.01843594499688433
10418,Mt Pleasant Rd at Broadway Ave,2,1,1,6.600952184327078e-05,0.0026127179923436834
10420,Warden Ave at Hollis Ave North Side,3,2,1,0.0001612199281075616,0.011660472883489686
10421,Evans Ave at Gamma St,2,1,1,6.160073216493928e-05,0.0038665216110983867
10422,Victoria Park Ave at Sparks Ave,3,1,2,0.00012527958799201253,0.0024292854104636325
10423,Dawes Rd at Crescent Town Rd,2,1,1,0.0001029770294799203,0.007901779384659012
10425,Dufferin St at Steeprock Dr,3,1,2,0.0001795168915163827,0.012032881988751833
10426,Lloyd Manor Rd at North Heights Rd,2,1,1,9.796621307565996e-05,0.0006566354742662697
10427,Gerrard St East at Parliament St,2,1,1,8.965681584610592e-05,0.004700779838711067
10429,Keele St at Downsview Park Blvd,5,2,3,0.000108926459748526,0.05884365748648641
10430,Airport Rd at Ripon St South Side,3,2,1,0.0001750004153675986,0.005232879625691195
10431,Brockport Dr at Belfield Rd North Side,2,1,1,0.00010711924621768963,0.0004969959591663122
10432,Birchmount Rd at Cass Ave,2,1,1,0.00011062853171393727,0.014111016588685667
10433,St Phillips Rd at Dixon Rd,2,1,1,7.651003706325622e-05,0.004061501780635691
10434,Dundas St West at Grace St,2,1,1,0.0001089461633733179,0.008448600055363135
10435,Marlee Ave at Glengrove Ave South Side,2,1,1,8.976444890937762e-05,0.0006734216442851066
10436,Brimley Rd at Eglinton Ave East North Side,2,1,1,3.979184304830731e-05,0.0015073373032752021
10438,Yonge St at Bloor St East North Side - Bloor Station,2,1,1,0.00011334701783513734,0.00652222458528286
10439,Laird Dr at Industrial St,2,1,1,9.464506831039998e-05,0.0029127669836543717
10440,Warden Ave at Cachet Pkwy (South),2,1,1,0.00011062853171393727,0.0062287324542747765
10441,Chisholm Ave at Epsom Ave,2,1,1,0.00011062853171393727,0.011001104276412656
10442,Queen St West at Beaty Ave,2,1,1,0.00011289282389040226,0.0018799121803641159
10443,Park St at Atlee Ave,2,1,1,9.639985058684656e-05,0.0013761874379696584
10444,Martin Grove Rd at Racine Rd,2,1,1,0.00010508208467458618,0.006922932887023099
10445,Broadview Ave at Pottery Rd South Side,3,2,1,0.0003054963993796736,0.029229265072968243
10447,7074 Warden Ave at Warden Centre Plaza,2,1,1,5.105723800104158e-05,0.0037005529561888557
10448,Midland Ave at Midwest Rd (North),2,1,1,0.00010023605828508042,0.002397915780518928
10449,Morningside Ave at Opposite  Morningside Park,3,1,2,0.0001167152256842758,0.007378439764073538
10450,Sutherland Dr at Rolph Rd,2,1,1,9.259575185618005e-05,0.010482274146926226
10451,Kingston Rd at Manse Rd,2,1,1,0.00012069392557594188,0.0013200056713455264
10452,Warden Ave at Lupin Dr North Side,2,1,1,0.00010909915027200611,0.0003014674606550404
10453,Spadina Ave at Sussex Ave South Side,2,1,1,0.00011015789144884779,0.001000106337728626
10454,Atkinson Ave at Centre St,2,1,1,0.00011062853171393727,0.0011053806890684815
10456,140 Commander Blvd,2,1,1,6.118838622539284e-05,0.0020352155111300154
10458,Bathurst St at Invermay Ave,4,1,3,0.00011062853171393727,0.0018720757124627819
10459,Yonge St at Alexander St,2,1,1,0.00011339127099929745,0.00692418119948958
10460,Midland Ave at St Clair Ave East  South Side,2,1,1,8.675828492254526e-05,0.001778144052176379
10462,Dundas St West at Beverley St,2,1,1,0.00010573257519394912,0.012685095163827617
10463,Victoria Park Ave at Cassandra Blvd,2,1,1,0.00011105928535158592,0.00010048915355168014
10464,400 Rockcliffe Blvd - Rockcliffe Middle School,2,1,1,7.509275298716496e-05,0.001796077994504196
10465,Bay St at Front St West - Union Station,2,1,1,0.00012277885840408589,0.0027252587551396565
10466,Grenoble Dr at Spanbridge Rd North Side,2,1,1,5.742615090761858e-05,0.0017580458652257458
10467,Midland Ave at McNicoll Ave,2,1,1,0.00011062853171393727,0.009966503615482774
10468,North Queen St at The Queensway North Side,2,1,1,7.049046095242322e-05,0.0004056784347086346
10469,Kennedy Rd at Landseer Rd South Side,2,1,1,0.00011991560582633913,0.014397221736950842
10471,Steeles Ave West at Fenmar Dr East Side,2,1,1,0.00013707439636110336,0.0043944098972825375
10472,131 Oakdale Rd,2,1,1,5.126838833213364e-05,0.002105079398837374
10473,Bathurst St at Chabad Gate,2,1,1,7.299147500558999e-05,0.0026127179923436834
10474,Pharmacy Ave at St Clair Ave East,2,1,1,0.00011051556503398897,0.004604423649510847
10476,Sheppard Ave West at Bryant St West Side,2,1,1,0.00013460783259205392,0.00020097830710336028
10478,Ossington Ave at Hallam St,2,1,1,0.0001435280089668153,0.004882583016728062
10479,Weston Rd at Aura Lea Blvd,2,1,1,7.394110531101615e-05,0.004506371402240182
10480,Eglinton Ave East at Bayview Ave,2,1,1,0.00011256488310450855,0.020983857125178917
10481,Eglinton Ave West at Walkway to Lemonwood Dr,2,1,1,9.48430148853834e-05,0.002662065344534241
10483,Front St East at Parliament St,2,1,1,8.654045151142663e-05,0.0
10484,Steeles Ave East at Willowdale Ave,2,1,1,0.0001273575981625718,0.00040195661420672056
10485,Three Valleys Dr at Groveland Cres,2,1,1,7.131712404050686e-05,0.0049504282758217255
10486,Berry Rd at Prince Edward Dr South,2,1,1,0.00018057662012363593,0.018766482347937048
10487,McNicoll Ave at Leslie St,2,1,1,0.00011062853171393727,0.006078353183042678
10488,Woodbine Ave at Columbine Ave,2,1,1,0.00011062853171393727,0.005129732028923862
10489,Parliament St at St James Ave South Side,3,1,2,0.00017041958989680455,0.006350335011649346
10490,The Queensway at Islington Ave,2,1,1,0.0001138436276489064,0.0016320424577549206
10491,Flemington Rd at Dynasty Lane,2,1,1,9.099123360597507e-05,0.00040195661420672056
10492,Emmett Ave at Verona Ave,2,1,1,8.316110634139841e-05,0.0009674717318871403
10493,Wynford Dr at Eglinton Ave East,2,1,1,0.0001344598225270913,0.0072341556784347085
10497,Cosburn Ave at Coxwell Ave,2,1,1,0.00011114358619012144,0.0
10498,King St West at Bathurst St,2,1,1,0.00010622859965837746,0.006163710309020816
10500,Symington Ave at Adrian Ave,2,1,1,9.073650082200166e-05,0.007782349456158474
10501,Murison Blvd at Usherwood Crt East Side,2,1,1,9.184309270088081e-05,0.0012207571246278179
10502,Leslie St at Marshfield Crt,2,1,1,0.00010585510934734658,0.0024589713597050903
10503,Queen St East at Sackville St,2,1,1,7.906241701444999e-05,0.0067567582615068525
10504,4148 Jane St,2,1,1,0.00015561548298502446,0.004733623989791578
10505,O'Connor Dr at Woodbine Ave West Side,2,1,1,0.0002078959145086046,0.01395064016296
10506,Kingston Rd at Guildwood Pkwy East Side,3,2,1,0.00011558109877289748,0.004623943811045044
10507,Pearson Airport Terminal 1 (Ground Level Column R4),2,1,1,0.00016754618355469922,0.03137764599282683
10508,Cosburn Ave at Linsmore Cres,2,1,1,9.019939746976121e-05,0.005789139879686456
10509,Bayview Ave at Ruddington Dr South Side,2,1,1,0.00010973905897149338,0.00782805189281157
10510,1611 The Queensway,2,1,1,8.950231754256978e-05,0.005332502346735042
10511,Pharmacy Ave at Finch Ave East,2,1,1,8.236206538691257e-05,0.0030146746065504043
10512,Weston Rd at Lanyard Rd,3,2,1,9.984747188927814e-05,0.011711600685300897
10513,Avenue Rd at Glengrove Ave West,2,1,1,8.901715523826483e-05,0.0031151637601020844
10514,Evans Ave at Ourland Ave,2,1,1,6.849809442442273e-05,0.0011984262016163335
10515,Concord Ave at Bloor St West,2,1,1,9.043619562166999e-05,0.0
10516,Le Page Crt at Keele St,2,1,1,7.739319106069551e-05,0.001796006258734885
10517,Middlefield Rd at Newmill Gate,2,1,1,0.00011528128736987416,0.005658230540195662
10518,Queen St East at Empire Ave,2,1,1,0.00011589642874366919,0.008019685807037512
10519,Jane St at Harding Ave,3,1,2,0.0001300041353699881,0.005087762723295122
10521,Wellesworth Dr at Faversham Cres North Side,2,1,1,0.00010390730070693505,0.0008788813270948532
10522,York Mills Rd at Lochinvar Cres,3,1,2,0.0001671582758055166,0.030797675479374485
10523,McCowan Rd at Triton Rd,7,2,5,0.0003123120912213098,0.00875751200097223
10525,1155 Albion Rd,2,1,1,0.00011062853171393727,0.00965387069332199
10526,Danforth Rd at Medford Ave,3,1,2,0.00011551273975207222,0.010760659244282609
10527,Littles Rd at Sewells Rd,2,1,1,8.732934292112843e-05,0.0014623298596341983
10528,Lake Shore Blvd West at Fifth St,2,1,1,0.00011025276897553632,0.0049031721951968655
10529,Forthbridge Cres at Calvington Dr,2,1,1,7.054913760604921e-05,0.0005151234693245042
10533,Dawes Rd at Donora Dr South Side,2,1,1,0.0001000915561211357,0.008102757691762372
10535,The West Mall at Eva Rd,2,1,1,0.00013194902707829484,0.004254481620724194
10536,4800 Jane St,2,1,1,7.08448374330232e-05,0.0
10537,Bayview Ave at Fifeshire Rd (North),2,1,1,0.00011062853171393727,0.006622182050191408
10538,Dixon Rd at City View Dr,2,1,1,0.00010716038444574452,0.0
10539,Bathurst St at Dupont St,2,1,1,0.00011099100743850701,0.0011469805011914752
10540,Dufferin St at Stanstead Dr,2,1,1,0.00017181863536723144,0.01160267647706672
10541,Bellamy Rd North at Ben Alder Dr,2,1,1,0.00010281777959583567,0.005642811569544875
10542,Rexleigh Dr at Ferris Rd North Side,2,1,1,0.00010445974525971418,0.0007902665532397562
10543,Sheppard Ave West at Arleta Ave,4,2,2,0.0001068978376618228,0.010479021807906217
10544,Weston Rd at Sheppard Ave West,4,2,2,9.501930444206962e-05,0.014913059890745576
10545,Dundas St West at Chestnut St,2,1,1,9.836520996179033e-05,0.004483391199617777
10546,McCowan Rd at Martindale Rd,2,1,1,7.157276189119957e-05,0.0005566780093577201
10547,Kennedy Rd at Corvette Ave,2,1,1,7.319487401725419e-05,0.011364147695905432
10548,Bathurst St at Dell Park Ave South Side,2,1,1,0.00010591145443776109,0.005505635899617185
10549,East Ave at Ridgewood Rd North Side,2,1,1,9.95971483949769e-05,0.00040195661420672056
10551,Brimley Rd at Brimwood Blvd,2,1,1,0.00010222449420122624,0.0008039132284134411
10552,Ian MacDonald Blvd at The Chimneystack Rd,2,1,1,0.00011412111127813012,0.00010048915355168014
10553,Pharmacy Ave at Pinemeadow Blvd,2,1,1,7.74711213544023e-05,0.0031151637601020844
10554,Lawrence Ave West at Weston Rd,4,2,2,0.0002701541133865713,0.012026653533368206
10555,Lawrence Ave East at Ling Rd,2,1,1,8.226798924624323e-05,0.009969746916205871
10556,Faywood Blvd at Bainbridge Ave,2,1,1,9.00941402057073e-05,0.007252233092301149
10557,Midland Ave at Goodland Gate,2,1,1,0.00011062853171393727,0.0018954700127605275
10558,50 Cordova Ave,2,1,1,9.790582237487278e-05,0.0017072454165712354
10559,Mortimer Ave at Pape Ave,2,1,1,0.00011062853171393727,0.0040290918407411384
10560,Lloyd Manor Rd at Princess Margaret Blvd,2,1,1,0.00010077386802774166,0.007787840345933109
10561,McCowan Rd at Sandhurst Cir (North),2,1,1,0.00012631020986884412,0.009986707783921736
10562,Coronation Dr at Wallsend Dr,2,1,1,8.437553882787512e-05,0.010850723203426747
10563,Glencairn Ave at Haven Rd East Side,2,1,1,0.00011062853171393727,0.007168035371459445
10564,Dupont St at Bathurst St,2,1,1,0.00011091920480965739,0.004163694663481988
10565,Royal York Rd at Hillside Ave,2,1,1,8.906686549266151e-05,0.000800920041333085
10566,Dundas St West at Gladstone Ave,2,1,1,0.00010844860763388632,0.008951045823121536
10567,Lawrence Ave East at Stotts Ter,2,1,1,0.00010482761864522995,0.00040195661420672056
10568,Markham Rd at New Delhi Dr,2,1,1,6.322778941969602e-05,0.004313058273075287
10569,Sheppard Ave East at Blue Ridge Rd,2,1,1,0.0001081440554078339,0.014101756344817808
10570,McCowan Rd at Invergordon Ave,2,1,1,0.00018990501305075872,0.0032227420955621726
10571,Barrington Ave at Secord Ave,2,1,1,0.00011058415379927591,0.000703424074861761
10572,Opposite 65 Passmore Ave,2,1,1,8.661192426383748e-05,0.0021054870267971076
10573,Church St at Grattan St,2,1,1,5.960729225044946e-05,0.0018374037052790774
10574,The Westway at Hartsdale Dr,2,1,1,0.00011292513854556802,0.00040195661420672056
10575,Dufferin St at Wilson Ave,6,2,4,0.00020142313438261465,0.00711147631486849
10576,Jane St at Chalkfarm Dr (North) South Side,4,2,2,0.00023439185011720002,0.018433415206343572
10577,134 Park Lawn Rd,2,1,1,8.176899402602292e-05,0.003198550262299731
10578,Weston Rd at Birdstone Cres (North),2,1,1,7.56070375482312e-05,0.00040195661420672056
10579,McCowan Rd at Cree Ave,2,1,1,7.46110880622629e-05,0.0007303629661137104
10581,Lawson Rd at Brumwell St East Side,2,1,1,0.00010148495286038252,0.00020097830710336028
10582,Woodsworth Rd at Northey Dr (West),2,1,1,9.58815209554947e-05,0.0056343045512547854
10583,Leslie St at Clansman Blvd,2,1,1,0.00011191412737914343,0.0009070608251807742
10584,Birchmount Rd at Bay Mills Blvd,2,1,1,0.00012311853172182122,0.002728838792003403
10585,Scarborough Golf Club Rd at Chandler Dr,2,1,1,5.2698411439450105e-05,0.0009166312207571246
10586,Dundas St West at University Ave - St Patrick Station,2,1,1,0.00011062853171393727,0.012484116856724257
10588,Lawrence Ave West at Duckworth St,2,1,1,0.00013232255841239368,0.0001999149298170991
10589,Keele St at Densley Ave,2,1,1,0.00010120555326957351,0.00020097830710336028
10590,Bathurst St at Harbord St,2,1,1,0.00012924548085647438,0.0035842281030498808
10591,Dufferin St at Gibson St North Side,2,1,1,9.511990469164119e-05,0.00010048915355168014
10592,Sweeney Dr at Wyndcliff Cres,2,1,1,0.00011062853171393727,0.0007509570395576351
10593,Humberwood Blvd at Humberline Dr,2,1,1,0.00014552569863973106,0.0018282169378278747
10594,Queen St West at University Ave - Osgoode Station,2,1,1,0.0001047625646634886,0.0018504094352808126
10595,Greenwood Ave at Danforth Ave South Side,2,1,1,0.00010190808810034519,0.001159435701120091
10596,Caledonia Rd at Innes Ave,2,1,1,0.0001084213131798502,0.005024457677584007
10597,Vaughan Rd at St Clair Ave West North Side,2,1,1,9.053303133930979e-05,0.008579219663264947
10598,John Garland Blvd at Mosque Cres (North) North Side,2,1,1,0.00014839280375389532,0.00018609102509570396
10599,Jane St at Outlook Ave,4,2,2,0.00016364557499315752,0.022804615620136862
10600,Highview Ave at Aylesworth Ave,2,1,1,7.181564543854955e-05,0.0021776466088555316
10601,Spadina Rd at Lonsdale Rd,2,1,1,5.629412848203663e-05,0.0015003544032154929
10602,Culford Rd at Lawrence Ave West South Side,2,1,1,0.00013237892453709803,0.005432262866865164
10603,6070 Kingston Rd,3,2,1,0.00012680777860044615,0.001621473132000567
10605,Opposite 3370 Pharmacy Ave,2,1,1,9.987916201680585e-05,0.0024117396852403232
10607,Victoria Park Ave at Edge Park Ave,2,1,1,0.00011443838970896257,0.00020097830710336028
10608,Kingston Rd at Morningside Ave,2,1,1,0.00011887645696151734,0.0011190273642421662
10609,Arrow Rd at Deerhide Cres (North),2,1,1,0.0001183269869606071,0.005711443711895647
10610,Petrolia Rd at Wildcat Rd,2,1,1,5.4554966783464604e-05,0.0005768821777966822
10611,Caledonia Rd at Corby Ave,2,1,1,0.00011062853171393727,0.00040195661420672056
10612,Middlefield Rd at Steeles Ave East North Side,2,1,1,0.00011473007494985785,0.006160676307954062
10613,McCowan Rd at Alton Towers Cir (North),2,1,1,0.00010433969963504261,0.007040621012335177
10614,McCowan Rd at Sandhurst Cir (South),2,1,1,8.678614369501359e-05,0.007945023394300298
10615,Royal York Rd at Allanhurst Dr,2,1,1,0.00010252751367971141,0.003139419839075571
10616,Ellesmere Rd at Dormington Dr West Side,2,1,1,0.0001963574907424515,0.01635328468903512
10617,Sewells Rd at Neilson Rd,2,1,1,0.00013325714104996865,0.00783415267916544
10618,The Queensway at Atomic Ave,2,1,1,9.261733384506297e-05,0.005232013193183362
10619,Scarlett Rd at Edinborough Crt South Side,2,1,1,0.00010553229862714106,0.0009791489437118957
10620,McCowan Rd at Finch Ave East,2,1,1,8.91960650176378e-05,0.007844534240748617
10621,Royal York Rd at Newcastle St South Side,2,1,1,7.534692968821054e-05,0.0011023875019881254
10622,Hollinger Rd at Waterman Ave,2,1,1,8.673278052759545e-05,0.0022582943428328373
10623,Sloane Ave at Tinder Cres,2,1,1,0.00010387695442718784,0.001353891960867716
10624,Park Lane Cir at Lawrence Ave East,2,1,1,0.00010118762920463756,0.006951778371918738
10625,Berry Rd at Glenn Murray Dr,2,1,1,0.00011438215775628956,0.0114991915606016
10626,Bellamy Rd North at Burnview Cres,2,1,1,7.997791928467056e-05,0.0012058698426201616
10627,Birchmount Rd at Foxridge Dr,2,1,1,7.100781040708422e-05,0.011783815397703106
10629,Coxwell Ave at Casci Ave,2,1,1,9.778516821879434e-05,0.013117354961782865
10630,Ellesmere Rd at Warden Ave,4,2,2,0.00011831911158125495,0.11321332661899434
10633,Yonge St at Queens Quay East North Side,2,1,1,4.671414712911394e-05,0.00182927477669077
10634,Sheppard Ave West at Hove St,2,1,1,0.00013919022804408546,0.0003014674606550404
10635,Pharmacy Ave at Penaire St,2,1,1,0.00010995890709299466,0.005006380263717567
10636,McCowan Rd at Milliken Wells Shopping Centre,2,1,1,0.0001460044253460789,0.010489153551680137
10637,Mt Pleasant Rd at Davisville Ave,2,1,1,0.00010045412439699226,0.001229112231877013
10638,Ellesmere Rd at Parkington Cres,3,2,1,0.00020107336533644544,0.004335892190422177
10639,Hullmar Dr at Hisey Cres (North),2,1,1,7.535707048007557e-05,0.0007032183460902984
10640,McCowan Rd at Highway 7,2,1,1,0.00011062853171393727,0.010148872820076564
10642,Warden Ave at Gibson Dr,2,1,1,0.00011062853171393727,0.004821884304551255
10643,Bloor St West at Lansdowne Ave,2,1,1,0.00011062853171393727,0.013314224227240825
10644,Steeles Ave East at Opposite Walkway to Norn Cres,2,1,1,0.00010312730146411184,0.003157129043010191
10645,Huntingwood Dr at Pharmacy Ave,2,1,1,7.540141982103956e-05,0.002037537218205019
10646,Warden Ave at Danforth Ave,4,1,3,0.00013809624168485652,0.017258035301989976
10647,Sheppard Ave East at Barberry Pl West Side,2,1,1,0.00010742847288707757,0.009818373260618582
10648,Gerrard St East at River St,2,1,1,7.850831095219176e-05,0.005002247299366107
10649,Royalcrest Rd at Cabernet Cir East Side,2,1,1,4.320857261530926e-05,0.0040092868283000144
10650,Rockcliffe Blvd at Corbett Ave North Side,2,1,1,6.968351910933609e-05,0.0007996597192683965
10652,Hullmar Dr at Bloomington Cres (East),2,1,1,6.3454320616924e-05,0.000859545583439671
10654,Queen St East at Broadview Ave,2,1,1,0.00013996905217454855,0.004290713539969176
10655,800 Warden Ave,2,1,1,0.00010486093899351751,0.00010048915355168014
11008,The Esplanade at Church St West Side,2,1,1,9.792674837999656e-05,0.002522508152559195
11009,Morrish Rd at Ellesmere Rd,2,1,1,8.356365941387004e-05,0.000491811994895789
11010,1275 Morningside Ave,2,1,1,0.00010606958091776374,0.0032760415892061994
11011,Canmore Blvd at Halfmoon Sq,2,1,1,6.745038484254318e-05,0.0007932794555508295
11012,Bedford Rd at Davenport Rd,2,1,1,0.00011143251403730942,0.0047666295847920695
11013,Morningside Ave at Coronation Dr North Side,2,1,1,0.00010322015021303396,0.0003074341887612836
11014,Morningside Ave at Lawrence Ave East South Side,2,1,1,0.0001056025857236963,5.966728106243206e-06
11016,Morningside Ave at Ling Rd,2,1,1,0.00010876251425005409,0.00010645588165792335
11017,Morningside Ave at Sheppard Ave East,2,1,1,0.00012259805510713692,0.003417442386763952
11018,Opposite 1315 Morningside Ave,2,1,1,0.00012446995380177122,0.0036184206938673124
11019,Guildwood Pkwy at Livingston Rd,2,1,1,8.669802801391558e-05,0.001211836570726405
11020,Morningside Ave at Cinemart Dr,2,1,1,0.00010263683053194215,0.00357750904986124
11021,Guildwood Pkwy at Schubert Dr,2,1,1,9.796313653320435e-05,0.0008098799565196843
11022,Guildwood Pkwy at Chancery Lane,2,1,1,8.836839629472831e-05,0.0011113474171747246
11023,Morningside Ave at Cinemart Dr,2,1,1,0.00012025826321837471,0.0032164640796605915
11024,Canmore Blvd at Charcoal Dr (West) East Side,2,1,1,7.411351264747933e-05,0.0006927903019991493
11025,Dupont St at Davenport Rd,2,1,1,0.00011062853171393727,0.008635093608023722
11026,Dupont St at Davenport Rd,2,1,1,0.00011120762832281516,0.004565651277688709
11027,Guildwood Pkwy at Kingston Rd,2,1,1,0.00010803886681720983,0.0
11035,Morningside Ave at Old Finch Ave,2,1,1,0.00011944374358569283,0.0015994966680845032
11036,Morningside Ave at Staines Rd,2,1,1,0.00011653611062193003,0.001499007514532823
11037,Morningside Ave at Finch Ave East,2,1,1,0.0001000363752672447,0.00040195661420672056
11038,Kennedy Station at Bus Bay 5,4,2,2,4.235552197548204e-05,0.0018347640591366667
11039,Morningside Ave at Danzig St,2,1,1,0.00010655463334842112,0.0012058698426201616
11040,Morningside Ave at Ling Rd,2,1,1,0.00010428420747701743,0.0013063589961718417
11041,Morningside Ave at Nightstar Rd South Side,2,1,1,9.598922836551e-05,0.0006029349213100808
11042,Morningside Ave at Plantain Way,2,1,1,9.818849804142288e-05,0.0005024457677584007
11043,Guildwood Pkwy at Galloway Rd,2,1,1,9.450637708819943e-05,0.0009103691100713644
11045,Morningside Ave at Hwy 401 South Side - Wlkwy to Lampman Dr,2,1,1,0.00011885638580289376,0.0031159749261089114
11046,Wilson Station at Lower Bus Bay 1,2,1,1,2.3079818674471687e-05,0.0
11047,Wilson Station at Lower Bus Bay 4,2,1,1,2.825143222698117e-05,0.009234543281757235
11049,Highway 7 at Birchmount Rd,2,1,1,0.00010021238421766248,0.001406848149723522
11050,Rougeside Promenade at Uptown Dr,2,1,1,9.611320226459583e-05,0.0016078264568268822
11051,Uptown Dr at Highway 7,2,1,1,9.829779228790288e-05,0.0015073373032752021
11055,The Esplanade at Yonge St,2,1,1,0.00010278533546895477,0.002422018999007515
11056,Keele St at North Park Dr,2,1,1,0.00010285449379995195,0.00020097830710336028
11057,9600 McCowan Rd,2,1,1,0.00011062853171393727,0.0063143343258188
11058,McCowan Rd at Percy Reesor St,2,1,1,0.00011062853171393727,0.007821671629094003
11059,McCowan Rd at Percy Reesor St,2,1,1,0.00011062853171393727,0.006615801786473841
11061,Eglinton Ave East at Markham Rd West Side,6,3,3,0.00018383449746138886,0.014484784247601374
11062,Ellesmere Rd at Mirrow Crt,2,1,1,3.994246806277955e-05,0.0010947469162058698
11063,Military Trail at Morningside Ave,2,1,1,6.270407173986904e-05,0.0024962086942627135
11064,Guildwood Pkwy at Navarre Cres,2,1,1,0.00011266908589642382,0.0005024457677584007
11065,Morningside Ave at Milner Ave,2,1,1,0.00010439636432506137,0.00347701989630956
11068,Yonge St at Front St East,4,2,2,0.00014402499839767029,0.004150804622146604
11069,Guildwood Pkwy at Scarcliff Gardens,2,1,1,9.7456252465987e-05,0.0007093908029680041
11070,Morningside Ave at Halfway Ave,2,1,1,9.971418674335265e-05,0.00020097830710336028
11071,Kingston Rd at Brinloor Blvd,2,1,1,3.675307427456262e-05,0.0042686217617629784
11073,Morningside Ave at Milner Ave,2,1,1,0.00012238368417995815,0.0033169532332122716
11074,Opposite 1275 Morningside Ave,2,1,1,0.00012157334445045341,0.0035179315403156323
11075,Morningside Ave at Fordover Dr,2,1,1,0.00010120169481875948,0.0005084124958646439
11076,Morningside Ave at Casebridge Crt,2,1,1,0.0001072153065518963,0.0030750632821028396
11077,Morningside Ave at Sewells Rd North Side,2,1,1,0.0001242231400386678,0.0018004749751878634
11078,Morningside Ave at Military Trail,2,1,1,0.000117478519375835,0.0029149966190055512
11080,Morningside Ave at Sewells Rd,2,1,1,0.00010143300458898973,0.00010048915355168014
11081,Morningside Ave at Military Trail,2,1,1,9.931448114063325e-05,0.0037784873569646003
11083,Morningside Ave at Guildwood Pkwy,2,1,1,0.00010818474772396173,0.0008039132284134411
11084,Morningside Ave at John Stoner Dr,2,1,1,0.00010474243889180992,0.0
11085,Morningside Ave at Tams Rd,2,1,1,0.00010095718396461884,0.0036779982034129207
11086,Canmore Blvd at Calverley Trail (West) East Side,2,1,1,6.070488868103475e-05,0.0008937686091025096
11087,Bedford Rd at Dupont St,2,1,1,0.00011131097032262056,0.004666140431240389
11089,Guildwood Pkwy at Guild Inn West Side,2,1,1,0.00010896705712922289,0.00040195661420672056
11090,Bedford Rd at Lowther Ave,2,1,1,0.00011217711252567525,0.005168586198998789
11091,Kingston Rd at Muir Dr West Side,2,1,1,2.3703463864105018e-05,0.004369110915314658
11092,Eglinton Ave West at Keele St/Trethewey Dr,2,1,1,5.975858603094257e-05,0.02347234939603983
11093,Guildwood Pkwy at Rowatson Rd East Side,2,1,1,8.080931924039721e-05,0.001312325724278085
11094,Guildwood Pkwy at Rowatson Rd,2,1,1,0.00010888822323915971,0.00010048915355168014
11095,Morrish Rd at Grantown Ave,2,1,1,7.889935017401368e-05,0.0005923011484474692
11096,Morningside Ave at Sheppard Ave East,2,1,1,0.00010564483933722627,0.0033765307427578795
11098,Morningside Ave at Pixley Cres,2,1,1,0.00010299042241760734,0.00040792334231296376
11100,Guildwood Pkwy at Chancery Lane,2,1,1,0.00010813336544144469,0.0003014674606550404
11101,Morningside Ave at Danzig St,2,1,1,0.00010860228269049779,0.00020694503520960348
11102,Morningside Ave at Lawrence Ave East,2,1,1,0.00010462608913017191,0.001406848149723522
11103,Morningside Ave at Greyabbey Trail North Side,2,1,1,9.94989634398235e-05,0.000608901649416324
11104,Guildwood Pkwy at Kingston Rd South Side,2,1,1,7.535774797336333e-05,0.0014128148778297651
11105,Guildwood Pkwy at Scarcliff Gardens,2,1,1,0.00010921535435928103,0.000703424074861761
11106,Bedford Rd at Tranby Ave North Side,2,1,1,0.00011157577690916776,0.004867118738343748
11107,Morningside Ave at Old Finch Ave,2,1,1,0.00010142186066591744,0.0003014674606550404
11108,Morningside Ave at Halfway Ave,2,1,1,0.00012243887753527903,0.0016999858216361833
11109,Morningside Ave at Tams Rd,2,1,1,0.00011868577455883934,0.0030154857725572313
11110,Morningside Ave at Cumber Ave,2,1,1,0.00010799949267831688,0.0009044023819651212
11111,Guildwood Pkwy at Livingston Rd,2,1,1,0.00010752994689996139,0.00020097830710336028
11112,Bedford Rd at Lowther Ave North Side,2,1,1,0.00011174498580155423,0.004967607891895429
11113,Guildwood Pkwy at Guild Inn East Side,2,1,1,9.361433591796562e-05,0.0010108582636230445
11114,Guildwood Pkwy at Forsythia Dr,2,1,1,0.00011189547811474646,0.0006029349213100808
11115,Bedford Rd at Bernard Ave South Side,2,1,1,0.00011245147884743345,0.00526907535255047
11117,Morningside Ave at Coronation Dr,2,1,1,0.00010784736804639973,0.0011053806890684815
11118,1315 Morningside Ave,2,1,1,0.00010659993429401024,0.0031755524356545197
11119,Morningside Ave at Gardentree St South Side,2,1,1,0.00010786245947243969,0.0010048915355168014
11120,Bathurst St at King St West,2,1,1,0.00011188164747105272,0.00010048915355168014
11122,Woodbine Ave at Merrill Ave South Side,2,1,1,0.00011523042685887284,0.005632177796682263
11123,Woodbine Ave at Merrill Ave,2,1,1,0.00011700055034043628,0.005833156103785623
11124,St Basil The Great College School,0,0,0,1.6598932385570904e-05,0.0
11125,Dundas St West at Bay St,2,1,1,9.619708856305615e-05,0.004583880353169457
11126,Dundas St East at Church St,2,1,1,0.00011062853171393727,0.012082160242517537
11127,Dundas St West at Yonge St - Dundas Station,2,1,1,0.00011062853171393727,0.012182649396069218
11128,Dundas St East at Yonge St - Dundas Station,2,1,1,9.364619759805792e-05,0.004684369506721137
11154,Renforth Station,4,2,2,0.0001788478832370534,0.0011105978838792004
11155,University Ave at Dundas St West South (St Patrick,0,0,0,1.6598932385570904e-05,0.0
11158,Major Mackenzie Dr East at McCowan Rd West Side,2,1,1,0.00011062853171393727,0.007721182475542323
11159,McCowan Rd at Walkway To Snowden Cir - Centennial GO Station,2,1,1,0.00011062853171393727,0.010450340280731604
11161,Renforth Station,3,2,1,0.00012178967077277846,0.0026127179923436834
11162,St Clair West Station at Bay 3,2,1,1,0.00012413339037857773,0.0007556422520806373
11163,McCowan Rd at Elson St,2,1,1,4.660799166947462e-05,0.004992024670353042
11164,Arrow Division Transportation Office,1,1,0,0.00013825790973432634,0.0
11165,The Bridle Walk at Drawbridge Dr,2,1,1,0.00011062853171393727,0.007118247554232242
11174,King St West at Jarvis St West Side,2,1,1,0.00013343680393126527,0.0076306392754180935
11175,King St West at Jarvis St East Side,2,1,1,0.00013895299725324975,0.003916047573651981
11176,King St West at Yonge St West Side - King Station,2,1,1,0.0001281228596964326,0.007429660968314733
11177,King St West at Yonge St East Side - King Station,2,1,1,0.00015472688008377872,0.004117025880755341
11178,King St West at Bay St West Side,3,1,2,0.0001255075122592501,0.007329171814763053
11179,King St West at Bay St East Side,2,1,1,0.00015855350128354687,0.0042175150343070214
11180,King St West at Simcoe St - St. Andrew Station,2,1,1,9.306113545402237e-05,0.006666156076779216
11181,King St West at University Ave East Side - St Andrew Station,3,2,1,0.0001714190766069684,0.004318004187858701
11182,King St West at John St West Side,2,1,1,9.599710889600287e-05,0.0065656669232275365
11183,King St West at John St East Side,2,1,1,0.00012032238755305561,0.004056945064081585
11185,King St West at Blue Jays Way East Side,2,1,1,0.00012158508885462468,0.004157434217633265
11186,King St West at Spadina Ave West Side,2,1,1,0.00010211206790434026,0.006364688616124176
11187,King St West at Spadina Ave East Side,2,1,1,0.00012427876477108255,0.004257923371184945
11188,King St West at Portland St East Side,2,1,1,0.0001367143744680791,0.004358412524736625
11189,King St West at Bathurst St East Side,2,1,1,0.00013363763971140668,0.004458901678288305
11190,King St East at Church St East Side,2,1,1,0.00014366915115730658,0.004016536727203661
11191,King St East at Church St West Side,2,1,1,0.00013117887976696633,0.007530150121866413
11192,Raab Blvd at Hospital Rd West Side (K & L Wings),2,1,1,8.066516667328848e-05,0.002338947712219724
11193,Raab Blvd at Hospital Rd West Side (K & L Wings),4,2,2,0.00017994307403503855,0.00981430394361062
11194,Hospital Rd at Wellness Way East Side - Sunnybrook Main Entr,3,1,2,0.0001634478988256211,0.007396833414352566
11195,Hospital Rd at Wellness Way East Side - Sunnybrook Main Entr,2,1,1,0.00010375782561807472,0.0049573965485811495
11204,Birchmount Rd at Danforth Rd,2,1,1,7.389905363899538e-05,0.00072079257053736
11205,Finch West Station Bus Bay 2,2,1,1,4.8240140301496846e-05,0.0039360316010708845
11206,Finch West Station Bus Bay 3,3,2,1,0.00012474844553144826,0.003938696299447044
11207,Finch West Station Bus Bay 4,2,1,1,3.0244673982866117e-05,0.0021540036154827735
11208,Finch West Station Bus Bay 5,2,1,1,8.561010711651321e-05,7.443641003828158e-05
11209,Keele St at Four Winds Dr - Finch West Station,3,1,2,0.00016653494370191756,0.008621688158303577
11210,Sheppard Ave West at Vitti St - Downsview Park Station,5,3,2,0.0003066332147696503,0.03049655422562845
11211,Finch Ave West at Tangiers Rd East Side,2,1,1,7.436466342673153e-05,0.0
11212,Laird Dr at Millwood Rd,2,1,1,0.00011063207628703091,0.010673625626464851
11213,Keele St at Finch Ave West - Finch West Station,5,2,3,0.00014401182698543536,0.005334953025008259
11220,Keele Station at Bus Bay 1,1,1,0,3.2034058433679253e-05,0.0
11222,9690 Markham Rd,2,1,1,0.00011062853171393727,0.0017003402807316036
11223,Opposite 9690 Markham Rd,2,1,1,0.00011062853171393727,0.002705231816248405
11224,Birchmount Rd at Anaconda Ave,2,1,1,0.00011062853171393727,0.009493513398553808
11225,Scarlett Rd at Hill Garden Rd,2,1,1,0.00010558101515713479,0.0003482560612505317
11226,Scarlett Rd at Hill Garden Rd,2,1,1,6.360252305586815e-05,0.0022025645115553664
11227,665 Trethewey Dr,2,1,1,5.682282182250492e-05,0.0014664105146847154
11228,665 Trethewey Dr,2,1,1,9.706204000175703e-05,0.00010048915355168014
11229,Pioneer Village Station Bus Bay 3,2,1,1,1.985268540996354e-05,0.0017568407861924685
11230,Pioneer Village Station Bus Bay 4,5,3,2,0.00012264758261453388,0.00231033424675972
11231,Pioneer Village Station Bus Bay 5,2,1,1,7.524918325589854e-05,0.00961667396117411
11232,Pioneer Village Station Bus Bay 6,2,1,1,9.931082463859707e-05,0.0
11233,Pioneer Village Station Bus Bay 8,2,1,1,0.00014024154731249105,0.0017568407861924685
11234,Keele St at Canarctic Dr,2,1,1,9.392072680702209e-05,0.011794829209305352
11235,Canarctic Dr at Petrolia Rd,2,1,1,9.655600770903908e-05,0.011694340055753673
11236,Petrolia Rd at Wildcat Rd,2,1,1,9.891217848587505e-05,0.011593850902201993
11237,Petrolia Rd at Steeles Ave West,2,1,1,0.00010064820389924295,0.011493361748650312
11238,Murray Ross Pkwy at Steeles Ave West South Side,2,1,1,8.159043577508673e-05,0.001800297745640153
11239,Murray Ross Pkwy at Shoreham Dr,2,1,1,8.596490828427964e-05,0.001699808592088473
11240,Shoreham Dr at Shoreham Crt West Side,2,1,1,8.9594432925306e-05,0.001599319438536793
11241,Driftwood Ave at Jane St,2,1,1,0.00010482411039368613,9.517226712037431e-05
11242,Driftwood Ave at Driftwood Crt,2,1,1,0.00010484830867119337,0.00019566142067205445
11243,Driftwood Ave at Niska Rd North Side,2,1,1,0.00010310783943252494,0.0002961505742237346
11244,Driftwood Ave at Laskay Cres East,2,1,1,0.00010165220326342254,0.00039663972777541476
11245,Driftwood Ave at Stong Crt,2,1,1,0.00010160534278718677,0.0004971288813270949
11247,Chesswood Dr at Champagne Dr South Side,2,1,1,0.00010061771078358401,0.0009044023819651212
11248,Champagne Dr at Finch Ave West,2,1,1,9.344170761938292e-05,0.0009993088047639304
11249,Alness St at Finch Ave West,2,1,1,9.79173503268232e-05,0.0011053806890684815
11250,660 Supertest Rd,2,1,1,7.682419955533959e-05,0.0017083156103785623
11251,Opposite 660 Supertest Rd,2,1,1,0.00011062853171393727,0.00039637388345384946
11252,Humber Loop at The Queensway,2,1,1,8.658136452878928e-05,0.002652512842325688
11253,Keele St at Finch Ave West North Side - Finch West Station,4,2,2,0.00017482530541746395,0.020643548418225695
11254,Keele St at Four Winds Dr,2,1,1,0.00010404856762942261,0.0014994105774890551
11261,The Queensway at Parkside Dr,2,1,1,0.00011062853171393727,0.0036415945014047673
11262,Dundas St West at Manning Ave,2,1,1,0.00011211647007089033,0.008348110901811454
11263,Dundas St West at Manning Ave,2,1,1,0.00011062853171393727,0.0037799671247560162
11264,Pioneer Village Station Bus Bay 2,2,1,1,8.794387359161923e-05,0.0006812703813979867
11265,Pioneer Village Station Bus Bay 9,2,1,1,7.830930026678264e-05,0.0022991989224443498
11266,Pioneer Village Station Bus Bay 10,3,2,1,8.017706253561974e-05,0.009331725256414007
11267,Pioneer Village Station Bus Bay 11,2,1,1,0.00011331428148965173,0.0
11268,Pioneer Village Station Bus Bay 12,2,1,1,1.960663755840822e-05,0.0
11269,Ian MacDonald Blvd at Shoreham Dr South Side,2,1,1,9.131825861820106e-05,0.0005807812278463066
11272,Clayson Rd at Bartor Rd (South),0,0,0,1.6598932385570904e-05,0.0
11273,Clayson Rd at Huxley Rd,2,1,1,4.31044870728201e-05,0.0026116546150574222
11274,401 Clayson Rd,2,1,1,5.323239387191679e-05,0.002511165461505742
11285,The Queensway at Parkside Dr,2,1,1,0.00011706844612318189,0.00318622686914903
11336,Victoria Park Station at Bus Bay 2,4,2,2,0.0001144051790959752,0.0020263406521479795
11337,Gerrard St East at Woodfield Rd,2,1,1,0.00011284730791072988,0.004031617751311499
11338,Bluffers Park Rd at Brimley Rd East Side,2,1,1,6.52542574100676e-05,0.008233247791329447
11339,Bluffers Park Rd at Brimley Rd,2,1,1,7.75451171707644e-05,0.008032269484226086
11340,Scarborough Bluffs Beach Loop at Bluffers Park,2,1,1,7.349365247815193e-05,0.008132758637777767
11630,Dufferin Mall,0,0,0,1.6598932385570904e-05,0.0
11631,55 Rankin Cres,0,0,0,1.6598932385570904e-05,0.0
11632,Lansdowne Ave at Dundas St West South Side,0,0,0,1.6598932385570904e-05,0.0
11635,Toronto Rehab - Bickle Centre at 130 Dunn Ave,0,0,0,1.6598932385570904e-05,0.0
11637,Lawrence Sq at Northwest Entrance,0,0,0,1.6598932385570904e-05,0.0
11638,Lawrence Plaza at Canada Trust,0,0,0,1.6598932385570904e-05,0.0
11640,Wagman Centre,0,0,0,1.6598932385570904e-05,0.0
11641,Baycrest Home For Aged,0,0,0,1.6598932385570904e-05,0.0
11651,East York Town Centre,0,0,0,1.6598932385570904e-05,0.0
11653,Flemingdon Park Shopping Centre,0,0,0,1.6598932385570904e-05,0.0
11654,Opposite 8 Donway Place - Revera Downey Place,0,0,0,1.6598932385570904e-05,0.0
11655,1 Overland Dr - Better Living - Thompson House,0,0,0,1.6598932385570904e-05,0.0
11656,1050 Don Mills Rd - Shops On Don Mills,0,0,0,1.6598932385570904e-05,0.0
11657,Michael Garron Hospital,0,0,0,1.6598932385570904e-05,0.0
11659,9 Haldon Ave - East York Acres,0,0,0,1.6598932385570904e-05,0.0
11660,200 Dawes Rd - True Davidson Acres,0,0,0,1.6598932385570904e-05,0.0
11662,3003 Danforth Ave - Shoppers World,0,0,0,1.6598932385570904e-05,0.0
11723,West Lodge Ave at May Robinson Apartments,0,0,0,1.6598932385570904e-05,0.0
13476,Cedarvale Ave at Stan Wadlow Park,0,0,0,1.6598932385570904e-05,0.0
13477,Cedarvale Ave at Stan Wadlow Park,0,0,0,1.6598932385570904e-05,0.0
13478,3174 Bathurst St,0,0,0,1.6598932385570904e-05,0.0
13479,St Joseph'S Health Centre at 30 The Queensway,0,0,0,1.6598932385570904e-05,0.0
13731,Warden Station - Westbound Platform,0,0,0,1.6598932385570904e-05,0.0
13732,Warden Station - Eastbound Platform,0,0,0,1.6598932385570904e-05,0.0
13733,Victoria Park Station - Westbound Platform,0,0,0,1.6598932385570904e-05,0.0
13734,Victoria Park Station - Eastbound Platform,0,0,0,1.6598932385570904e-05,0.0
13735,Main Street Station - Eastbound Platform,0,0,0,1.6598932385570904e-05,0.0
13736,Main Street Station - Westbound Platform,0,0,0,1.6598932385570904e-05,0.0
13737,Woodbine Station - Westbound Platform,0,0,0,1.6598932385570904e-05,0.0
13738,Woodbine Station - Eastbound Platform,0,0,0,1.6598932385570904e-05,0.0
13739,Coxwell Station - Eastbound Platform,0,0,0,1.6598932385570904e-05,0.0
13740,Coxwell Station - Westbound Platform,0,0,0,1.6598932385570904e-05,0.0
13741,Greenwood Station - Westbound Platform,0,0,0,1.6598932385570904e-05,0.0
13742,Greenwood Station - Eastbound Platform,0,0,0,1.6598932385570904e-05,0.0
13743,Donlands Station - Eastbound Platform,0,0,0,1.6598932385570904e-05,0.0
13744,Donlands Station - Westbound Platform,0,0,0,1.6598932385570904e-05,0.0
13745,Pape Station - Westbound Platform,0,0,0,1.6598932385570904e-05,0.0
13746,Pape Station - Eastbound Platform,0,0,0,1.6598932385570904e-05,0.0
13747,Chester Station - Westbound Platform,0,0,0,1.6598932385570904e-05,0.0
13748,Chester Station - Eastbound Platform,0,0,0,1.6598932385570904e-05,0.0
13749,Broadview Station - Eastbound Platform,0,0,0,1.6598932385570904e-05,0.0
13750,Broadview Station - Westbound Platform,0,0,0,1.6598932385570904e-05,0.0
13751,Castle Frank Station - Westbound Platform,0,0,0,1.6598932385570904e-05,0.0
13752,Castle Frank Station - Eastbound Platform,0,0,0,1.6598932385570904e-05,0.0
13753,Sherbourne Station - Eastbound Platform,0,0,0,1.6598932385570904e-05,0.0
13754,Sherbourne Station - Westbound Platform,0,0,0,1.6598932385570904e-05,0.0
13755,Yonge Station - Westbound Platform,0,0,0,1.6598932385570904e-05,0.0
13756,Yonge Station - Eastbound Platform,0,0,0,1.6598932385570904e-05,0.0
13757,Bay Station - Eastbound Platform,0,0,0,1.6598932385570904e-05,0.0
13758,Bay Station - Westbound Platform,0,0,0,1.6598932385570904e-05,0.0
13759,Bathurst Station - Westbound Platform,0,0,0,1.6598932385570904e-05,0.0
13760,Bathurst Station - Eastbound Platform,0,0,0,1.6598932385570904e-05,0.0
13761,Christie Station - Eastbound Platform,0,0,0,1.6598932385570904e-05,0.0
13762,Christie Station - Westbound Platform,0,0,0,1.6598932385570904e-05,0.0
13763,Ossington Station - Westbound Platform,0,0,0,1.6598932385570904e-05,0.0
13764,Ossington Station - Eastbound Platform,0,0,0,1.6598932385570904e-05,0.0
13765,Dufferin Station - Eastbound Platform,0,0,0,1.6598932385570904e-05,0.0
13766,Dufferin Station - Westbound Platform,0,0,0,1.6598932385570904e-05,0.0
13767,Lansdowne Station - Westbound Platform,0,0,0,1.6598932385570904e-05,0.0
13768,Lansdowne Station - Eastbound Platform,0,0,0,1.6598932385570904e-05,0.0
13769,Dundas West Station - Eastbound Platform,0,0,0,1.6598932385570904e-05,0.0
13770,Dundas West Station - Westbound Platform,0,0,0,1.6598932385570904e-05,0.0
13771,Keele Station - Westbound Platform,0,0,0,1.6598932385570904e-05,0.0
13772,Keele Station - Eastbound Platform,0,0,0,1.6598932385570904e-05,0.0
13773,High Park Station - Eastbound Platform,0,0,0,1.6598932385570904e-05,0.0
13774,High Park Station - Westbound Platform,0,0,0,1.6598932385570904e-05,0.0
13775,Runnymede Station - Westbound Platform,0,0,0,1.6598932385570904e-05,0.0
13776,Runnymede Station - Eastbound Platform,0,0,0,1.6598932385570904e-05,0.0
13777,Jane Station - Eastbound Platform,0,0,0,1.6598932385570904e-05,0.0
13778,Jane Station - Westbound Platform,0,0,0,1.6598932385570904e-05,0.0
13779,Old Mill Station - Westbound Platform,0,0,0,1.6598932385570904e-05,0.0
13780,Old Mill Station - Eastbound Platform,0,0,0,1.6598932385570904e-05,0.0
13781,Royal York Station - Eastbound Platform,0,0,0,1.6598932385570904e-05,0.0
13782,Royal York Station - Westbound Platform,0,0,0,1.6598932385570904e-05,0.0
13783,Islington Station - Westbound Platform,0,0,0,1.6598932385570904e-05,0.0
13784,Islington Station - Eastbound Platform,0,0,0,1.6598932385570904e-05,0.0
13785,Kipling Station - Eastbound Platform,0,0,0,1.6598932385570904e-05,0.0
13789,North York Centre Station - Southbound Platform,0,0,0,1.6598932385570904e-05,0.0
13790,North York Centre Station - Northbound Platform,0,0,0,1.6598932385570904e-05,0.0
13791,York Mills Station - Northbound Platform,0,0,0,1.6598932385570904e-05,0.0
13792,York Mills Station - Southbound Platform,0,0,0,1.6598932385570904e-05,0.0
13793,Lawrence Station - Southbound Platform,0,0,0,1.6598932385570904e-05,0.0
13794,Lawrence Station - Northbound Platform,0,0,0,1.6598932385570904e-05,0.0
13795,Eglinton Station - Southbound Platform,0,0,0,1.6598932385570904e-05,0.0
13796,Eglinton Station - Northbound Platform,0,0,0,1.6598932385570904e-05,0.0
13797,Davisville Station - Northbound Platform,0,0,0,1.6598932385570904e-05,0.0
13798,Davisville Station - Southbound Platform,0,0,0,1.6598932385570904e-05,0.0
13799,St Clair Station - Southbound Platform,0,0,0,1.6598932385570904e-05,0.0
13800,St Clair Station - Northbound Platform,0,0,0,1.6598932385570904e-05,0.0
13801,Summerhill Station - Northbound Platform,0,0,0,1.6598932385570904e-05,0.0
13802,Summerhill Station - Southbound Platform,0,0,0,1.6598932385570904e-05,0.0
13803,Rosedale Station - Southbound Platform,0,0,0,1.6598932385570904e-05,0.0
13804,Rosedale Station - Northbound Platform,0,0,0,1.6598932385570904e-05,0.0
13805,Wellesley Station - Northbound Platform,0,0,0,1.6598932385570904e-05,0.0
13806,Wellesley Station - Southbound Platform,0,0,0,1.6598932385570904e-05,0.0
13807,College Station - Southbound Platform,0,0,0,1.6598932385570904e-05,0.0
13808,College Station - Northbound Platform,0,0,0,1.6598932385570904e-05,0.0
13809,TMU Station - Northbound Platform,0,0,0,1.6598932385570904e-05,0.0
13810,TMU Station - Southbound Platform,0,0,0,1.6598932385570904e-05,0.0
13811,Queen Station - Southbound Platform,0,0,0,1.6598932385570904e-05,0.0
13812,Queen Station - Northbound Platform,0,0,0,1.6598932385570904e-05,0.0
13813,King Station - Northbound Platform,0,0,0,1.6598932385570904e-05,0.0
13814,King Station - Southbound Platform,0,0,0,1.6598932385570904e-05,0.0
13815,Union Station - Northbound Platform Towards Vaughan Metropolitan Centre,0,0,0,1.6598932385570904e-05,0.0
13816,Union Station - Northbound Platform Towards Finch,0,0,0,1.6598932385570904e-05,0.0
13817,St Andrew Station - Northbound Platform,0,0,0,1.6598932385570904e-05,0.0
13819,Osgoode Station - Southbound Platform,0,0,0,1.6598932385570904e-05,0.0
13820,Osgoode Station - Northbound Platform,0,0,0,1.6598932385570904e-05,0.0
13821,St Patrick Station - Northbound Platform,0,0,0,1.6598932385570904e-05,0.0
13822,St Patrick Station - Southbound Platform,0,0,0,1.6598932385570904e-05,0.0
13823,Queen's Park Station - Southbound Platform,0,0,0,1.6598932385570904e-05,0.0
13824,Queen's Park Station - Northbound Platform,0,0,0,1.6598932385570904e-05,0.0
13825,Museum Station - Northbound Platform,0,0,0,1.6598932385570904e-05,0.0
13826,Museum Station - Southbound Platform,0,0,0,1.6598932385570904e-05,0.0
13827,Dupont Station - Southbound Platform,0,0,0,1.6598932385570904e-05,0.0
13828,Dupont Station - Northbound Platform,0,0,0,1.6598932385570904e-05,0.0
13829,St Clair West Station - Northbound Platform,0,0,0,1.6598932385570904e-05,0.0
13830,St Clair West Station - Southbound Platform,0,0,0,1.6598932385570904e-05,0.0
13831,Cedarvale Station - Southbound Platform,0,0,0,1.6598932385570904e-05,0.0
13832,Cedarvale Station - Northbound Platform,0,0,0,1.6598932385570904e-05,0.0
13833,Glencairn Station - Northbound Platform,0,0,0,1.6598932385570904e-05,0.0
13834,Glencairn Station - Southbound Platform,0,0,0,1.6598932385570904e-05,0.0
13835,Lawrence West Station - Southbound Platform,0,0,0,1.6598932385570904e-05,0.0
13836,Lawrence West Station - Northbound Platform,0,0,0,1.6598932385570904e-05,0.0
13837,Yorkdale Station - Northbound Platform,0,0,0,1.6598932385570904e-05,0.0
13838,Yorkdale Station - Southbound Platform,0,0,0,1.6598932385570904e-05,0.0
13839,Wilson Station - Southbound Platform,0,0,0,1.6598932385570904e-05,0.0
13840,Wilson Station - Northbound Platform,0,0,0,1.6598932385570904e-05,0.0
13843,Bayview Station - Westbound Platform,0,0,0,1.6598932385570904e-05,0.0
13844,Bayview Station - Eastbound Platform,0,0,0,1.6598932385570904e-05,0.0
13846,Bessarion Station - Westbound Platform,0,0,0,1.6598932385570904e-05,0.0
13847,Leslie Station - Westbound Platform,0,0,0,1.6598932385570904e-05,0.0
13848,Leslie Station - Eastbound Platform,0,0,0,1.6598932385570904e-05,0.0
13851,Spadina Station - Westbound Platform,0,0,0,1.6598932385570904e-05,0.0
13852,Spadina Station - Eastbound Platform,0,0,0,1.6598932385570904e-05,0.0
13853,Spadina Station - Northbound Platform,0,0,0,1.6598932385570904e-05,0.0
13854,Spadina Station - Southbound Platform,0,0,0,1.6598932385570904e-05,0.0
13855,St George Station - Westbound Platform,0,0,0,1.6598932385570904e-05,0.0
13856,St George Station - Eastbound Platform,0,0,0,1.6598932385570904e-05,0.0
13857,St George Station - Southbound Platform,0,0,0,1.6598932385570904e-05,0.0
13858,St George Station - Northbound Platform,0,0,0,1.6598932385570904e-05,0.0
13859,Sheppard-Yonge Station - Northbound Platform,0,0,0,1.6598932385570904e-05,0.0
13860,Sheppard-Yonge Station - Southbound Platform,0,0,0,1.6598932385570904e-05,0.0
13861,Sheppard-Yonge Station - Subway Platform,0,0,0,1.6598932385570904e-05,0.0
13862,Sheppard-Yonge Station - Eastbound Platform,0,0,0,1.6598932385570904e-05,0.0
13863,Bloor Station - Northbound Platform,0,0,0,1.6598932385570904e-05,0.0
13864,Bloor Station - Southbound Platform,0,0,0,1.6598932385570904e-05,0.0
13865,Kennedy Station - Westbound Platform,0,0,0,1.6598932385570904e-05,0.0
14109,Don Mills Station - Westbound Platform,0,0,0,1.6598932385570904e-05,0.0
14110,Sheppard West Station - Southbound Platform,0,0,0,1.6598932385570904e-05,0.0
14111,Finch Station - Southbound Platform,0,0,0,1.6598932385570904e-05,0.0
14295,Crescent Town Rd at Victoria Park Ave,0,0,0,1.6598932385570904e-05,0.0
14296,Crescent Town Rd at Massey Sq East,0,0,0,1.6598932385570904e-05,0.0
14298,60 Richview Rd - Ukrainian Canadian Care Centre,0,0,0,1.6598932385570904e-05,0.0
14299,123 La Rose Ave - St Demetrius Seniors Residence,0,0,0,1.6598932385570904e-05,0.0
14300,1500 Royal York Rd - Royal York Plaza/Metro,0,0,0,1.6598932385570904e-05,0.0
14301,250 Wincott Dr - Richview Square Plaza (Rexall),0,0,0,1.6598932385570904e-05,0.0
14302,1540 Kipling Ave - Richview Residence - Kipling Building,0,0,0,1.6598932385570904e-05,0.0
14303,105 Clement Rd - Richview Residence - Clement Building,0,0,0,1.6598932385570904e-05,0.0
14304,201 Lloyd Manor Rd - Lloyd Manor Place/Metro,0,0,0,1.6598932385570904e-05,0.0
14307,1447 Royal York Rd - Humbervale Residence,0,0,0,1.6598932385570904e-05,0.0
14507,270 Wilson Ave - No Frills,0,0,0,1.6598932385570904e-05,0.0
14859,Coxwell Station,0,0,0,1.6598932385570904e-05,0.0
14944,Finch Station - Subway Platform,0,0,0,1.6598932385570904e-05,0.0
14945,Sheppard West Station - Northbound Platform,0,0,0,1.6598932385570904e-05,0.0
14947,Kennedy Station - Subway Platform,0,0,0,1.6598932385570904e-05,0.0
14948,Kipling Station - Subway Platform,0,0,0,1.6598932385570904e-05,0.0
14949,Don Mills Station - Subway Platform,0,0,0,1.6598932385570904e-05,0.0
15271,4005 Eglinton Ave West - Scarlett Heights Residence,0,0,0,1.6598932385570904e-05,0.0
15272,20/30 Fontenay Crt,0,0,0,1.6598932385570904e-05,0.0
15273,63 Widdicombe Hill Blvd - Huntingwood Place,0,0,0,1.6598932385570904e-05,0.0
15547,Humber River Hospital,0,0,0,1.6598932385570904e-05,0.0
15585,1150 Victoria Park Ave - No Frills,0,0,0,1.6598932385570904e-05,0.0
15589,Erie St at Rustic Rd,0,0,0,1.6598932385570904e-05,0.0
15590,840 Coxwell Ave - Michael Garron Hospital Medical Centre,0,0,0,1.6598932385570904e-05,0.0
15601,338 Falstaff Ave - Casa Abruzzo,0,0,0,1.6598932385570904e-05,0.0
15602,North Park Plaza - Walmart,0,0,0,1.6598932385570904e-05,0.0
15603,3050 Dufferin St - Caboto Terrace,0,0,0,1.6598932385570904e-05,0.0
15604,3010 Dufferin St - Casa Del Zotto,0,0,0,1.6598932385570904e-05,0.0
15605,40 Playfair Ave - Villa Colombo,0,0,0,1.6598932385570904e-05,0.0
15606,25 Brucewood Cres,0,0,0,1.6598932385570904e-05,0.0
15607,Baycrest Hospital,0,0,0,1.6598932385570904e-05,0.0
15608,10 Gower St - Gower Park Place,0,0,0,1.6598932385570904e-05,0.0
15609,2490 Gerrard St East,0,0,0,1.6598932385570904e-05,0.0
15656,Pioneer Village Station - Northbound Platform,0,0,0,1.6598932385570904e-05,0.0
15657,Pioneer Village Station - Southbound Platform,0,0,0,1.6598932385570904e-05,0.0
15658,Finch West Station - Southbound Platform,0,0,0,1.6598932385570904e-05,0.0
15659,Finch West Station - Northbound Platform,0,0,0,1.6598932385570904e-05,0.0
15660,Highway 407 Station - Southbound Platform,0,0,0,1.6598932385570904e-05,0.0
15661,Highway 407 Station - Northbound Platform,0,0,0,1.6598932385570904e-05,0.0
15662,Vaughan Metropolitan Centre Station - Subway Platform,0,0,0,1.6598932385570904e-05,0.0
15663,Vaughan Metropolitan Centre Station - Southbound Platform,0,0,0,1.6598932385570904e-05,0.0
15664,Downsview Park Station - Northbound Platform,0,0,0,1.6598932385570904e-05,0.0
15665,Downsview Park Station - Southbound Platform,0,0,0,1.6598932385570904e-05,0.0
15666,York University - Northbound Platform,0,0,0,1.6598932385570904e-05,0.0
15667,York University - Southbound Platform,0,0,0,1.6598932385570904e-05,0.0
15674,10 Deauville Lane,0,0,0,1.6598932385570904e-05,0.0
15723,156 Borough Dr - Scarborough Civic Centre and Library,0,0,0,1.6598932385570904e-05,0.0
16005,5 Replin Rd - Lawrence Heights Community Centre,0,0,0,1.6598932385570904e-05,0.0
16006,Bloor St West at Dufferin St West Side,0,0,0,1.6598932385570904e-05,0.0
16007,828 Kingston Rd - Glen Stewart Acres,0,0,0,1.6598932385570904e-05,0.0
16008,1091 Kingston Rd - Henley Gardens,0,0,0,1.6598932385570904e-05,0.0
16009,245 Dixon Rd - No Frills,0,0,0,1.6598932385570904e-05,0.0
16010,170 Emmett Ave - West Park Healthcare Centre - Main Entrance,0,0,0,1.6598932385570904e-05,0.0
16011,150 Emmett Ave - West Park Long Term Care,0,0,0,1.6598932385570904e-05,0.0
16067,Mount Dennis Station - Eastbound Platform,0,0,0,1.6598932385570904e-05,0.0
16068,Mount Dennis Station - Subway Platform,0,0,0,1.6598932385570904e-05,0.0
16069,Cedarvale Station - Eastbound Platform,0,0,0,1.6598932385570904e-05,0.0
16070,Cedarvale Station - Westbound Platform,0,0,0,1.6598932385570904e-05,0.0
16071,Avenue Station - Eastbound Platform,0,0,0,1.6598932385570904e-05,0.0
16072,Avenue Station - Westbound Platform,0,0,0,1.6598932385570904e-05,0.0
16073,Eglinton Station - Eastbound Platform,0,0,0,1.6598932385570904e-05,0.0
16074,Eglinton Station - Westbound Platform,0,0,0,1.6598932385570904e-05,0.0
16075,Laird Station - Eastbound Platform,0,0,0,1.6598932385570904e-05,0.0
16076,Laird Station - Westbound Platform,0,0,0,1.6598932385570904e-05,0.0
16077,Don Valley Station - Eastbound Platform,0,0,0,1.6598932385570904e-05,0.0
16078,Don Valley Station - Westbound Platform,0,0,0,1.6598932385570904e-05,0.0
16079,Sloane Station - Eastbound Platform,0,0,0,1.6598932385570904e-05,0.0
16080,Sloane Station - Westbound Platform,0,0,0,1.6598932385570904e-05,0.0
16081,Kennedy Station - Subway Platform,0,0,0,1.6598932385570904e-05,0.0
16082,Kennedy Station - Westbound Platform,0,0,0,1.6598932385570904e-05,0.0
16083,Caledonia Station - Eastbound Platform,0,0,0,1.6598932385570904e-05,0.0
16084,Caledonia Station - Westbound Platform,0,0,0,1.6598932385570904e-05,0.0
16085,Golden Mile Station - Eastbound Platform,0,0,0,1.6598932385570904e-05,0.0
16086,Golden Mile Station - Westbound Platform,0,0,0,1.6598932385570904e-05,0.0
16165,Brimorton Dr at Markham Rd,0,0,0,1.6598932385570904e-05,0.0
16166,Brimorton Dr at Markham Rd,0,0,0,1.6598932385570904e-05,0.0
16169,Brimorton Dr at Bellamy Rd N,0,0,0,1.6598932385570904e-05,0.0
16170,Brimorton Dr at Bellamy Rd N,0,0,0,1.6598932385570904e-05,0.0
16175,Brimorton Dr at McCowan Rd,0,0,0,1.6598932385570904e-05,0.0
16202,Keelesdale Station - Eastbound Platform,0,0,0,1.6598932385570904e-05,0.0
16203,Keelesdale Station - Westbound Platform,0,0,0,1.6598932385570904e-05,0.0
16204,Fairbank Station - Eastbound Platform,0,0,0,1.6598932385570904e-05,0.0
16205,Fairbank Station - Westbound Platform,0,0,0,1.6598932385570904e-05,0.0
16206,Oakwood Station - Eastbound Platform,0,0,0,1.6598932385570904e-05,0.0
16207,Oakwood Station - Westbound Platform,0,0,0,1.6598932385570904e-05,0.0
16208,Forest Hill Station - Eastbound Platform,0,0,0,1.6598932385570904e-05,0.0
16209,Forest Hill Station - Westbound Platform,0,0,0,1.6598932385570904e-05,0.0
16210,Chaplin Station - Eastbound Platform,0,0,0,1.6598932385570904e-05,0.0
16211,Chaplin Station - Westbound Platform,0,0,0,1.6598932385570904e-05,0.0
16212,Mount Pleasant Station - Eastbound Platform,0,0,0,1.6598932385570904e-05,0.0
16213,Mount Pleasant Station - Westbound Platform,0,0,0,1.6598932385570904e-05,0.0
16214,Leaside Station - Eastbound Platform,0,0,0,1.6598932385570904e-05,0.0
16215,Leaside Station - Westbound Platform,0,0,0,1.6598932385570904e-05,0.0
16216,Sunnybrook Park Station - Eastbound Platform,0,0,0,1.6598932385570904e-05,0.0
16217,Sunnybrook Park Station - Westbound Platform,0,0,0,1.6598932385570904e-05,0.0
16218,Aga Khan Park & Museum Station - Eastbound Platform,0,0,0,1.6598932385570904e-05,0.0
16219,Aga Khan Park & Museum Station - Westbound Platform,0,0,0,1.6598932385570904e-05,0.0
16220,Wynford Station - Eastbound Platform,0,0,0,1.6598932385570904e-05,0.0
16221,Wynford Station - Westbound Platform,0,0,0,1.6598932385570904e-05,0.0
16222,O'Connor Station - Eastbound Platform,0,0,0,1.6598932385570904e-05,0.0
16223,O'Connor Station - Westbound Platform,0,0,0,1.6598932385570904e-05,0.0
16224,Pharmacy Station - Eastbound Platform,0,0,0,1.6598932385570904e-05,0.0
16225,Pharmacy Station - Westbound Platform,0,0,0,1.6598932385570904e-05,0.0
16226,Hakimi Lebovic Station - Eastbound Platform,0,0,0,1.6598932385570904e-05,0.0
16227,Hakimi Lebovic Station - Westbound Platform,0,0,0,1.6598932385570904e-05,0.0
16228,Birchmount Station - Eastbound Platform,0,0,0,1.6598932385570904e-05,0.0
16229,Birchmount Station - Westbound Platform,0,0,0,1.6598932385570904e-05,0.0
16230,Ionview Station - Eastbound Platform,0,0,0,1.6598932385570904e-05,0.0
16231,Ionview Station - Westbound Platform,0,0,0,1.6598932385570904e-05,0.0
16289,Humber College Station - Eastbound Platform,0,0,0,1.6598932385570904e-05,0.0
16290,Humber College Station - Subway Platform,0,0,0,1.6598932385570904e-05,0.0
16291,Westmore Station - Eastbound Platform,0,0,0,1.6598932385570904e-05,0.0
16292,Westmore Station - Westbound Platform,0,0,0,1.6598932385570904e-05,0.0
16293,Martin Grove Station - Eastbound Platform,0,0,0,1.6598932385570904e-05,0.0
16294,Martin Grove Station - Westbound Platform,0,0,0,1.6598932385570904e-05,0.0
16295,Albion Station - Eastbound Platform,0,0,0,1.6598932385570904e-05,0.0
16296,Albion Station - Westbound Platform,0,0,0,1.6598932385570904e-05,0.0
16297,Stevenson Station - Eastbound Platform,0,0,0,1.6598932385570904e-05,0.0
16298,Stevenson Station - Westbound Platform,0,0,0,1.6598932385570904e-05,0.0
16299,Mount Olive Station - Eastbound Platform,0,0,0,1.6598932385570904e-05,0.0
16300,Mount Olive Station - Westbound Platform,0,0,0,1.6598932385570904e-05,0.0
16301,Rowntree Mills Station - Eastbound Platform,0,0,0,1.6598932385570904e-05,0.0
16302,Rowntree Mills Station - Westbound Platform,0,0,0,1.6598932385570904e-05,0.0
16303,Pearldale Station - Eastbound Platform,0,0,0,1.6598932385570904e-05,0.0
16304,Pearldale Station - Westbound Platform,0,0,0,1.6598932385570904e-05,0.0
16305,Duncanwoods Station - Eastbound Platform,0,0,0,1.6598932385570904e-05,0.0
16306,Duncanwoods Station - Westbound Platform,0,0,0,1.6598932385570904e-05,0.0
16307,Milvan Rumike Station - Eastbound Platform,0,0,0,1.6598932385570904e-05,0.0
16308,Milvan Rumike Station - Westbound Platform,0,0,0,1.6598932385570904e-05,0.0
16309,Emery Station - Eastbound Platform,0,0,0,1.6598932385570904e-05,0.0
16310,Emery Station - Westbound Platform,0,0,0,1.6598932385570904e-05,0.0
16311,Signet Arrow Station - Eastbound Platform,0,0,0,1.6598932385570904e-05,0.0
16312,Signet Arrow Station - Westbound Platform,0,0,0,1.6598932385570904e-05,0.0
16313,Norfinch Oakdale Station - Eastbound Platform,0,0,0,1.6598932385570904e-05,0.0
16314,Norfinch Oakdale Station - Westbound Platform,0,0,0,1.6598932385570904e-05,0.0
16315,Jane and Finch Station - Eastbound Platform,0,0,0,1.6598932385570904e-05,0.0
16316,Jane and Finch Station - Westbound Platform,0,0,0,1.6598932385570904e-05,0.0
16317,Driftwood Station - Eastbound Platform,0,0,0,1.6598932385570904e-05,0.0
16318,Driftwood Station - Westbound Platform,0,0,0,1.6598932385570904e-05,0.0
16319,Tobermory Station - Eastbound Platform,0,0,0,1.6598932385570904e-05,0.0
16320,Tobermory Station - Westbound Platform,0,0,0,1.6598932385570904e-05,0.0
16321,Sentinel Station - Eastbound Platform,0,0,0,1.6598932385570904e-05,0.0
16322,Sentinel Station - Westbound Platform,0,0,0,1.6598932385570904e-05,0.0
16323,Finch West Station - Subway Platform,0,0,0,1.6598932385570904e-05,0.0
16324,Finch West Station - Westbound Platform,0,0,0,1.6598932385570904e-05,0.0
16370,120 Dallimore Circle,0,0,0,1.6598932385570904e-05,0.0
16411,16 Dallimore Cir,0,0,0,1.6598932385570904e-05,0.0
16708,Walmart Scarborough Town Centre,0,0,0,1.6598932385570904e-05,0.0
16709,1255 McCowan Rd - Freshco,0,0,0,1.6598932385570904e-05,0.0
16710,3750 Lawrence Ave East - Giant Tiger,0,0,0,1.6598932385570904e-05,0.0
16711,225 Confederation Dr - Cedar Ridge Creative Centre,0,0,0,1.6598932385570904e-05,0.0
16712,450B Scarborough Golf Club Rd - Masaryktown Residences,0,0,0,1.6598932385570904e-05,0.0
16713,123 Guildwood Pkwy - Guildwood Village Shopping Centre,0,0,0,1.6598932385570904e-05,0.0
16714,130 Westlake Rd - Guildwood Station,0,0,0,1.6598932385570904e-05,0.0
16715,452 Scarborough Golf Club Rd - Masaryktown Homes,0,0,0,1.6598932385570904e-05,0.0
16798,Brimorton Dr at Jeffton Cres,0,0,0,1.6598932385570904e-05,0.0
16799,Brimorton Dr at Jeffton Cres,0,0,0,1.6598932385570904e-05,0.0
16800,Brimorton Dr at Gaitwin Pl,0,0,0,1.6598932385570904e-05,0.0
16801,Brimorton Dr at Gaitwin Pl West Side,0,0,0,1.6598932385570904e-05,0.0
16802,Brimorton Dr at Amberjack Blvd,0,0,0,1.6598932385570904e-05,0.0
16803,Brimorton Dr at Amberjack Blvd,0,0,0,1.6598932385570904e-05,0.0
17650,Queen St East at Woodfield Rd,2,1,1,0.00012825423364339688,0.009471577444248647
17651,Queen St East at Woodfield Rd,2,1,1,0.00017775977186311868,0.0013611091163196652
17652,Queen St East at Bellefair Ave,2,1,1,9.032442840046739e-05,0.0005024457677584007
17653,Queen St East at Bellefair Ave,2,1,1,6.892532819854227e-05,0.0
17654,Queen St West at St Patrick St,2,1,1,0.00011084044310444318,0.005751866725990051
17655,Queen St West at Triller Ave,2,1,1,0.00011329256556860459,0.0019804013339157957
17656,Queen St East at Elmer Ave,2,1,1,8.688691836414783e-05,0.0006029349213100808
17658,Queen St East at Glen Manor Dr,2,1,1,9.70638255039167e-05,0.0003014674606550404
17661,Queen St East at Beech Ave,2,1,1,4.27003801239841e-05,0.0
17662,Queen St East at Sudbury St,2,1,1,0.00011185299709467821,0.0013774664126057152
17663,Kingston Rd at Glen Manor Dr,2,1,1,0.0001179948110446942,0.0058725010633772865
17664,Kingston Rd at Woodbine Ave,2,1,1,0.0001138969298655975,0.005370055295618886
17668,King St West at Joe Shuster Way,3,2,1,0.0001649922090121581,0.00581682815300159
17671,Dundas St West at Shaw St,2,1,1,0.00011062853171393727,0.003578988817652656
18210,Queen St East at Alton Ave,4,2,2,0.00017751312751997566,0.01203786129509226
18214,Eglinton Ave East at Dunfield Ave,2,1,1,0.00019226557769256355,0.012562891402612814
18220,Opposite 2190 Yonge St,2,1,1,9.399953550176727e-05,0.00773746987097689
18221,Yonge St at Orchard View Blvd,2,1,1,0.0001265184536201586,0.00961470296327804
18237,395 Passmore Ave,2,1,1,0.00010933491263405304,0.00527763008648802
18238,Van Horne Ave at Clipper Rd,2,1,1,8.900597670383336e-05,0.0013043382230876486
18239,Newcastle St at Windsor St East Side - Mimico GO Station,2,1,1,1.8902775417046968e-05,0.00021799234368353893
18242,Manitoba St at Legion Rd,2,1,1,3.2666130149804523e-05,0.00011750319013185879
18245,Ossington Station at Bus Bay 6,2,1,1,9.838421782421906e-05,0.0026344854983064705
18246,Humber Loop at the Queensway,2,1,1,8.064807975416828e-05,0.0004101773386120473
18248,Humber Loop at the Queensway,3,1,2,0.00011062853171393727,0.0031391487336463663
18250,Humber Loop at the Queensway,2,1,1,4.6579384345339886e-05,0.002985657553309616
18254,Lake Shore Blvd West at Royal York Rd,2,1,1,0.00011039746405907684,0.004601704734541826
18255,Lake Shore Blvd West at Miles Rd,2,1,1,0.00011042366074452155,0.004501215580990145
18256,Lake Shore Blvd West at Norris Cres,2,1,1,0.00011025266812199683,0.0044007264274384655
18279,The West Mall at Paxman Rd South Side,2,1,1,2.030752754883118e-05,0.02212823940000664
18280,The West Mall at Paxman Rd,2,1,1,3.2345951337669967e-05,0.01662237928952676
18281,135 The West Mall,2,1,1,1.8523629834387056e-05,0.01672286844307844
18282,The West Mall at Waulron St,2,1,1,3.381956330804464e-05,0.02202775024645496
18291,Don Mills Rd at Eglinton Ave East,5,1,4,0.00015222155480544116,0.05171949058845593
18292,Sheppard Ave East at Massie St East Side,2,1,1,0.00010094166656188791,0.00010048915355168014
18293,Brimley Rd at Dennett Dr North Side,2,1,1,8.827057545654845e-05,0.001406848149723522
18294,Sheppard Ave East at Brownspring Rd East Side,2,1,1,9.726537864293534e-05,0.0
18295,Sheppard Ave East at Wilfred Ave,2,1,1,0.00010768519786644664,0.009617394953515221
18296,The Westway at Trio Ave,2,1,1,6.065959275838819e-05,0.002338366652488303
18297,The Westway at Trehorne Dr,2,1,1,6.783387459067615e-05,0.0022378774989366226
18298,The Westway at Callowhill Dr East Side,2,1,1,0.00011672895695008607,0.0010048915355168014
18301,Steeles Ave East at Waggoners Wells Lane,4,2,2,0.00015985686937777314,0.0244162072421057
18302,Lawrence Ave East at Birchmount Rd,4,2,2,9.610319753727557e-05,0.008099180031971158
18304,Mill Rd at Markland Dr North Side - Silverthorne C.I.,0,0,0,1.6598932385570904e-05,0.0
18305,Saint John Paul II S.S.,0,0,0,1.6598932385570904e-05,0.0
18306,Michael Power / St Joseph H.S.,0,0,0,1.6598932385570904e-05,0.0
18307,1107 Avenue Rd - Marshall McLuhan Secondary School,0,0,0,1.6598932385570904e-05,0.0
18308,Fenelon Loop at Graydon Hall Dr,0,0,0,1.6598932385570904e-05,0.0
18311,Michael Power / St Joseph H.S.,0,0,0,1.6598932385570904e-05,0.0
18312,Michael Power / St Joseph H.S.,0,0,0,1.6598932385570904e-05,0.0
18313,127 Victoria Park Ave - Neil McNeil Secondary School,1,0,1,1.6598932385570904e-05,0.0
18358,Kingston Rd at St Clair Ave East,2,1,1,2.574001607218552e-05,0.00043518715440238196
18359,Kingston Rd at St Clair Ave East,2,1,1,3.7060390670485756e-05,0.002266787314958306
18360,Kingston Rd at Eglinton Ave East,2,1,1,3.5513779721350295e-05,0.004882994333281445
18361,Kingston Rd at Brimley Rd,2,1,1,2.4289141770061687e-05,0.002367276468509986
18362,Kingston Rd at Markham Rd,2,1,1,2.225985697457994e-05,0.0049834834868331245
18363,Kingston Rd at Markham Rd West Side,2,1,1,4.786750873253282e-05,0.004168132608211298
18364,2155 Lake Shore Blvd West,2,1,1,0.00011213571794789444,0.002645332681557239
18365,Kipling Ave at Taber Rd,2,1,1,0.00011043877433823917,0.004389884144714421
18366,Kipling Ave at Taber Rd,2,1,1,0.00011375785577555025,0.004027465916402114
18367,Kipling Ave at Henley Cres,4,2,2,0.00015207582872685214,0.005167478785292898
18373,St Andrew Station - Southbound Platform,0,0,0,1.6598932385570904e-05,0.0
18375,Bessarion Station - Eastbound Platform,0,0,0,1.6598932385570904e-05,0.0
18379,Sheppard-Yonge Station at Bus Bay 2,0,0,0,1.6598932385570904e-05,0.0
18384,Highway 407 Station,0,0,0,1.6598932385570904e-05,0.0
18387,Weston Rd at St Clair Ave West,5,3,2,0.00014979092931821875,0.0119400523898125
18388,Dufferin St at Springhurst Ave,2,1,1,4.9520708883341486e-05,0.0
18396,Bayview station,0,0,0,1.6598932385570904e-05,0.0
18397,Leslie Station,0,0,0,1.6598932385570904e-05,0.0
18399,Lawrence Station,0,0,0,1.6598932385570904e-05,0.0
18400,St. Andrew Station,0,0,0,1.6598932385570904e-05,0.0
18408,Oriole Pkwy at Kilbarry Rd South Side,2,1,1,8.789300717517408e-05,0.003668651637601021
18537,Wilson Ave at Beverly Hills Dr,4,1,3,0.00010743016712402482,0.004177687731447709
18538,Wilson Ave at Beverly Hills Dr,3,2,1,0.00022197326613629772,0.01011932310387755
18540,Old Mill Station at Bus Bay 3,2,1,1,5.9340927114539746e-05,0.016360509390565752
18547,Yonge St at Athabaska Ave,2,1,1,0.0002138525912703864,0.01296582164728542
18548,Finch Ave West at Ancona St East Side,2,1,1,0.0001349158961355426,0.00010048915355168014
18549,Finch Ave West at Glenborough Park Cres West Side,2,1,1,0.00011711620257438471,0.00010048915355168014
18550,Keele St at Colville Rd North Side,2,1,1,0.0001026006775997024,0.0
18551,Keele St at Milford Ave North Side,2,1,1,0.00010137657593663898,0.00010048915355168014
18552,Kipling Ave at Steeles Ave West South Side,2,1,1,3.2215272837717224e-05,0.0024722018785799035
18592,Royal York Station at Bus Bay 1,2,1,1,0.00010537881007153692,0.0025733608482206155
18593,Royal York Station at Bus Bay 2,2,1,1,5.847623318083787e-05,0.0025733608482206155
18594,Royal York Station at Bus Bay 3,2,1,1,0.0001347275564822331,0.0016025095703955765
18596,Yonge St at Patricia Ave,2,1,1,0.0001815992105122913,0.01276484334018206
18598,Cosburn Ave at Donlands Ave,2,1,1,8.439680368223725e-05,0.005990118186789816
18599,Brown's Line at Woodbury Rd,2,1,1,0.00013113315593769144,0.0009205367155175748
18636,Jane St at Alliance Ave,4,2,2,0.00015297487442812144,0.040159595779340466
18637,Birchmount Rd at McNabb St,2,1,1,0.00011062853171393727,0.0006029349213100808
18638,3390 Major Mackenzie Dr East,2,1,1,0.00011062853171393727,0.006530199914929817
18639,Major Mackenzie Dr East at Glenbourne Park Dr,2,1,1,0.00011062853171393727,0.006731178222033177
18640,Major Mackenzie Dr East at Glenbourne Park Dr,2,1,1,0.00011062853171393727,0.0064297107613781376
18646,Steeles Ave East at Don Mills Rd East Side,5,2,3,0.0001997800184670574,0.03788315689724533
18647,5720 Bathurst St,2,1,1,0.0001515029881615113,0.003479902169289664
18648,Opposite 5720 Bathurst St,2,1,1,0.00011062853171393727,0.008403870693321991
18651,Huntingwood Dr at Midland Ave East Side,2,1,1,0.00010364078003432617,0.0009321565291365376
18652,1189 Huntingwood Dr,2,1,1,0.00010459193354087607,0.0008316673755848574
18653,Brimley Rd at Pitfield Rd,2,1,1,6.965363819850887e-05,0.0018088047639302424
18654,1965 Brimley Rd,2,1,1,7.527482536114248e-05,0.0017083156103785623
18655,1994 Brimley Rd,2,1,1,0.00011062853171393727,0.0
18656,Humber College Blvd at Westmore Dr - Etobicoke General Hospi,3,1,2,0.00011588139632412269,0.10265781743381164
18660,York St at King St West North Side,2,1,1,4.695034123716995e-05,0.0004620374308804764
18724,St Clair Ave East at Warden Ave,2,1,1,9.199616229031804e-05,0.00836842478377995
18725,Bermondsey Rd at Northline Rd,2,1,1,9.350359207360094e-05,0.002057316035729477
18727,West Toronto St at Keele St,2,1,1,8.995329289622188e-05,0.0030772189139373313
18728,West Toronto St at Keele St,2,1,1,3.6078691527139794e-05,0.00214469637893181
18729,Dundas St West at Runnymede Rd,4,3,1,0.00021284422850141458,0.014946433130722761
18731,Dundas St West at Dundas West Outer Platform,2,1,1,0.00011132363143366426,0.0
18740,Keele St at Bloor St West - Keele Station,2,1,1,4.113083104868799e-05,0.00020097830710336028
18751,University Ave at Adelaide St West,2,1,1,5.662415028062014e-05,0.00036154827732879627
18759,Caledonia Rd at Lawrence Ave West North Side,2,1,1,0.00011062853171393727,0.002435399829859634
18760,Knob Hill Dr at Weston Rd,2,1,1,6.0280444007789844e-05,0.00046948107188430455
18778,Yonge St at Sheppard Ave East North Side - Sheppard Station,2,1,1,0.0001358233954852197,0.005020540904579611
18782,Willowdale Ave at Parkview Ave North Side,2,1,1,8.05630528822384e-05,0.001732773287962569
18783,Willowdale Ave at Empress Ave,2,1,1,7.525310431862239e-05,0.0018332624415142492
18784,2201 Markham Rd,2,1,1,0.00011139860376800756,0.00010048915355168014
18788,Opposite 1042 Sheppard Ave West- Sheppard West Station,2,1,1,2.404687410499915e-05,0.0
18789,Bay St at Front St West South Side - Union Station,3,2,1,0.00017829767674574595,0.011463742628080654
18790,High Park Station at High Park Ave,2,1,1,0.00011062853171393727,0.0
18791,Milner Ave at Novopharm Crt,2,1,1,9.622667010353563e-05,0.0016078264568268822
18793,Brimley Rd at Heather Rd,2,1,1,8.475423841159801e-05,0.0015073373032752021
18794,Fort York Blvd at Iannuzzi St East Side,2,1,1,4.528644488380568e-05,0.0044886304850150025
18797,Marlee Ave at Eglinton Ave West,0,0,0,1.6598932385570904e-05,0.0
18798,Marlee Ave at Eglinton Ave West,0,0,0,1.6598932385570904e-05,0.0
18801,Laird Dr at Commercial Rd South Side,2,1,1,0.00011207606698160791,0.010975093087119891
18812,Humber College Blvd at Finch Ave W,3,2,1,9.787204571696338e-05,0.0027097511697150144
18817,Dundas St East at Regent Park Blvd,2,1,1,0.00011062853171393727,0.011579714474759136
18818,Dundas St East at Regent Park Blvd,2,1,1,7.010358176830268e-05,0.005287304428031218
18821,Turtle Island Rd at Lawrence Heights Way,2,1,1,7.066815208588692e-05,0.00010048915355168014
18822,Turtle Island Rd at Lawrence Heights Way,2,1,1,6.494134259458019e-05,0.0030146746065504043
18824,Carlaw Ave at Langley Ave South Side,2,1,1,9.883030602152304e-05,0.01942989013916279
18825,Martin Grove Rd at Betteridge Lane,3,1,2,0.00013752523905671076,0.004578924748334043
18826,Martin Grove Rd at Betteridge Lane North Side,3,2,1,0.00017486673723246548,0.004689998037632256
18827,University Ave at College St - Queen's Park Station,2,1,1,2.087300508231483e-05,0.0005024457677584007
18828,Ossington Ave at Argyle St North Side,2,1,1,0.00011016545882685974,0.006443281303978881
18829,Centennial College Bus Terminal,2,1,1,7.900972693902086e-05,0.0
18830,Centennial College Bus Terminal,4,2,2,2.6197395300986836e-05,0.0381286004164043
18832,Finch Ave West at Alexdon Rd East Side,3,2,1,0.0001863991905098477,0.003858028979435672
18836,Spanbridge Rd at Grenoble Dr East Side,2,1,1,1.8232021126452812e-05,0.0017513823904721395
18837,Centennial College Bus Terminal,2,1,1,7.682534046152636e-05,0.0
18838,Bloor St West at Montgomery Rd West Side,2,1,1,0.00010287450929439095,0.03647653985599885
18839,Bloor St West at Thompson Ave West Side,2,1,1,0.00012007781087028588,0.050561768217226785
18840,344 Rathburn Rd at Walkway to Merrygale Crescent,2,1,1,8.367479666994949e-05,0.009503233283400834
18841,Carl Hall Rd at Centennial College,2,1,1,4.8816932280477645e-05,0.0037011732596058415
18842,Queens Plate Dr at Harness Rd North Side,2,1,1,0.00010307586783849093,0.001772921318942294
18845,Dundas St West at Summerland Ter,3,2,1,7.572408681518831e-05,0.005110881249758323
18859,Kennedy Rd at Village Green Sq,2,1,1,2.411954594904739e-05,0.00010048915355168014
18860,Village Green Sq at Metrogate Park,1,1,0,3.70999813359753e-05,0.0
18862,Danforth Ave at Main St,2,1,1,0.00010873644610271928,0.01108440625175362
18863,2615 Danforth Ave,5,3,2,0.0002692266709773623,0.024177867281873943
18864,Danforth Ave at Dawes Rd,2,1,1,0.00016857035426908195,0.021779774271807304
18865,Danforth Ave at Dawes Rd,3,2,1,0.0002474072770936482,0.023318751470320177
18867,Progress Ave at Bellamy Rd North,2,1,1,8.93367244615252e-05,0.006547213951509996
18868,Progress Ave at Corporate Dr West Side,2,1,1,0.00011062853171393727,0.00010048915355168014
18869,700 Progress Ave,2,1,1,0.00011062853171393727,0.0
18870,705 Progress Ave,2,1,1,8.518847671410259e-05,0.006647703105061676
18871,Grangeway Ave at Progress Ave,2,1,1,8.005128084197577e-05,0.002019882483450857
18875,Signet Dr at Kenhar Dr North Side,2,1,1,5.454524378412284e-05,0.006136750319013187
18878,Trethewey Dr at Paulson Rd,2,1,1,5.724284015017515e-05,0.0009044023819651212
18894,The East Mall at Gibbs Rd,3,1,2,0.00012702279035017804,0.011587210283579506
18895,The East Mall at Gibbs Rd North Side,2,1,1,8.5019306014543e-05,0.003749618274820316
18896,1161 Royal York Rd,2,1,1,0.00018866060455519554,0.005749656617751312
18905,Brimley Rd at Eglinton Ave East South Side,2,1,1,8.188268091771783e-05,0.010502155870855361
18906,Dundas St West at Clendenan Ave,3,1,2,0.00018606160031890817,0.014745454823619402
18907,Dundas St West at Clendenan Ave,3,2,1,0.00019335109676914033,0.00876792350399606
18910,Eglinton Ave East at Bellamy Rd North West Side - Eglinton G,4,2,2,0.00015506175220222928,0.012561223351528782
18911,Eglinton Ave East at Mason Rd West Side,2,1,1,0.00014090789431501596,0.0
18912,Eglinton Ave East at Markham Rd East Side,6,3,3,0.00018009457545615351,0.009735450246934722
18913,Kingston Rd at Scarborough Golf Club Rd East Side,4,2,2,0.00015370493956839033,0.006152135124434146
18914,Kingston Rd at Scarborough Golf Club Rd West Side,3,1,2,0.00018517200985035238,0.004670578375969699
18915,Kingston Rd at Celeste Dr East Side - Guildwood GO Station,3,2,1,0.00012182172042393813,0.012602694781076321
18916,Kingston Rd at Celeste Dr West Side - Guildwood GO Station,3,1,2,0.00014591019657664596,0.01945683008422611
18917,Kingston Rd at Galloway Rd East Side,3,1,2,0.00012110813951470649,0.01250220562752464
18918,Kingston Rd at Galloway Rd West Side,3,2,1,0.000152111255657821,0.01955731923777779
18919,Kingston Rd at Poplar Rd West Side,2,1,1,0.0001273495591172339,0.0
18920,Oakwood Ave at Conway Ave,2,1,1,0.00018289264275031885,0.011681635993005335
18921,Oakwood Ave at Conway Ave North Side,2,1,1,0.00019736012805948006,0.007245822396987076
18922,Don Mills Rd at Helen Lu Rd,2,1,1,8.964162827057679e-05,0.010782832982096594
18923,Don Mills Rd at Helen Lu Rd,2,1,1,0.00012064293061126222,0.011513758652024284
18924,3671 Dundas St West,2,1,1,0.00018149595498079057,0.006943888753384714
18925,Kingston Rd at Lawrence Ave East South Side,5,3,2,0.0001728545253778841,0.01975829754488115
19739,Midland Ave at Stansbury Cres,2,1,1,0.00011062853171393727,0.004969312132105763
19740,2672 St Clair Ave West,2,1,1,0.00010493266515288464,0.005348418521669266
19742,Trethewey Dr at Eglinton Ave West,5,2,3,0.00016076293378845623,0.02084493712874223
19743,Keele St at Eglinton Ave West,4,2,2,0.000107843180090494,0.01765415452140816
19744,Weston Rd at Wright Ave - Weston GO Station,2,1,1,9.71980961695835e-05,0.00010048915355168014
19754,Bloor St East at Yonge St East Side,2,1,1,0.00011062853171393727,0.021152212659705738
20563,Yonge St at Belmont St,2,1,1,0.00010459384403358512,0.005183804763930243
20564,Bloor St West at Bay St East Side,2,1,1,0.00011062853171393727,0.02125270181325742
20565,Bloor St West at Bay St West Side,2,1,1,0.00010635492569036463,0.010082620654293143
20566,Bloor St East at Sherbourne St East Side,2,1,1,0.00011062853171393727,0.0208507451990507
21391,Steeles Ave East at Ferrier St East Side,2,1,1,0.00011340648911496997,0.0
21392,Dundas St West at Bloor St West,2,1,1,9.801269065700646e-05,0.010281396605324393
21393,Dundas St West at Kipling Ave,2,1,1,7.926880783153524e-05,0.008367574081950942
21394,Dundas St West at Kipling Ave,2,1,1,5.778296427510079e-05,0.0012940146720437965
21396,Kipling Ave at Bloor St West,2,1,1,0.00014019049972942705,0.011703183659127476
21398,Danforth Rd at Savarin St,2,1,1,0.0001038704741703191,0.006037324542747767
22931,Tapscott Rd at Newgale Gate South Side,2,1,1,0.00010369259074907068,0.0004860008250525276
22932,Kingston Rd at Rylander Blvd,3,1,2,0.00010048137390018829,0.0050846271090316175
22933,Front St East at Bayview Ave,2,1,1,7.5545408450958e-05,0.004334682809746612
22934,Bayview Ave at Front St East,2,1,1,9.434551031319295e-05,0.0011547365495616008
22935,River St at Queen St East,2,1,1,8.112697588205303e-05,0.004234193656194932
22936,River St at King St East,2,1,1,9.03168837006846e-05,0.001255225703113281
22937,River St at Dundas St East,2,1,1,8.557319015513508e-05,0.004133704502643252
22938,River St at Dundas St East South Side,2,1,1,8.735301089298115e-05,0.0013557148566649615
22939,River St at Gerrard St East,2,1,1,8.966631835482857e-05,0.004033215349091571
22940,Gerrard St East at River St,2,1,1,8.340682292184022e-05,0.0014562040102166416
22942,Jack Layton Way at St Matthews Rd,2,1,1,7.252605851918665e-05,0.0016571823173200018
22943,St Matthews Rd at Gerrard St East,2,1,1,7.807799699085941e-05,0.0015566931637683217
23694,Church St at The Esplanade,2,1,1,7.127485367668351e-05,0.004019566142067206
23762,Carrier Dr at Highway 27,2,1,1,7.531168914208785e-05,0.0004535304125903871
23763,Princess St at The Esplanade North Side,2,1,1,7.74485698008753e-05,0.00020097830710336028
23764,Front St East at Berkeley St,2,1,1,8.19347323665998e-05,0.00010048915355168014
23765,Rouge Hill GO Station Loop,2,1,1,0.00011904317602156594,0.009939950459128781
23767,Midland Ave at Copthorne Ave,2,1,1,0.00011062853171393727,0.009665036154827732
23768,Midland Ave at Duxbury Dr (Truro Cres Walkway),2,1,1,0.00011062853171393727,0.009564547001276054
23770,Islington Station at Bus Bay 11,2,1,1,0.00010546925400178457,0.01751695158404076
23771,Islington Station at Bus Bay 12,2,1,1,8.51996206542601e-05,0.006476018683781691
23772,Islington Station at Bus Bay 13,2,1,1,0.00012292999920203917,0.006476018683781691
25395,4005 Eglinton Ave West,2,1,1,0.0001164670986992377,0.0013907351967591005
25397,Weston Rd at St Phillips Rd,4,2,2,0.0002446482654974003,0.012395010866603835
25398,Weston Rd at St Phillips Rd,3,1,2,0.00019042448946715926,0.004926273985065457
25399,Weston Rd at Little Ave,3,1,2,0.0001372405487458135,0.01793257782908995
25400,Weston Rd at Elsmere Ave,3,2,1,0.00013535502757255576,0.011049618156290334
25401,Weston Rd at Lawrence Ave West,4,2,2,9.704447360491154e-05,0.053092677284656664
25402,Weston Rd at Lawrence Ave West,4,2,2,0.0001003586668091138,0.013216456248779332
25403,Davenport Rd at Shaw St,2,1,1,0.00011062853171393727,0.009983890205923383
25405,Finch Ave West at Bathurst St,4,2,2,0.00015499937961971228,0.014877375946390818
25406,Finch Ave West at Bathurst St,4,2,2,0.00013043256525547964,0.009307018543274393
26126,Wilson Station at Bus Bay 7,2,1,1,2.1695426341473838e-05,0.0030026246830660262
26149,Wilson Station at Bus Bay 8,2,1,1,4.038257084645126e-05,0.0030026246830660262
26220,Rylander Blvd at Kingston Rd,3,1,2,0.00011273320843506427,0.0005968806174641818
27832,Strachan Ave at Wellington St West,2,1,1,2.121347968929404e-05,0.0
27833,Dundas St West at St Patrick St,2,1,1,0.00010177650151438296,0.004282412892514417
28558,Parliament St at Mill St,3,1,2,0.00012350154490930416,0.010380322251121912
28634,Eglinton Ave East at Hanna Rd West Side,2,1,1,0.00011612889372625946,0.021084346278730598
28636,Yonge St at Castlefield Ave South Side,2,1,1,0.00012375516273176095,0.0098156812703814
28637,Yonge St at Carlton St North Side - College Station,2,1,1,0.00011439403404134884,0.0070246703530412605
28638,Bathurst St at Timberlane Dr,2,1,1,0.00011626760331842525,0.009609740535942152
28641,Durnford Rd at Durness Ave,2,1,1,0.00011486115446321184,0.0007943428328370906
28642,Durnford Rd at Tallpines Park South Side,2,1,1,0.00011425033260949869,0.0006938536792854105
28643,Islington Ave at Dundas St West South Side,4,2,2,0.00011287781131603762,0.006518228331642835
28645,Mill St at Parliament St,2,1,1,7.524316464084708e-05,0.0005178030933491144
28646,Opposite 3574 Eglinton Ave West,2,1,1,0.00030065740482853156,0.026712079602248317
28647,3574 Eglinton Ave West,4,1,3,0.00023319395275796942,0.04090496312898624
30146,Sheppard Ave West at Quilter Rd,5,3,2,0.00024291743886048644,0.012686833490308075
30147,Sheppard Ave West at Pewter Rd,5,2,3,0.00021082617185774053,0.02802966527246089
30148,Murray Ross Pkwy at Columbia Gate,2,1,1,0.00010255378074901621,0.0015998997310407352
30149,Hollinger Rd at Dohme Ave,2,1,1,9.032331827413674e-05,0.002157805189281157
30150,Sheppard Ave West at Sentinel Rd,5,3,2,0.00026148671215446985,0.02090571222691259
30151,Eglinton Ave West at Jane St West Side,2,1,1,6.791090260728356e-05,0.004701771652963333
30152,The Queensway at Algie Ave,2,1,1,0.00011104054947148401,0.005868537566219403
30153,The Queensway at Algie Ave East Side,2,1,1,9.550441325141421e-05,0.005131524039631682
30810,Steeles Ave East at Midland Ave East Side,4,2,2,8.17730516700749e-05,0.003860553117871952
30811,Kipling Ave at Rowntree Rd North Side,2,1,1,0.00010434187337813835,0.0003014674606550404
31490,Dynamic Dr at Passmore Ave South Side,2,1,1,0.00010952887226647635,0.00517714093293634
31491,Lawrence Ave East at Centennial Rd East Side,2,1,1,9.247224968019413e-05,0.002103945129732029
31492,Morning Star Dr at Goreway Dr,2,1,1,8.954503368265469e-05,0.0009041378735446693
31493,Old Stock Yards Rd at West Toronto St,2,1,1,8.614487790831977e-05,0.0031777080674890113
31494,West Toronto St at Old Stock Yards Rd,2,1,1,4.693878818806326e-05,0.00204420722538013
31495,Morningside Ave at Passmore Ave - Amazon Fulfillment Centre,5,2,3,0.00014840711807558274,0.022188592756498326
31496,Steeles Ave East at Morningside Ave,2,1,1,4.992844822373108e-05,0.0005553909852612531
31497,Morningside Ave at Passmore Ave,2,1,1,0.000149973908088505,0.0017550112343100769
32129,Parliament St at Mill St,2,1,1,0.00010800495760197675,0.0002682748982196026
32180,Kingston Rd at Ellesmere Rd,3,2,1,0.00013929843316272248,0.006913799718100766
32181,Kingston Rd at Ellesmere Rd,2,1,1,9.862286782925936e-05,0.005185116262583298
32182,Bay St at Scollard St,2,1,1,9.045451662851678e-05,0.0046782667258459245
32183,Yonge St at Gould St,2,1,1,0.00010846154775437684,0.004279402381965121
32185,Jack Layton Way at Blue Rodeo Dr,2,1,1,6.595628983636117e-05,0.0017576714708716819
32877,Dynamic Dr at McNicoll Ave North Side,0,0,0,1.6598932385570904e-05,0.0
32892,Castlemore Ave at Hammersly Blvd,2,1,1,0.00011062853171393727,0.002504253509145045
33545,40 Rivalda Rd,2,1,1,0.00010014899943255992,0.0
33546,Bartor Rd at 2233 Sheppard Ave West,0,0,0,1.6598932385570904e-05,0.0
34744,Lower Sherbourne St at Queens Quay East,2,1,1,0.00011062853171393727,0.0003014674606550404
34797,326 Humber College Blvd,2,1,1,4.904581900534314e-05,0.0021515445555082943
34802,Midland Ave at Finch Corridor Trail South Side,2,1,1,6.875737992568525e-05,0.0031445567088816016
34803,Midland Ave at Finch Corridor Trail,2,1,1,0.00011062853171393727,0.010066992769034454
34804,Cummer Ave at Snowcrest Ave (West),2,1,1,0.00011062853171393727,0.005676396568835957
34805,Cummer Ave at Beardmore Ave,2,1,1,0.00011062853171393727,0.005776885722387637
34809,Mt Pleasant Rd at Eglinton Ave East,3,1,2,0.00011062853171393727,0.0
35455,Carlaw Ave at Langley Ave,2,1,1,0.00010657545274089976,0.014151021670800488
35458,St Clair Ave East at Marilyn Cres West Side,2,1,1,5.710130127182353e-05,0.0016572735006380264
35459,Eglinton Ave East at Mount Pleasant Rd,3,1,2,0.00013313881866562058,0.009989872828956215
35467,Opposite 35 Carl Hall Rd,2,1,1,6.303672427343215e-05,0.006277382080917201
36072,Wilson Station at Bus Bay 4,2,1,1,6.320893175121197e-05,1.7855876931802054e-05
36109,Locust Lodge Gardens at Stanley Greene Blvd,2,1,1,7.333173642450205e-05,0.02684788094751432
36110,Downsview Park Blvd at Stanley Greene Blvd,3,2,1,6.695876446475646e-05,0.026948370101066002
36111,Stanley Greene Blvd at Downsview Park Blvd,2,1,1,7.921276748325807e-05,0.02674739179396264
36112,Keele St at Whitburn Cres South Side,5,3,2,0.0001278435938846799,0.038734700315455936
36117,Scarborough Centre Station at Bus Bay 8,2,1,1,5.058606079357281e-05,0.0
36121,Kingston Rd at Highland Creek Overpass,2,1,1,0.00011981215374790862,0.0011317878916773001
36122,Eglinton Ave East at South Service Rd East Side,6,4,2,5.1157419282189166e-05,0.0
36126,Downsview Park Trail at Downsview Park Station,4,2,2,8.299569238193812e-05,0.011661969266661229
36127,Carl Hall Rd at Centennial College,2,1,1,5.4452094865047905e-05,0.006377871234468881
36128,Eglinton Ave West at Trethewey Dr/Keele St,2,1,1,0.00010527316201752889,0.017355569261041665
36777,Scarborough Centre Station at Bus Bay 6,2,1,1,5.606785569808925e-05,0.02154888997125464
36778,Scarborough Centre Station at Bus Bay 7,2,1,1,6.483872754531556e-05,0.0
36780,Milner Ave at Markham Rd East Side,2,1,1,2.949648389625918e-05,0.014504780426223428
36783,Castle Frank Station at Bus Bay 1,1,1,0,2.42706584348735e-05,0.0
36785,Church St at Richmond St East,3,2,1,0.0001068826479275808,0.006153823340196771
37368,Scarborough Centre Station at Bus Bay 5,2,1,1,7.90913942970583e-05,0.0
37421,The Queensway at Milton St,2,1,1,0.00010348515143046423,0.0010627637993652456
37422,Lawrence Ave East at Tremont Cres (East) East Side,3,1,2,0.00014987663127086743,0.006055743756456219
37424,Church St at Queen St East,2,1,1,0.00010702848793296151,0.0015489419746257723
37426,Willowdale Ave at Spring Garden Ave,2,1,1,0.00011062853171393727,0.000549234368353892
37427,O'Connor Dr at Coxwell Ave,2,1,1,6.36557746916901e-05,0.00967577485741626
38645,Cedarvale Station at Bus Bay 4,2,1,1,4.880718470365951e-05,0.007598288413924853
38651,Leslie St at Queen St East,2,1,1,7.663390021876757e-05,0.00023287962569119524
38652,Eastern Ave at Knox Ave,2,1,1,6.301646530532847e-05,0.0004338579327945555
38658,Eastern Ave at Leslie St,2,1,1,7.036996302253211e-05,0.00033336877924287537
38700,Eastern Ave at Lower Coxwell Ave,2,1,1,0.00010014687066386098,0.00010048915355168014
38701,St. Albans Rd at West Service Rd,2,0,2,1.6598932385570904e-05,0.0
38704,Eglinton Ave W at Yonge St,3,2,1,0.00020214461751535053,0.012663380556164493
38709,Eastern Ave at Coxwell Ave,2,1,1,4.482410698437866e-05,0.0006348362398979158
38713,Finch Ave West at Wilmington Ave West Side,2,1,1,0.00011062853171393727,0.009579434283283709
38714,Wilmington Ave at Maxwell St,2,1,1,0.00011062853171393727,0.00978041259038707
38715,Wilmington Ave at Artisan Dr,2,1,1,4.87743297237855e-05,0.0032167162909400256
38716,Bayview Ave at Eglinton Ave East,2,1,1,0.00010209967055083158,0.004734451904964452
39365,Leslie St at Overland Dr North Side,2,1,1,0.00010465677109985279,0.0025594605132567704
39366,Overland Dr at Papebirch Dr East,2,1,1,7.251687490665004e-05,0.0040357964557773155
39367,Eglinton Ave West at Chaplin Cres East Side,2,1,1,9.78115591604904e-05,0.014694131060091304
39368,Eglinton Ave West at Gilgorm Rd,2,1,1,0.0001139051132674494,0.023876634426213347
39371,Carlaw Ave at Lake Shore Blvd East,2,1,1,0.00010425563795505972,0.01475395659211057
39375,Dufferin St at Eglinton Ave West,4,2,2,0.0001393236996305178,0.008561125400364024
39376,Finch Ave East at Tapscott Rd East Side,3,1,2,0.00011419979602359545,0.007114031025036974
39377,Finch Ave East at Tapscott Rd West Side,3,2,1,0.00019947262435318034,0.005178957535800369
39378,Kennedy Station at Bus Bay 1,0,0,0,1.6598932385570904e-05,0.0
39379,St.Clair West Station,0,0,0,1.6598932385570904e-05,0.0
39380,St.Clair West Station,0,0,0,1.6598932385570904e-05,0.0
39381,Chaplin Cres at Eglinton Ave West North Side,2,1,1,9.523695865462951e-05,0.001526402138907456
39382,Vaughan Rd at St Clair Ave West,2,1,1,0.00010455004834578445,0.005942708216734945
40031,Cordova Ave at Central Park Roadway,2,1,1,7.845529205100776e-05,0.010783842373082794
40032,St Clair Station at Lower Platform Bus Bay 4,2,1,1,7.826268951804778e-05,0.0013830057118551374
40033,Liberty St at Atlantic Ave East Side,2,1,1,2.2369009293783027e-05,0.011333645671640144
40034,East Liberty St at Lynn Williams St East Side,2,1,1,3.557690211998288e-05,0.011233156518088464
40035,East Liberty St at Pirandello St,2,1,1,4.688579741860498e-05,0.011132667364536785
40036,Kennedy Station at Bus Bay 11,2,1,1,0.00013087930296717894,0.003325580470621068
40037,Bloor St W at Brule Terrace,2,1,1,0.00011971950189714262,0.044678265386754575
40038,Bloor St W at Brule Terrace,2,1,1,0.00012318433232391524,0.016661560785192462
40040,Yonge St at King St East,2,1,1,5.4049585514570676e-05,0.0009726250706246388
41036,Eglinton Ave W at Blackthorn Ave West Side,2,1,1,0.00010313929945912127,0.017556547568145023
41040,Kennedy Rd at Lawrence Ave East East Side,5,4,1,0.0003133998618936249,0.04301802208752754
41041,Ellesmere Rd at Midland Ave East Side,2,1,1,0.00025419514429436837,0.042817043780424176
41042,Midland Ave at Ellesmere Rd South Side,2,1,1,0.00033180406128096554,0.05122030539139687
41043,Midland Ave at Lawrence Ave East South Side,4,2,2,0.00032846078154327686,0.05112194299241771
41044,Kennedy Rd at Ellesmere Rd North Side,3,1,2,0.00010613668179434565,0.0033150786899191834
41045,Brimley Rd at Ellesmere Rd,2,1,1,0.0001022770956650983,0.00010048915355168014
41047,Kennedy Station at Bus Bay 12 (Platform B),5,3,2,0.0001205075021024637,0.01739580654947462
41048,Kennedy Station at Bus Bay 13 (Platform B),6,2,4,0.00014264413428266993,0.028267148626424706
41049,Kennedy Station at Bus Bay 14 (Platform B),6,2,4,8.094196227201772e-05,0.019987643625066942
41052,The Queensway at Glendale Ave - St Joseph's Health Centre,2,1,1,0.00011062853171393727,0.0037420836549564474
41053,Marine Parade Dr at Silver Moon Dr,3,1,2,0.00011329326985252855,0.007150591946689352
41683,Bloor St West at Royal York Rd,2,1,1,0.00010140672950616504,0.03657702900955053
41684,Bloor St West at Prince Edward Dr,2,1,1,0.00010033295671801703,0.03667751816310221
41685,Bloor St West at The Kingsway West Side,5,3,2,0.00022512164249155519,0.0491816012592206
41686,Middlefield Rd at Select Ave North Side,3,2,1,0.00011564288202139407,0.006361654615057423
41687,Middlefield Rd at Select Ave South Side,2,1,1,0.00011706869788341432,0.005859208847299022
42316,Dundas St West at Wimbleton Rd,2,1,1,8.944523188280279e-05,0.012626054515808876
42319,Kennedy Station at Bus Bay 15 (Platform B),2,1,1,7.613996579783726e-05,0.00334229193027243
42320,Kennedy Station at Bus Bay 16 (Platform B),3,2,1,0.00011477470070099955,0.0069524227279171985
42323,4425 Chesswood Dr,2,1,1,8.309892990504016e-05,0.0013007762654189707
42324,4425 Chesswood Dr,2,1,1,0.00010137792603084504,0.0008039132284134411
42325,College St at Augusta Ave,2,1,1,0.00011062853171393727,0.0033944208425392246
42328,Queen St West at Roncesvalles Ave East Side,2,1,1,0.00011376294093580217,0.0020808904874674763
42329,Keele St at Paxtonia Blvd North Side,3,2,1,0.00013550734361693156,0.02905321953581859
42330,Kennedy Station Drop-off Platform,10,4,6,0.0005921126386536448,0.04593779438687814
42331,Eglinton Ave West at Dufferin St,2,1,1,8.377469032010953e-05,0.01714153272228398
42336,Sheppard Ave East at Yonge St,1,1,0,3.132236428723632e-05,0.0
42337,Eglinton Ave West at Black Creek Dr,3,1,2,0.00013580168609133924,0.033981010587132
42339,Commissioners St at New Cherry St East Side,2,1,1,8.765101603138125e-05,0.00783596576753744
42340,Commissioners St at Cherry St West Side,2,1,1,9.444559748543113e-05,0.016024185155047603
42341,New Cherry St at Lake Shore Blvd East,3,1,2,0.00016092066364368617,0.01587146722434898
42342,New Cherry St at Lake Shore Blvd East South Side,4,2,2,0.00012834716362234303,0.008587650218803937
42343,New Cherry St at Commissioners St North Side,3,2,1,0.00017223417901532367,0.01597195637790066
42344,Commissioners St at Munition St,2,1,1,9.221297726425906e-05,0.016124674308599284
42345,Commissioners St at Don Roadway East Side,2,1,1,9.653431083800617e-05,0.007534498306882399
42346,Commissioners St at Don Roadway,2,1,1,8.452797597500842e-05,0.011645470782033054
42347,Commissioners St at Munition St,2,1,1,9.110059568250502e-05,0.00773547661398576
42348,King St West at The Queensway,2,1,1,1.811712001916827e-05,0.0008038689210265136
42349,Bathurst St at Nassau St - Toronto Western Hospital,2,1,1,0.00015471653090923612,0.0038856955637049215
42351,Black Creek Dr at Eglinton Ave West,3,1,2,0.00010804772485593046,0.0007483118332725509
42353,Dufferin St at Liberty St North Side,2,1,1,2.5324541676883025e-05,0.008017207918441438
42354,Bloor St West at Acorn Ave,2,1,1,0.0001053055249414711,0.0037526603724549693
42357,Don Mills Rd at Van Horne Ave South Side,5,3,2,0.00022415803315053664,0.04031578730416991
42358,Commissioners St at Bouchette St East Side,3,2,1,0.00017952761078553341,0.007625417064857729
42360,Eglinton Ave West at Dufferin St,2,1,1,9.442720881101444e-05,0.01795850418235174
42362,Broadview Station at Bus Bay 2,2,1,1,7.648067787371609e-05,0.005103503321788096
42363,Bathurst Street at St Clair Avenue West,2,1,1,0.0001114319579757172,0.0010835814547001277
42364,Centennial College Bus Terminal,4,2,2,4.467598436971381e-05,0.024537616370043747
42365,Cherry St at Commissioners St,2,1,1,5.567757839076659e-05,0.0005507061441631375
42366,Victoria Park Ave at Conroy Ave,2,1,1,0.00010910271293830317,0.012148583112289175
42367,Ossington Ave at Salvador Allende Ct,2,1,1,0.00010382121638609045,0.00670585955467334
42368,Davenport Rd at Bartlett Ave North,2,1,1,6.250791852593626e-05,0.007781220795889805
42369,Davenport Rd at Bartlett Ave North,2,1,1,8.632213186697641e-05,0.007656689014940822
42371,Queen St East at Wineva Ave East Side,2,1,1,9.394744526631369e-05,0.00040195661420672056
42372,Pape Ave at Lipton Ave,3,1,2,9.92349913300572e-05,0.01709595422536724
42373,300 Bay St,2,1,1,0.00011062853171393727,0.008051146875365242
42374,Park Lawn Rd at Gardiner Expressway (Eb Off ramp),2,1,1,0.00010601013584402567,0.0049106763079540625
42375,Lawrence Ave East at Elinor Ave,2,1,1,0.0001100942220935459,0.0
42376,Lawrence Ave East at Townley Ave,2,1,1,0.00011127559898330819,0.0
42377,Lawrence Ave East at Elinor Ave,2,1,1,9.920277550020342e-05,0.0
42406,Eglinton Ave East at Victoria Park Ave,2,1,1,9.945438597450606e-05,0.006123391125490247
42407,Eglinton Ave East at Leslie St,3,1,2,8.327924169395653e-05,0.01261246900936024
42408,Eglinton Ave East at Donlea Dr,2,1,1,9.345464153094144e-05,0.007818536163707382
42411,McCowan Rd at 300 Consilium Pl,9,7,2,0.00034343308084096405,0.0248186505977821
42419,Eglinton Ave East at Sinnott Rd,2,1,1,8.32591822471205e-05,0.020217261612625288
42420,Bayview Ave at Broadway Ave,2,1,1,9.659828369345871e-05,0.0015049447043811144
42421,Cummer Ave at Becky Cheung Ct,2,1,1,0.00011062853171393727,0.005073461647525876
42427,Avenue Rd at Elgin Ave,2,1,1,0.00010363713884280331,0.0026637601020842194
42433,Don Mills Station at Bus Bay 13,2,1,1,1.9554756445408465e-05,0.0005414238967115405
42434,Lake Shore Blvd West at Mimico Ave,2,1,1,0.00010250650468459415,0.00019798512002300412
42436,Orton Park Rd at Brimorton Dr North Side,2,1,1,8.882785559368304e-05,0.0003136962994470438
42437,Orton Park Rd at Brimorton Dr,2,1,1,7.524964435101707e-05,0.0045580095857637335
42438,Orton Park Rd at Botany Hill Rd North Side,2,1,1,9.210161114019575e-05,0.0002132071458953637
42439,Orton Park Rd at Slan Ave,2,1,1,6.9042396793699e-05,0.004658498739315414
42440,Opposite 350 Orton Park Rd - Henry Hudson Senior Public Scho,2,1,1,9.488487188952401e-05,0.00011271799234368354
42441,350 Orton Park Rd - Henry Hudson Senior Public School,2,1,1,6.170652540099986e-05,0.004758987892867094
42442,Orton Park Rd at Ellesmere Rd,2,1,1,9.725035693181473e-05,1.2228838792003403e-05
42443,Orton Park Rd at Ellesmere Rd South Side,2,1,1,5.3619125402204296e-05,0.004859477046418774
42444,The Queensway and Penhurst Ave,3,2,1,0.00013062671994758634,0.001401531263292216
42445,Lansdowne Ave at Paton Rd North Side,2,1,1,0.00011062853171393727,0.0017083156103785623
42454,Birchmount Rd at McNabb St South Side,2,1,1,0.00011062853171393727,0.0005024457677584007
42455,Varsity Rd at Grandpark Crt North Side,2,1,1,9.731204768090819e-05,0.0006962640011342692
42457,74 Railside Rd,2,1,1,0.0001084685111935021,0.00020097830710336028
42458,1775 Weston Rd,2,1,1,9.896493638337478e-05,0.0
42459,Rathburn Rd at Martin Grove Rd,2,1,1,7.864420030394964e-05,0.009603722436952514
42460,Davenport Rd at Bathurst St,2,1,1,0.00011062853171393727,0.010285357666578423
42461,138 Bellamy Rd North,2,1,1,5.2486861017382485e-05,0.0016078264568268822
42462,7075 Markham Rd,2,1,1,3.359305402318e-05,0.004614525733730328
42463,Birchmount Rd at Aviva Way,2,1,1,8.697112341119796e-05,0.0019092939174819227
42464,St Clair Station at Bay 1,2,1,1,2.6666823278123427e-05,0.00034493300723096557
42465,Adelaide St West at Yonge St,2,1,1,0.00010639248274136413,0.0016494311281774524
42474,Mt Pleasant Rd at Ranleigh Ave,2,1,1,0.00011062853171393727,0.0010048915355168014
42475,Mt Pleasant Rd at Roslin Ave,2,1,1,0.00011062853171393727,0.0011053806890684815
42476,Mt Pleasant Rd at Snowdon Ave,2,1,1,0.00011062853171393727,0.0012058698426201616
42477,Broadview Ave at Don Valley Dr North Side,2,1,1,0.00012868032087488249,0.007660924429320857
42478,Broadview Ave at Don Valley Dr,2,1,1,0.00018419430834480462,0.013451983284120558
42479,O'Connor Dr at Beechwood Dr East Side,3,1,2,0.00012516632255403577,0.007560435275769177
42480,O'connor Dr at Hopedale Ave,3,2,1,0.00019701080034400194,0.013552472437672238
42481,John Garland Blvd at Jamestown Cres West,2,1,1,8.164658500068691e-05,0.0038611197891210564
42482,John Garland Blvd at Jamestown Cres East,2,1,1,6.725580656249575e-05,0.003956244956729431
42483,Eglinton Ave East at Ionview Rd West Side,2,1,1,6.625682752463933e-05,0.02051872907328033
42484,Islington Ave at Rexdale Blvd,4,2,2,0.0002051957465092799,0.00882947886333148
42485,327 Kipling Avenue,1,0,1,1.6598932385570904e-05,0.0
42486,Birmingham St at Fourteenth St,2,1,1,4.239753007428151e-05,0.0
42487,Birchmount Rd at Aviva Way,2,1,1,0.00011062853171393727,0.0009044023819651212
42488,Eglinton Ave West at Heddington Ave,2,1,1,9.971029986165957e-05,0.014593641906539624
42489,Eglinton Ave West at Bicknell Ave (York Civic Ctr),3,1,2,9.328731000355373e-05,0.04757436960650707
42490,Huntingwood Dr at Kimberdale Cres,2,1,1,9.304919457935569e-05,0.0016355806039982986
42491,Huntingwood Dr at Kimberdale Cres West Side,2,1,1,0.00011062853171393727,0.0006283673614064937
42492,Huntingwood Dr at Harfleur Rd West Side,2,1,1,0.00010253682357639905,0.0009298348220615342
42499,Richmond St West at York St,2,1,1,9.337072998358479e-05,0.0
42502,Warden Station at Temporary Bus Bay 1,2,1,1,8.280346515811678e-05,0.01045802177700838
42504,Warden Station at Temporary Bus Bay 4,3,2,1,7.848188004693009e-05,0.007229170464442688
42505,Warden Station at Temporary Bus Bay 5,2,1,1,0.0001202037223401883,0.0
42506,Warden Station at Temporary Bus Bay 6,0,0,0,1.6598932385570904e-05,0.0
42507,Warden Station at Temporary Bus Bay 7,4,2,2,0.00012027212082086597,0.02264412306819793
42508,Warden Station at Temporary Bus Bay 8,5,3,2,0.00012158640245980281,0.01073491776548986
42509,Bushby Dr at McCowan Rd East Side,4,2,2,7.915594762941279e-05,0.018812861521198647
42510,McCowan Rd at Town Centre Crt South Side,7,5,2,0.00021062358706298224,0.006289582109605504
42511,McCowan Rd at Bushby Dr,2,1,1,2.488791187823022e-05,0.004574649085495534
42512,Sheppard Ave East at Kenneth Ave,3,2,1,0.00020125139719117015,0.009915269899353972
42513,Eglinton Ave West at Wincott Dr,2,1,1,0.00010058187295340827,0.00226010873032752
42522,York Mills Station at Bus Bay 4,1,1,0,1.941229991387774e-05,0.0
42523,Eglinton Ave East at Pharmacy Ave,2,1,1,0.00010417416481579145,0.005922412818386887
42524,Eglinton Ave East at Eglinton Sq,2,1,1,0.00010263317550955408,0.006022901971938567
42525,Dufferin St at Brandon Ave,2,1,1,9.860142739180622e-05,0.0
42526,Warden Station at Temporary Bus Bay 3,4,2,2,0.00012822204980939797,0.013706976800942744
42527,Huddersfield Rd at Claireville Dr,2,1,1,0.00010251450377299858,0.005331773713313484
42528,Fenmar Dr at Kenhar Dr,2,1,1,4.461829900108437e-05,0.0018425669927690344
42529,Opposite 272 Attwell Dr,2,1,1,0.00011845172601727242,0.0029774125012003547
42530,Gulliver Rd at Comay Rd,2,1,1,0.00011062853171393727,0.0048293279455550835
42531,Gulliver Rd at Comay Rd,2,1,1,8.569694262413704e-05,0.003300191407911527
42532,Lawrence Ave East at Bathgate Dr West Side,2,1,1,0.00010372776999762376,0.0038406351906989937
42533,York Mills Rd at Scarsdale Rd West Side,3,2,1,0.0002196287172349195,0.004728307103360273
42534,Milner Ave at Scunthorpe Rd,2,1,1,8.76423253931383e-05,0.0019092939174819227
42535,Pape Ave at Dingwall Ave,2,1,1,0.00010044591724034041,0.01953037929271447
42536,Bartor Rd at 2233 Sheppard Ave West,2,1,1,6.917337168531269e-05,0.002310187154402382
42543,Martin Grove Rd at Finch Ave West,2,1,1,9.60438122734197e-05,0.0009407565929391748
42544,Alness St at York Univeristy Busway,2,1,1,9.561504420487903e-05,0.0008988196512122502
42545,Alness St at York Univeristy Busway,2,1,1,9.502340774052582e-05,0.0012058698426201616
42546,Alness St at Martin Ross Ave,2,1,1,9.212710918406257e-05,0.0013063589961718417
42547,Alness St at Supertest Rd,2,1,1,0.00011062853171393727,0.0002958847299021693
42548,Alness St at Supertest Rd,2,1,1,7.12156305534966e-05,0.0018088047639302424
42549,Steeles Ave West at Alness St,5,2,3,0.0002354490292295265,0.03247802394652008
42550,Wynford Dr at Eglinton Ave East Access Ramp,2,1,1,0.00010281187772314689,0.005726818375159507
42551,Carlingview Dr at Worcester Rd,2,1,1,0.00013099432602475393,0.0014385871746408528
42552,335 Champagne Dr,2,1,1,9.041177051219852e-05,0.0010997979583156105
42553,335 Champagne Dr,2,1,1,9.93375186678297e-05,0.0010048915355168014
42554,Steeles Ave E at Fenton Rd West Side,2,1,1,0.00010566997449573004,0.0
42555,Aberfoyle Cres at Islington Ave (Islington Station),5,3,2,0.00020600600198560814,0.013153015674666741
42556,Carlaw Ave at Gerrard St East South Side,2,1,1,2.645646088318002e-05,0.006146475790443783
42562,340 Chaplin Cres,2,1,1,0.00011670517836237263,0.018757817155606985
42563,Eglinton Ave West at Harvie Ave,2,1,1,7.432187341269657e-05,0.01734251102938734
42564,Oriole Pkwy at Frobisher Ave,2,1,1,0.00011062853171393727,5.1042109740535944e-05
42565,Eglinton Ave West at Richardson Ave,2,1,1,6.765288636577128e-05,0.02337186024248815
42566,Trethewey Dr at Clearview Hts,2,1,1,7.84263651299091e-05,0.0006029349213100808
42567,Bathurst St at Niagara St,2,1,1,5.509228888913443e-05,0.004388141331463323
42568,Eglinton Ave West at Mt Dennis Station,12,10,2,0.0005712791800633831,0.05601631936533109
42569,Finch Ave West at Albion Rd,2,1,1,0.00011873338921687804,0.006369677459553483
42570,Finch Ave West and Islington Ave,2,1,1,7.657141445969123e-05,0.005870697752729336
42571,Finch Ave West at York Gate Blvd,2,1,1,8.526520315884647e-05,0.0058786370035040815
42572,Downsview Park Blvd at Keele St,2,1,1,7.02326983341218e-05,0.0005896427052318162
42573,258 Toryork Dr,2,1,1,8.142535492059271e-05,0.0013401212250106337
42574,Finch Ave West at Westmore Dr,2,1,1,0.00010010616977654464,0.0007397782858358146
42575,Finch Ave West at Jane St,2,1,1,8.072394284752314e-05,0.005979126157055761
42576,Finch Ave West at Islington Ave,2,1,1,0.00012624114372686662,0.006771634073760203
42577,Finch Ave West at Signet Dr,2,1,1,9.203293217234615e-05,0.005677658696400721
42578,Finch Ave West at Arrow Rd,2,1,1,0.000154055453387617,0.004621450978307103
42579,Commissioners St at Carlaw Ave,2,1,1,9.651280875890985e-05,0.00020523181624840494
42580,1410 Military Trail,2,1,1,0.00010163588803270196,0.00020204168438962144
42581,Lake Shore Blvd East at Northern Dancer Blvd,2,1,1,3.775559223445333e-05,0.004728307103360273
42582,Lake Shore Blvd East at Northern Dancer Blvd,2,1,1,4.752641237231279e-05,0.001999149298170991
42583,Commissioners St at Carlaw Ave,2,1,1,7.778233657250937e-05,0.0014190769885155253
42584,Pharmacy Ave at Sheppard Ave East,3,1,2,0.00011062853171393727,0.0
42585,O'Connor Dr at Curity Ave West Side,3,2,1,0.00021067340408656375,0.008584826337351859
42586,O'Connor Dr at Yardley Ave,2,1,1,9.220007768924023e-05,0.006192206604185549
42587,Chisholm Ave at Orley Ave,2,1,1,0.00010782720865754622,0.005636918297568021
42588,Midland Ave at Brockley Dr,2,1,1,9.340584660572413e-05,0.0027998723947256486
42589,York Mills Rd at Valley Woods Rd,5,2,3,0.0001633970469323435,0.1234307766913274
42590,Parkwoods Village Dr at York Mills Rd,4,2,2,0.00011901219642146822,0.11250990254413258
42591,20 Scholfield Ave (Rosedale Park),2,1,1,0.00011062853171393727,9.57039557635049e-06
42592,Highview Ave at Pinegrove Ave,2,1,1,8.622564322571932e-05,0.0018761791482004913
42593,Ingram Dr at Kincort St,3,2,1,0.0001625250956844579,0.010432044853535553
42595,Victoria Park Ave at Sunrise Ave,2,1,1,0.00010721710941954778,0.0005976180348787751
42596,Pape Ave at Hopedale Ave,2,1,1,0.00020841708402973645,0.02268096741600178
42597,Pape Ave at Donlands Ave,3,2,1,0.00019465401398597955,0.013144594494399666
42598,Finch Ave East at Finchdene Sq,3,1,2,9.74233900303916e-05,0.005543156928907672
42599,Finch Ave East at Finchdene Sq,4,2,2,0.00011935591344729374,0.0018866292121555838
42601,York Mills Rd at Birchwood Ave West Side,2,1,1,0.0001558343591636035,0.005024457677584007
42602,Birchmount Rd at Hollis Ave,2,1,1,0.00015090175387204188,0.0003264568268821778
42603,Finch Ave West at Sentinel Rd,2,1,1,8.343638674205905e-05,0.004063643130582731
42616,Huntingwood Dr at Colinayre Cres,2,1,1,9.961824882308954e-05,0.001334113143343258
42617,McRae Dr at Rumsey Rd,2,1,1,8.059436736148652e-05,0.007840365548601411
42621,Lansdowne Ave at St. Clair Ave West South Side,2,1,1,0.00011119746906617127,0.004622501063377286
42622,York St at Adelaide St West,2,1,1,0.00010564343029621941,0.0017499202817291325
42625,Flemington Rd at Blossomfield Dr,2,1,1,8.070113191579052e-05,0.0003014674606550404
42627,2661 Kingston Rd,3,1,2,0.00013585544568436224,0.006244093454987759
42628,Sentinel Rd at Dovehouse Ave,2,1,1,9.044541865289206e-05,0.0037673959565176066
42629,Sentinel Rd at Dovehouse Ave,2,1,1,0.00015671758323518135,0.0005945544955540702
42630,Sentinel Rd at Stilecroft Dr North,3,2,1,0.0001643443434912731,0.0006950436491057504
42631,Dufferin St and Millicent St,2,1,1,8.655277348176629e-05,0.0
42632,Sheppard Ave East at Palmdale Dr,3,2,1,0.00010579725300467171,0.016910050365415107
42819,Duncan Shops,0,0,0,1.6598932385570904e-05,0.0
42822,Eastern Ave at Connaught Ave,2,1,1,9.830143507590097e-05,0.00020097830710336028
42823,Eastern Ave at Connaught Ave,2,1,1,5.4663796813868605e-05,0.0005343470863462356
42824,Commissioners St at Carlaw Ave East Side,2,1,1,2.4520996720605657e-05,0.01274636173057058
42825,St Clair West Station at Bus Bay 1,0,0,0,1.6598932385570904e-05,0.0
42826,Sheppard Ave W at Gorman Park Rd,2,1,1,0.00014328040232006002,0.0003014674606550404
42827,Lawrence Ave East at Danielle Moore Cir West Side,2,1,1,0.00012558111689022608,0.0
42828,450 Evans Ave,2,1,1,9.91894085372739e-05,0.0051597844603707595
42876,Emmett Ave at Eglinton Ave West North Side,2,1,1,6.702500420744207e-05,0.0012689391925421807
42877,Roselawn Ave at Marlee Ave West Side,2,1,1,7.000821381957463e-05,0.004878656797973047
42878,Roselawn Ave at Times Rd,2,1,1,7.743352076901319e-05,0.004778167644421367
42879,Roselawn Ave at Beograd Gardens,2,1,1,9.955935549331007e-05,0.003862250865892933
42880,Castlefield Ave at Dufferin St,2,1,1,9.85666485728422e-05,0.003962740019444614
42881,Castlefield Ave at Fairbank Ave,2,1,1,8.81372512381731e-05,0.004577189337318007
42882,Castlefield Ave at Ronald Ave West Side,2,1,1,9.151098096428926e-05,0.004476700183766326
42883,Castlefield Ave at Ronald Ave,2,1,1,9.399123823792028e-05,0.004163718326547974
42884,Castlefield Ave at Caledonia Rd,2,1,1,9.437957994116162e-05,0.004376211030214646
42885,Castlefield Ave at Caledonia Rd,2,1,1,9.129474148561334e-05,0.0042642074800996535
42886,Castlefield Ave at Kincort St,2,1,1,9.681660314096247e-05,0.004275721876662966
42887,Kincort St at Castlefield Ave,2,1,1,8.795636751421837e-05,0.004364696633651334
42888,Ingram Dr at Keele St East Side,2,1,1,5.399120603694185e-05,0.006308616141054465
42889,Black Creek Dr at Weston Rd,4,3,1,0.0001407458266566227,0.01449135989096436
42890,Avenue Rd at College View Ave,2,1,1,9.842460272066529e-05,0.0015005595390006276
42891,Laird Dr at Wicksteed Ave North Side,3,2,1,0.00017232511657694975,0.010451665071600738
42892,Gateway Blvd (North) at Grenoble Dr (North),2,1,1,8.218857051923276e-05,0.00029987239472564867
42893,Gateway Blvd (North) at Grenoble Dr (North),2,1,1,6.150887275982335e-05,0.0
42894,The East Mall and Cantle Path North Side,2,1,1,9.34912842631579e-05,0.0034481508141652756
42895,Islington Ave at Central Park Roadway,3,1,2,0.00011000245182485075,0.0038649109757974576
42896,Mt Pleasant at Moore Ave South Side,2,1,1,9.035138267236473e-05,0.0010659559761803487
42897,Donlands Ave at Milverton Blvd,3,2,1,0.00010578071681956067,0.002357684673188714
42898,Donlands Ave at Milverton Blvd,3,1,2,9.719757829716204e-05,0.003681361528022524
42899,The East Mall at Cantle Path,2,1,1,0.00013761325978205142,0.011888677744234546
42900,La Rose Ave at Griggsden Ave,2,1,1,8.33510911529413e-05,0.001332479503924071
42901,La Rose Ave at Timothy Crt,2,1,1,7.837934657203851e-05,0.001432968657475751
42902,La Rose Ave at Arcade Dr,2,1,1,7.079920592823274e-05,0.0015334578110274312
42903,La Rose Ave at Scarlett Rd,2,1,1,6.372726892693052e-05,0.0016339469645791113
42904,106 Emmett Ave,2,1,1,5.653329671436891e-05,0.000941539677842916
42905,Emmett Ave at Verona Ave,2,1,1,4.694117821890009e-05,0.0010420288313945961
42906,Emmett Ave at Jane St,2,1,1,3.54959704304628e-05,0.0011425179849462765
42907,Keelesdale Station at Bus Bay 2,3,1,2,0.0001069397635539064,0.01544440335169315
42908,Keelesdale Station at Bus Bay 1,2,1,1,5.235978826316457e-05,0.023901041903363875
42909,Castlefield Ave at Dufferin St,2,1,1,8.228712852557807e-05,0.004677678490869686
42910,1196 Castlefield Ave,2,1,1,9.642996229119105e-05,0.004063229172996293
42911,Eglinton Ave East at Mt Pleasant Rd West Side,2,1,1,9.813346032449898e-05,0.0003854995847764882
42912,Laird Dr at Parklea Dr South Side,4,2,2,0.00018402298814872942,0.013692394235567364
42914,Danforth Ave at Pharmacy Ave East Side,2,1,1,0.00014369948968012564,0.011280534732090468
42915,Danforth Ave at Byng Ave,2,1,1,0.00019128304864136312,0.005496924746408408
42916,Keelesdale Rd at Eglinton Ave West,15,6,9,0.0007399688402304178,0.06610524743895252
42917,Keelesdale Rd at Eglinton Ave West,5,3,2,0.00016712073757539368,0.03709581819620167
42918,Wynford Dr at Don Mills Rd,4,2,2,0.00017302770061623736,0.0045382422235357165
42919,40 Nugget Ave,2,1,1,0.00010827406222065232,0.006527793682993598
42920,55 Nugget Ave,2,1,1,5.6507373924048286e-05,0.007887618743796964
42921,Culford Rd at Maple Leaf Dr South Side,2,1,1,0.0001374673087217911,0.005733730327520205
42922,1 Front St West - Union Station,4,2,2,0.00020070516787942385,0.004552672621579471
42923,Eglinton Ave West at Russell Rd,2,1,1,9.867673236058609e-05,0.0024610870374308807
42924,Vaughan Rd at Oakwood Ave,2,1,1,0.00010582894353466379,0.0077753064348515056
42925,Vaughan Rd at Glenora Ave,2,1,1,0.00010519360096531978,0.007875795588403185
42956,University Ave at Richmond St W,0,0,0,1.6598932385570904e-05,0.0
42957,University Ave at King St West,0,0,0,1.6598932385570904e-05,0.0
42958,Spadina Rd at Spadina Station,0,0,0,1.6598932385570904e-05,0.0
42959,2425 Kennedy Rd,2,1,1,9.89465347832661e-05,0.0016078264568268822
42960,Kennedy Rd at Bonis Ave,2,1,1,0.00011062853171393727,0.00523660144619311
42961,Lawson Rd at Roydawn Ct,2,1,1,9.711538209225017e-05,0.0005024457677584007
42962,Lawson Rd at Satchell Blvd West Side,2,1,1,9.992542814679103e-05,0.0008049766056997023
42963,Opposite 2423 Kennedy Rd,2,1,1,0.00011062853171393727,0.0053370905997447895
42964,Steeles Ave West at Alness St West Side,3,2,1,0.00018237319625254267,0.0009006805614632071
42965,Danforth Rd at Cotton Ave,3,1,2,9.524100514403695e-05,0.0017317537960881222
42966,The Bridle Path at Park Lane Circle,2,1,1,7.782399851010539e-05,0.0029162615705576153
42967,Prince Edward Dr South at Kingslea Gardens,2,1,1,0.00015404220000430607,0.023203955763504893
42968,Lawrence Ave East at The Bridle Path,2,1,1,7.201912911415214e-05,0.0030167507241092954
42969,Woodbine Ave at Eastwood Rd South Side,2,1,1,0.00011374229654647827,0.005330710336027222
42970,Danforth Rd at Falmouth Ave,2,1,1,0.00011709131748789082,0.0037278465251721423
42971,Keele St at Denbigh Cres South Side,2,1,1,5.4583970266883645e-05,0.0006374946831135687
42972,Downsview Park Blvd at George Butchart Dr,3,1,2,8.457480678248231e-05,0.02664690264041096
42973,Millwick Dr at Plunkett Rd,2,1,1,2.3542194207432094e-05,0.004815167032032197
42974,Millwick Dr at Milvan Dr,2,1,1,3.660822276167911e-05,0.004714677878480516
42975,Millwick Dr at Milvan Dr West Side,2,1,1,7.66417222357673e-05,0.002628308384178852
42976,243 Toryork Dr,2,1,1,4.768669550301738e-05,0.0046141887249288365
42977,157 Toryork Dr,2,1,1,7.214583440201346e-05,0.004312721264273796
42978,143 Toryork Dr,2,1,1,7.793312849953705e-05,0.004212232110722115
42979,Conlins Rd at Canmore Blvd,2,1,1,5.100676584563922e-05,0.0009942577626541897
42980,113 Toryork Dr,2,1,1,8.278016880051406e-05,0.004111742957170436
42981,61 Toryork Dr,2,1,1,8.688330260225356e-05,0.004011253803618755
42982,Toryork Dr at Weston Rd,2,1,1,9.05793723157763e-05,0.003910764650067075
42983,97 Milvan Dr,2,1,1,6.358557102470474e-05,0.0028292866912822123
42984,55 Milvan Dr,2,1,1,5.364256757554652e-05,0.0029297758448338924
42985,Milvan Dr at Penn Drive S North Side,2,1,1,4.21784229801457e-05,0.0030302649983855734
42986,135 Milvan Dr,2,1,1,7.063996522761851e-05,0.0027287975377305322
42987,Sheppard Ave West at John Drury Dr,2,1,1,7.01193107324671e-05,0.006176892927365521
42988,Sheppard Ave West at Chesswood Dr,2,1,1,4.929029998148286e-05,0.0050831197250889885
42990,Vanderhoof Ave at Brian Peck Cres,2,1,1,7.714678613216972e-05,0.0015909344094159057
42991,Mount Dennis Station at Bus Bay 3,2,1,1,8.154891447814054e-05,0.004000724199411033
42992,Mount Dennis Station at Bus Bay 5,2,1,1,7.63882014593159e-05,0.00148722506335584
42993,Mount Dennis Station at Bus Bay 6,3,1,2,9.690072842729336e-05,0.01639949331599547
42994,Mount Dennis Station at Bus Bay 7,2,1,1,4.375983398791821e-05,0.012398769116584444
42995,Mount Dennis Station at Bus Bay 8,2,1,1,8.745345830473778e-05,0.012398769116584444
42996,Mount Dennis Station at Bus Bay 9,2,1,1,8.981527583537668e-05,0.004000724199411033
42997,Mount Dennis Station at Bus Bay 10,2,1,1,6.687627228849283e-05,0.00148722506335584
42998,Mount Dennis Station at Bus Bay 13,2,1,1,8.391073200877944e-05,0.004000724199411033
42999,Birchmount Rd at Laura Secord Walk,2,1,1,0.00011062853171393727,0.015015418970650788
43000,Birchmount Rd at Burcana Rd South Side,2,1,1,0.00011062853171393727,0.0017239472564866013
43001,4325 McCowan Rd,2,1,1,0.0001595991412618226,0.010690131858783496
43004,Royal York Rd at Algoma St,3,2,1,0.00018912491434609974,0.0019377634275550056
43005,Dundas St West at Cordova Ave East Side,2,1,1,7.112123213254735e-05,0.003016021179302762
43007,Davenport Rd at Christie St,2,1,1,0.00011062853171393727,0.010084379359475064
43008,Davenport Rd at Dovercourt Rd,2,1,1,9.129736285375323e-05,0.007556199861389142
43009,Don Mills Rd at Walkway to O'Shea Crescent,2,1,1,0.00013932183237945104,0.0
43010,Jane St at York Gate Blvd,3,2,1,0.00016854106128264316,0.004834113143343258
43011,Danforth Rd at Hart Ave,2,1,1,9.477815823439128e-05,0.006701979232072811
43012,255 Morningside Ave,4,2,2,0.00014861641932894623,0.010665019936819174
43013,Sheppard Ave East at Allanford Rd,2,1,1,0.00013540979678378946,0.030586797074523334
43014,Sheppard Ave East at Allanford Rd,2,1,1,0.000152320874432492,0.04606586691711818
43015,Opposite 3526 Sheppard Ave East,2,1,1,0.00011077302151179621,0.0
43016,3530 Sheppard Ave East,2,1,1,8.73390641899039e-05,0.00010048915355168014
43017,Harbord St at Clinton St,2,1,1,6.665209402764016e-05,0.003630939721698973
43018,Harbord St at Palmerston Blvd,2,1,1,7.325221810797571e-05,0.0035304505681472923
43019,Harbord St at Clinton St,2,1,1,0.00010303797257184464,0.0029769984375471402
43020,Harbord St at Palmerston Blvd,2,1,1,0.00010169556762271202,0.0030774875910988203
43021,Danforth Rd at Pilkington Dr,2,1,1,0.00010880428059618699,0.011062126704937648
43022,Danforth Rd at Seminoff St,2,1,1,0.00011096000894565236,0.010961637551385968
43025,Steeles Ave E at McCowan Rd West Side,3,1,2,0.000110658195109178,0.006995633109387895
43026,Kingston Rd at Port Union Rd,3,2,1,2.6992753403993735e-05,0.0038887488427953062
43027,Kingston Rd at Sheppard Ave East West Side,2,1,1,2.2228014871215605e-05,0.002723592797391181
43028,Kingston Rd at Rylander Blvd,2,1,1,3.542471010151271e-05,0.0026231036438395007
43029,Port Union Rd at Tilley Dr,4,1,3,0.00011554953066421627,0.004290510504499545
43030,Port Union Rd at Conference Blvd,2,1,1,0.00011635805135595736,0.004390999658051226
43031,Lawrence Ave East at Port Union Rd,4,2,2,0.00022053876437880138,0.010643374533990543
43032,215 Toryork Dr,2,1,1,5.7137714640986184e-05,0.004513699571377156
43033,Toryork Dr at Ormont Dr,2,1,1,6.516598963869694e-05,0.0044132104178254755
43034,Millwick Dr at Plunkett Rd,2,1,1,8.173560699846943e-05,0.0025278192306271716
43035,McNicoll Ave at Bedle Ave,2,1,1,0.00011025113506552155,0.006580798950801077
43036,Hillcrest Gate,0,0,0,1.6598932385570904e-05,0.0
43037,Islington Ave at Steeles Ave West,3,2,1,2.2343868109890254e-05,0.0041882532255777686
43059,2231 Lawrence Ave East,2,1,1,0.000107955697874513,0.0
43060,Harbord St at Montrose Ave,2,1,1,0.00010417933891555871,0.00287650928399546
43061,Harbord St at Montrose Ave,2,1,1,5.909381070188065e-05,0.003731428875250653
43062,1700 Wilson Ave,2,1,1,0.00011499429232916542,0.00427817688499939
43063,109 Industry St,2,1,1,8.510230271101846e-05,0.0010907060825180775
43064,The Queensway at Taymall Ave,3,2,1,0.00011647337844625875,0.0018330207648582808
43065,The Queensway at Taymall Ave,2,1,1,0.00010507697902737453,0.004428099964769921
43066,Yonge St at Gerrard St West South Side,2,1,1,0.000107986755175027,0.004379891535516802
43067,Coxwell Ave at Earl Haig Ave,2,1,1,0.00010033667715687346,0.012916376654679505
43068,Black Creek Dr at Photography Dr,2,1,1,5.254660939400035e-05,0.0008371171841769464
43069,Black Creek Dr at Photography Dr,2,1,1,8.731442948487639e-05,0.0
43071,Annette St at Pacific Ave,2,1,1,0.00011062853171393727,0.0023548898995517454
43075,Campus Rd at Elmbank Rd,2,1,1,7.674029182570359e-05,0.00020097830710336028
43076,American Dr at Viscount Rd,2,1,1,8.581872432106692e-05,0.0
43077,Toronto Pearson Airport - Viscount Station,2,1,1,8.154819504510696e-05,0.00010048915355168014
43081,The Donway West at Sanderling Pl South Side,2,1,1,5.934797327311713e-05,0.004568078932976849
43082,Don Mills Rd at Eglinton Ave East,3,2,1,2.7858151210938048e-05,0.0057594149744697384
43083,The Donway West at Overland Dr,2,1,1,6.658284094918066e-05,0.004467589779425169
43084,Overland Dr at Papebirch Dr East,2,1,1,7.275226205591612e-05,0.004389580215594591
43085,Barber Greene Rd at Overland Dr,2,1,1,7.846120204377743e-05,0.009005552348544693
43086,Barber Greene Rd at Southill Dr,2,1,1,8.788979451659928e-05,0.008804574041441334
43087,Barber Greene Rd at Don Mills Rd,2,1,1,9.130428297424582e-05,0.008704084887889652
43088,Barber Greene Rd at Opposite Broadpath Rd,2,1,1,8.387262293122887e-05,0.008905063194993013
43089,Sheppard Ave West at Weston Rd,2,1,1,1.9737121055735488e-05,0.00043172484859532923
43090,Keelesdale Station at Bus Bay 4,2,1,1,7.061776043486086e-05,0.000703424074861761
43091,Mount Dennis Station at Bus Bay 2,2,1,1,8.272982324346e-05,0.004020828341116616
43092,Mount Dennis Station at Bus Bay 4,2,1,1,2.12669310301519e-05,0.00490005461892425
43093,Mount Dennis Station at Bus Bay 11,2,1,1,9.690072842729336e-05,0.004000724199411033
43094,Mount Dennis Station at Bus Bay 12,2,1,1,2.0150643343932918e-05,0.0022652368759782378
43095,Mount Dennis Station at Bus Bay 15,2,1,1,0.00011107163361112675,0.004000724199411033
43096,Caledonia Station at Bus Bay 1,2,1,1,0.0001179812968261262,0.0031388239047213952
43097,Caledonia Station at Bus Bay 3,2,1,1,0.00011062853171393727,0.0
43098,Don Valley Station at Bus Bay 2,2,1,1,9.91528089346219e-05,0.0003014674606550404
43099,Don Valley Station at Bus Bay 3,4,2,2,0.00012639280425817722,0.020200775666239065
43100,Don Valley Station at Bus Bay 4,2,1,1,5.8258993257404646e-05,0.00035968736707783924
43101,Chaplin Cres at Warren Rd,2,1,1,7.39184074514275e-05,0.010122923515989037
43102,Chaplin Cres at Warren Rd,2,1,1,8.93203380405031e-05,0.0017273804460108163
43103,Eglinton Ave West at Weston Rd East Side,4,2,2,0.00010625443359171425,0.05067264325658351
43104,Don Valley Station at Temporary Bus Bay 5,2,1,1,6.343533091205274e-05,0.00023354423649510846
43105,Kingston Rd at Columbine Ave,2,1,1,8.397058048405847e-05,0.0026408974904296046
43106,Steeles Ave East at Midland Ave West Side,2,1,1,0.00011062853171393727,0.009464057847724373
43107,Warden Ave at Calvert Rd,2,1,1,0.00010360047562887645,0.007133134836239898
43108,McCowan Rd at 16th Ave North Side,2,1,1,0.00011062853171393727,0.00604361663699185
43109,Queen St West at Dufferin St,2,1,1,0.00011210907976084191,0.004445507729818208
43110,Linkwood Lane at Windy Golfway (South),2,1,1,3.753518560774331e-05,0.002561941726924713
43111,Spanbridge Rd at Grenoble Dr,2,1,1,5.7809255424547746e-05,0.002360963419821353
43140,Lawrence Ave West at Jane St West Side,2,1,1,5.3713229974089406e-05,0.007064962204633313
43141,Lawrence Ave West at Weston Rd East Side,2,1,1,6.0084547367933886e-05,0.01783208867553827
43142,The Donway West at Don Mills Rd West Side,2,1,1,0.000110531615851856,0.0002817949808592089
43143,Wicksteed Ave at Copeland St,2,1,1,6.682867619003073e-05,0.001791912716519266
43144,Wicksteed Ave at Leslie St,2,1,1,7.1839769093559e-05,0.0016914235629675856
43145,Kingston Rd at Cliffside Dr East Side,3,2,1,0.00016233673706371913,0.00674653922274616
43166,Linkwood Lane at 5 Shady Golfway,2,1,1,2.4632025971378413e-05,0.002662430880476393
43167,Linkwood Lane at Spanbridge Rd,2,1,1,4.850229340783679e-05,0.002461452573373033
43168,Kennedy Rd at Wickware Gt,2,1,1,0.00010699945781792014,0.0038175244576775843
43169,Midland Ave at Pitfield Rd,2,1,1,0.00011062853171393727,0.0018381977127097599
43170,Bermondsey Rd at Hollinger Rd,2,1,1,0.00010226811755623949,0.0031026336310789734
43171,McCowan Rd at Lawrence Ave East (Scarborough General Hospita,2,1,1,0.00010548711910275031,0.0010011697150148872
43172,Lawrence Ave E at Valparaiso Ave Scarborough General Hospita,4,2,2,0.00012103390800560689,0.010423780984127648
43173,Pape Ave at Withrow Ave,2,1,1,0.00010881546630793482,0.014050532517248809
43174,Fort York Blvd at Fleet St,2,1,1,2.017684034155336e-05,0.004689608792118363
43175,Neilson Rd at Crow Trail,2,1,1,0.00010659497333206903,0.0015072994026524443
43176,Guildwood Pkwy at Prince Philip Blvd,0,0,0,1.6598932385570904e-05,0.0
43177,Lawrence Ave East at Don Mills Rd,0,0,0,1.6598932385570904e-05,0.0
43178,Lawrence Ave East at Don Mills Rd,0,0,0,1.6598932385570904e-05,0.0
43179,St Dennis Dr at Don Mills Rd East Side,0,0,0,1.6598932385570904e-05,0.0
43180,25 St Dennis Dr,0,0,0,1.6598932385570904e-05,0.0
43181,St Dennis Dr at Deauville Lane,0,0,0,1.6598932385570904e-05,0.0
43182,Opposite 25 St Dennis Dr,0,0,0,1.6598932385570904e-05,0.0
43183,St Dennis Dr at Don Mills Rd,0,0,0,1.6598932385570904e-05,0.0
